sensor_id,zone,type,reading,unit,state,assessment,timestamp
KAGGLE-00001-T,Kaggle- rice       -1,TEMPERATURE,20.9,C,NORMAL,OPTIMAL — ideal temperature,2026-05-20
KAGGLE-00001-P,Kaggle- rice       -1,PH,6.5,pH,NORMAL,OPTIMAL — ideal for crops,2026-05-20
KAGGLE-00001-M,Kaggle- rice       -1,MOISTURE,0.294,VWC,WARNING,DRY — schedule irrigation within 24hrs,2026-05-20
KAGGLE-00003-M,Kaggle- rice       -3,MOISTURE,0.294,VWC,WARNING,DRY — schedule irrigation within 24hrs,2026-05-20
KAGGLE-00003-T,Kaggle- rice       -3,TEMPERATURE,23.0,C,NORMAL,OPTIMAL — ideal temperature,2026-05-20
KAGGLE-00002-P,Kaggle- rice       -2,PH,7.04,pH,WARNING,ALKALINE — nutrient availability reduced,2026-05-20
KAGGLE-00002-T,Kaggle- rice       -2,TEMPERATURE,21.8,C,NORMAL,OPTIMAL — ideal temperature,2026-05-20
KAGGLE-00002-M,Kaggle- rice       -2,MOISTURE,0.129,VWC,ALERT,CRITICAL DRY — irrigate immediately,2026-05-20
KAGGLE-00004-M,Kaggle- rice       -4,MOISTURE,0.262,VWC,WARNING,DRY — schedule irrigation within 24hrs,2026-05-20
KAGGLE-00003-P,Kaggle- rice       -3,PH,7.84,pH,ALERT,HIGHLY ALKALINE — soil amendment required,2026-05-20
KAGGLE-00004-P,Kaggle- rice       -4,PH,6.98,pH,WARNING,ALKALINE — nutrient availability reduced,2026-05-20
KAGGLE-00004-T,Kaggle- rice       -4,TEMPERATURE,26.5,C,NORMAL,OPTIMAL — ideal temperature,2026-05-20
KAGGLE-00005-T,Kaggle- rice       -5,TEMPERATURE,20.1,C,NORMAL,OPTIMAL — ideal temperature,2026-05-20
KAGGLE-00005-M,Kaggle- rice       -5,MOISTURE,0.282,VWC,WARNING,DRY — schedule irrigation within 24hrs,2026-05-20
KAGGLE-00006-T,Kaggle- rice       -6,TEMPERATURE,23.1,C,NORMAL,OPTIMAL — ideal temperature,2026-05-20
KAGGLE-00006-M,Kaggle- rice       -6,MOISTURE,0.236,VWC,WARNING,DRY — schedule irrigation within 24hrs,2026-05-20
KAGGLE-00005-P,Kaggle- rice       -5,PH,7.63,pH,ALERT,HIGHLY ALKALINE — soil amendment required,2026-05-20
KAGGLE-00007-M,Kaggle- rice       -7,MOISTURE,0.153,VWC,ALERT,CRITICAL DRY — irrigate immediately,2026-05-20
KAGGLE-00006-P,Kaggle- rice       -6,PH,7.07,pH,WARNING,ALKALINE — nutrient availability reduced,2026-05-20
KAGGLE-00007-P,Kaggle- rice       -7,PH,5.7,pH,NORMAL,OPTIMAL — ideal for crops,2026-05-20
KAGGLE-00007-T,Kaggle- rice       -7,TEMPERATURE,22.7,C,NORMAL,OPTIMAL — ideal temperature,2026-05-20
KAGGLE-00008-M,Kaggle- rice       -8,MOISTURE,0.208,VWC,WARNING,DRY — schedule irrigation within 24hrs,2026-05-20
KAGGLE-00008-T,Kaggle- rice       -8,TEMPERATURE,20.3,C,NORMAL,OPTIMAL — ideal temperature,2026-05-20
KAGGLE-00009-M,Kaggle- rice       -9,MOISTURE,0.266,VWC,WARNING,DRY — schedule irrigation within 24hrs,2026-05-20
KAGGLE-00008-P,Kaggle- rice       -8,PH,5.72,pH,NORMAL,OPTIMAL — ideal for crops,2026-05-20
KAGGLE-00009-T,Kaggle- rice       -9,TEMPERATURE,24.5,C,NORMAL,OPTIMAL — ideal temperature,2026-05-20
KAGGLE-00010-T,Kaggle- rice       -10,TEMPERATURE,23.2,C,NORMAL,OPTIMAL — ideal temperature,2026-05-20
KAGGLE-00010-M,Kaggle- rice       -10,MOISTURE,0.244,VWC,WARNING,DRY — schedule irrigation within 24hrs,2026-05-20
KAGGLE-00011-T,Kaggle- rice       -11,TEMPERATURE,26.5,C,NORMAL,OPTIMAL — ideal temperature,2026-05-20
KAGGLE-00011-M,Kaggle- rice       -11,MOISTURE,0.205,VWC,WARNING,DRY — schedule irrigation within 24hrs,2026-05-20
KAGGLE-00011-P,Kaggle- rice       -11,PH,5.39,pH,WARNING,ACIDIC — consider lime treatment,2026-05-20
KAGGLE-00009-P,Kaggle- rice       -9,PH,6.69,pH,NORMAL,OPTIMAL — ideal for crops,2026-05-20
KAGGLE-00012-T,Kaggle- rice       -12,TEMPERATURE,24.0,C,NORMAL,OPTIMAL — ideal temperature,2026-05-20
KAGGLE-00012-M,Kaggle- rice       -12,MOISTURE,0.154,VWC,ALERT,CRITICAL DRY — irrigate immediately,2026-05-20
KAGGLE-00010-P,Kaggle- rice       -10,PH,6.34,pH,NORMAL,OPTIMAL — ideal for crops,2026-05-20
KAGGLE-00013-M,Kaggle- rice       -13,MOISTURE,0.157,VWC,ALERT,CRITICAL DRY — irrigate immediately,2026-05-20
KAGGLE-00014-M,Kaggle- rice       -14,MOISTURE,0.181,VWC,ALERT,CRITICAL DRY — irrigate immediately,2026-05-20
KAGGLE-00012-P,Kaggle- rice       -12,PH,7.5,pH,WARNING,ALKALINE — nutrient availability reduced,2026-05-20
KAGGLE-00013-P,Kaggle- rice       -13,PH,5.11,pH,WARNING,ACIDIC — consider lime treatment,2026-05-20
KAGGLE-00013-T,Kaggle- rice       -13,TEMPERATURE,26.8,C,NORMAL,OPTIMAL — ideal temperature,2026-05-20
KAGGLE-00015-M,Kaggle- rice       -15,MOISTURE,0.197,VWC,ALERT,CRITICAL DRY — irrigate immediately,2026-05-20
KAGGLE-00014-P,Kaggle- rice       -14,PH,6.98,pH,WARNING,ALKALINE — nutrient availability reduced,2026-05-20
KAGGLE-00014-T,Kaggle- rice       -14,TEMPERATURE,24.0,C,NORMAL,OPTIMAL — ideal temperature,2026-05-20
KAGGLE-00015-T,Kaggle- rice       -15,TEMPERATURE,25.7,C,NORMAL,OPTIMAL — ideal temperature,2026-05-20
KAGGLE-00016-T,Kaggle- rice       -16,TEMPERATURE,24.3,C,NORMAL,OPTIMAL — ideal temperature,2026-05-20
KAGGLE-00016-M,Kaggle- rice       -16,MOISTURE,0.233,VWC,WARNING,DRY — schedule irrigation within 24hrs,2026-05-20
KAGGLE-00015-P,Kaggle- rice       -15,PH,6.95,pH,WARNING,ALKALINE — nutrient availability reduced,2026-05-20
KAGGLE-00017-T,Kaggle- rice       -17,TEMPERATURE,21.6,C,NORMAL,OPTIMAL — ideal temperature,2026-05-20
KAGGLE-00017-M,Kaggle- rice       -17,MOISTURE,0.123,VWC,ALERT,CRITICAL DRY — irrigate immediately,2026-05-20
KAGGLE-00016-P,Kaggle- rice       -16,PH,7.04,pH,WARNING,ALKALINE — nutrient availability reduced,2026-05-20
KAGGLE-00018-M,Kaggle- rice       -18,MOISTURE,0.205,VWC,WARNING,DRY — schedule irrigation within 24hrs,2026-05-20
KAGGLE-00018-T,Kaggle- rice       -18,TEMPERATURE,23.8,C,NORMAL,OPTIMAL — ideal temperature,2026-05-20
KAGGLE-00017-P,Kaggle- rice       -17,PH,6.25,pH,NORMAL,OPTIMAL — ideal for crops,2026-05-20
KAGGLE-00019-T,Kaggle- rice       -19,TEMPERATURE,21.9,C,NORMAL,OPTIMAL — ideal temperature,2026-05-20
KAGGLE-00019-M,Kaggle- rice       -19,MOISTURE,0.199,VWC,ALERT,CRITICAL DRY — irrigate immediately,2026-05-20
KAGGLE-00018-P,Kaggle- rice       -18,PH,6.97,pH,WARNING,ALKALINE — nutrient availability reduced,2026-05-20
KAGGLE-00020-T,Kaggle- rice       -20,TEMPERATURE,23.6,C,NORMAL,OPTIMAL — ideal temperature,2026-05-20
KAGGLE-00020-M,Kaggle- rice       -20,MOISTURE,0.258,VWC,WARNING,DRY — schedule irrigation within 24hrs,2026-05-20
KAGGLE-00019-P,Kaggle- rice       -19,PH,5.95,pH,NORMAL,OPTIMAL — ideal for crops,2026-05-20
KAGGLE-00021-P,Kaggle- rice       -21,PH,6.44,pH,NORMAL,OPTIMAL — ideal for crops,2026-05-20
KAGGLE-00021-M,Kaggle- rice       -21,MOISTURE,0.179,VWC,ALERT,CRITICAL DRY — irrigate immediately,2026-05-20
KAGGLE-00020-P,Kaggle- rice       -20,PH,5.85,pH,NORMAL,OPTIMAL — ideal for crops,2026-05-20
KAGGLE-00021-T,Kaggle- rice       -21,TEMPERATURE,21.3,C,NORMAL,OPTIMAL — ideal temperature,2026-05-20
KAGGLE-00022-P,Kaggle- rice       -22,PH,5.07,pH,WARNING,ACIDIC — consider lime treatment,2026-05-20
KAGGLE-00022-M,Kaggle- rice       -22,MOISTURE,0.169,VWC,ALERT,CRITICAL DRY — irrigate immediately,2026-05-20
KAGGLE-00022-T,Kaggle- rice       -22,TEMPERATURE,25.2,C,NORMAL,OPTIMAL — ideal temperature,2026-05-20
KAGGLE-00023-M,Kaggle- rice       -23,MOISTURE,0.139,VWC,ALERT,CRITICAL DRY — irrigate immediately,2026-05-20
KAGGLE-00024-M,Kaggle- rice       -24,MOISTURE,0.151,VWC,ALERT,CRITICAL DRY — irrigate immediately,2026-05-20
KAGGLE-00023-P,Kaggle- rice       -23,PH,6.01,pH,NORMAL,OPTIMAL — ideal for crops,2026-05-20
KAGGLE-00024-T,Kaggle- rice       -24,TEMPERATURE,21.1,C,NORMAL,OPTIMAL — ideal temperature,2026-05-20
KAGGLE-00025-M,Kaggle- rice       -25,MOISTURE,0.217,VWC,WARNING,DRY — schedule irrigation within 24hrs,2026-05-20
KAGGLE-00024-P,Kaggle- rice       -24,PH,6.25,pH,NORMAL,OPTIMAL — ideal for crops,2026-05-20
KAGGLE-00025-T,Kaggle- rice       -25,TEMPERATURE,23.5,C,NORMAL,OPTIMAL — ideal temperature,2026-05-20
KAGGLE-00023-T,Kaggle- rice       -23,TEMPERATURE,21.9,C,NORMAL,OPTIMAL — ideal temperature,2026-05-20
KAGGLE-00026-M,Kaggle- rice       -26,MOISTURE,0.137,VWC,ALERT,CRITICAL DRY — irrigate immediately,2026-05-20
KAGGLE-00027-P,Kaggle- rice       -27,PH,6.29,pH,NORMAL,OPTIMAL — ideal for crops,2026-05-20
KAGGLE-00026-P,Kaggle- rice       -26,PH,7.78,pH,ALERT,HIGHLY ALKALINE — soil amendment required,2026-05-20
KAGGLE-00026-T,Kaggle- rice       -26,TEMPERATURE,25.1,C,NORMAL,OPTIMAL — ideal temperature,2026-05-20
KAGGLE-00027-T,Kaggle- rice       -27,TEMPERATURE,26.4,C,NORMAL,OPTIMAL — ideal temperature,2026-05-20
KAGGLE-00027-M,Kaggle- rice       -27,MOISTURE,0.255,VWC,WARNING,DRY — schedule irrigation within 24hrs,2026-05-20
KAGGLE-00028-M,Kaggle- rice       -28,MOISTURE,0.169,VWC,ALERT,CRITICAL DRY — irrigate immediately,2026-05-20
KAGGLE-00025-P,Kaggle- rice       -25,PH,7.38,pH,WARNING,ALKALINE — nutrient availability reduced,2026-05-20
KAGGLE-00028-P,Kaggle- rice       -28,PH,7.07,pH,WARNING,ALKALINE — nutrient availability reduced,2026-05-20
KAGGLE-00028-T,Kaggle- rice       -28,TEMPERATURE,24.5,C,NORMAL,OPTIMAL — ideal temperature,2026-05-20
KAGGLE-00029-T,Kaggle- rice       -29,TEMPERATURE,20.8,C,NORMAL,OPTIMAL — ideal temperature,2026-05-20
KAGGLE-00029-M,Kaggle- rice       -29,MOISTURE,0.141,VWC,ALERT,CRITICAL DRY — irrigate immediately,2026-05-20
KAGGLE-00030-M,Kaggle- rice       -30,MOISTURE,0.124,VWC,ALERT,CRITICAL DRY — irrigate immediately,2026-05-20
KAGGLE-00029-P,Kaggle- rice       -29,PH,6.24,pH,NORMAL,OPTIMAL — ideal for crops,2026-05-20
KAGGLE-00031-M,Kaggle- rice       -31,MOISTURE,0.24,VWC,WARNING,DRY — schedule irrigation within 24hrs,2026-05-20
KAGGLE-00030-P,Kaggle- rice       -30,PH,6.04,pH,NORMAL,OPTIMAL — ideal for crops,2026-05-20
KAGGLE-00030-T,Kaggle- rice       -30,TEMPERATURE,22.3,C,NORMAL,OPTIMAL — ideal temperature,2026-05-20
KAGGLE-00031-T,Kaggle- rice       -31,TEMPERATURE,21.4,C,NORMAL,OPTIMAL — ideal temperature,2026-05-20
KAGGLE-00031-P,Kaggle- rice       -31,PH,5.82,pH,NORMAL,OPTIMAL — ideal for crops,2026-05-20
KAGGLE-00032-M,Kaggle- rice       -32,MOISTURE,0.118,VWC,ALERT,CRITICAL DRY — irrigate immediately,2026-05-20
KAGGLE-00033-M,Kaggle- rice       -33,MOISTURE,0.186,VWC,ALERT,CRITICAL DRY — irrigate immediately,2026-05-20
KAGGLE-00032-P,Kaggle- rice       -32,PH,6.36,pH,NORMAL,OPTIMAL — ideal for crops,2026-05-20
KAGGLE-00032-T,Kaggle- rice       -32,TEMPERATURE,22.2,C,NORMAL,OPTIMAL — ideal temperature,2026-05-20
KAGGLE-00033-P,Kaggle- rice       -33,PH,6.36,pH,NORMAL,OPTIMAL — ideal for crops,2026-05-20
KAGGLE-00033-T,Kaggle- rice       -33,TEMPERATURE,24.5,C,NORMAL,OPTIMAL — ideal temperature,2026-05-20
KAGGLE-00034-P,Kaggle- rice       -34,PH,5.01,pH,WARNING,ACIDIC — consider lime treatment,2026-05-20
KAGGLE-00034-T,Kaggle- rice       -34,TEMPERATURE,20.3,C,NORMAL,OPTIMAL — ideal temperature,2026-05-20
KAGGLE-00034-M,Kaggle- rice       -34,MOISTURE,0.122,VWC,ALERT,CRITICAL DRY — irrigate immediately,2026-05-20
KAGGLE-00035-M,Kaggle- rice       -35,MOISTURE,0.233,VWC,WARNING,DRY — schedule irrigation within 24hrs,2026-05-20
KAGGLE-00035-P,Kaggle- rice       -35,PH,6.15,pH,NORMAL,OPTIMAL — ideal for crops,2026-05-20
KAGGLE-00035-T,Kaggle- rice       -35,TEMPERATURE,25.7,C,NORMAL,OPTIMAL — ideal temperature,2026-05-20
KAGGLE-00036-P,Kaggle- rice       -36,PH,5.95,pH,NORMAL,OPTIMAL — ideal for crops,2026-05-20
KAGGLE-00036-T,Kaggle- rice       -36,TEMPERATURE,26.8,C,NORMAL,OPTIMAL — ideal temperature,2026-05-20
KAGGLE-00036-M,Kaggle- rice       -36,MOISTURE,0.24,VWC,WARNING,DRY — schedule irrigation within 24hrs,2026-05-20
KAGGLE-00037-P,Kaggle- rice       -37,PH,5.96,pH,NORMAL,OPTIMAL — ideal for crops,2026-05-20
KAGGLE-00037-T,Kaggle- rice       -37,TEMPERATURE,26.8,C,NORMAL,OPTIMAL — ideal temperature,2026-05-20
KAGGLE-00037-M,Kaggle- rice       -37,MOISTURE,0.205,VWC,WARNING,DRY — schedule irrigation within 24hrs,2026-05-20
KAGGLE-00039-M,Kaggle- rice       -39,MOISTURE,0.195,VWC,ALERT,CRITICAL DRY — irrigate immediately,2026-05-20
KAGGLE-00038-P,Kaggle- rice       -38,PH,5.56,pH,NORMAL,OPTIMAL — ideal for crops,2026-05-20
KAGGLE-00038-T,Kaggle- rice       -38,TEMPERATURE,23.9,C,NORMAL,OPTIMAL — ideal temperature,2026-05-20
KAGGLE-00038-M,Kaggle- rice       -38,MOISTURE,0.182,VWC,ALERT,CRITICAL DRY — irrigate immediately,2026-05-20
KAGGLE-00039-T,Kaggle- rice       -39,TEMPERATURE,21.0,C,NORMAL,OPTIMAL — ideal temperature,2026-05-20
KAGGLE-00040-T,Kaggle- rice       -40,TEMPERATURE,24.2,C,NORMAL,OPTIMAL — ideal temperature,2026-05-20
KAGGLE-00040-M,Kaggle- rice       -40,MOISTURE,0.105,VWC,ALERT,CRITICAL DRY — irrigate immediately,2026-05-20
KAGGLE-00039-P,Kaggle- rice       -39,PH,7.42,pH,WARNING,ALKALINE — nutrient availability reduced,2026-05-20
KAGGLE-00040-P,Kaggle- rice       -40,PH,5.58,pH,NORMAL,OPTIMAL — ideal for crops,2026-05-20
KAGGLE-00042-M,Kaggle- rice       -42,MOISTURE,0.172,VWC,ALERT,CRITICAL DRY — irrigate immediately,2026-05-20
KAGGLE-00041-P,Kaggle- rice       -41,PH,6.43,pH,NORMAL,OPTIMAL — ideal for crops,2026-05-20
KAGGLE-00043-M,Kaggle- rice       -43,MOISTURE,0.235,VWC,WARNING,DRY — schedule irrigation within 24hrs,2026-05-20
KAGGLE-00041-M,Kaggle- rice       -41,MOISTURE,0.197,VWC,ALERT,CRITICAL DRY — irrigate immediately,2026-05-20
KAGGLE-00041-T,Kaggle- rice       -41,TEMPERATURE,22.8,C,NORMAL,OPTIMAL — ideal temperature,2026-05-20
KAGGLE-00045-T,Kaggle- rice       -45,TEMPERATURE,26.3,C,NORMAL,OPTIMAL — ideal temperature,2026-05-20
KAGGLE-00042-T,Kaggle- rice       -42,TEMPERATURE,25.6,C,NORMAL,OPTIMAL — ideal temperature,2026-05-20
KAGGLE-00045-P,Kaggle- rice       -45,PH,7.22,pH,WARNING,ALKALINE — nutrient availability reduced,2026-05-20
KAGGLE-00043-P,Kaggle- rice       -43,PH,6.9,pH,WARNING,ALKALINE — nutrient availability reduced,2026-05-20
KAGGLE-00046-M,Kaggle- rice       -46,MOISTURE,0.147,VWC,ALERT,CRITICAL DRY — irrigate immediately,2026-05-20
KAGGLE-00042-P,Kaggle- rice       -42,PH,5.53,pH,NORMAL,OPTIMAL — ideal for crops,2026-05-20
KAGGLE-00045-M,Kaggle- rice       -45,MOISTURE,0.109,VWC,ALERT,CRITICAL DRY — irrigate immediately,2026-05-20
KAGGLE-00047-P,Kaggle- rice       -47,PH,5.21,pH,WARNING,ACIDIC — consider lime treatment,2026-05-20
KAGGLE-00044-T,Kaggle- rice       -44,TEMPERATURE,23.8,C,NORMAL,OPTIMAL — ideal temperature,2026-05-20
KAGGLE-00044-M,Kaggle- rice       -44,MOISTURE,0.227,VWC,WARNING,DRY — schedule irrigation within 24hrs,2026-05-20
KAGGLE-00046-P,Kaggle- rice       -46,PH,6.13,pH,NORMAL,OPTIMAL — ideal for crops,2026-05-20
KAGGLE-00043-T,Kaggle- rice       -43,TEMPERATURE,25.6,C,NORMAL,OPTIMAL — ideal temperature,2026-05-20
KAGGLE-00046-T,Kaggle- rice       -46,TEMPERATURE,24.9,C,NORMAL,OPTIMAL — ideal temperature,2026-05-20
KAGGLE-00044-P,Kaggle- rice       -44,PH,6.27,pH,NORMAL,OPTIMAL — ideal for crops,2026-05-20
KAGGLE-00047-T,Kaggle- rice       -47,TEMPERATURE,25.0,C,NORMAL,OPTIMAL — ideal temperature,2026-05-20
KAGGLE-00047-M,Kaggle- rice       -47,MOISTURE,0.157,VWC,ALERT,CRITICAL DRY — irrigate immediately,2026-05-20
KAGGLE-00049-M,Kaggle- rice       -49,MOISTURE,0.164,VWC,ALERT,CRITICAL DRY — irrigate immediately,2026-05-20
KAGGLE-00048-T,Kaggle- rice       -48,TEMPERATURE,23.2,C,NORMAL,OPTIMAL — ideal temperature,2026-05-20
KAGGLE-00048-P,Kaggle- rice       -48,PH,7.78,pH,ALERT,HIGHLY ALKALINE — soil amendment required,2026-05-20
KAGGLE-00051-P,Kaggle- rice       -51,PH,5.29,pH,WARNING,ACIDIC — consider lime treatment,2026-05-20
KAGGLE-00050-P,Kaggle- rice       -50,PH,7.73,pH,ALERT,HIGHLY ALKALINE — soil amendment required,2026-05-20
KAGGLE-00052-M,Kaggle- rice       -52,MOISTURE,0.109,VWC,ALERT,CRITICAL DRY — irrigate immediately,2026-05-20
KAGGLE-00050-M,Kaggle- rice       -50,MOISTURE,0.148,VWC,ALERT,CRITICAL DRY — irrigate immediately,2026-05-20
KAGGLE-00049-P,Kaggle- rice       -49,PH,7.06,pH,WARNING,ALKALINE — nutrient availability reduced,2026-05-20
KAGGLE-00049-T,Kaggle- rice       -49,TEMPERATURE,21.7,C,NORMAL,OPTIMAL — ideal temperature,2026-05-20
KAGGLE-00051-T,Kaggle- rice       -51,TEMPERATURE,23.4,C,NORMAL,OPTIMAL — ideal temperature,2026-05-20
KAGGLE-00048-M,Kaggle- rice       -48,MOISTURE,0.208,VWC,WARNING,DRY — schedule irrigation within 24hrs,2026-05-20
KAGGLE-00050-T,Kaggle- rice       -50,TEMPERATURE,24.6,C,NORMAL,OPTIMAL — ideal temperature,2026-05-20
KAGGLE-00053-M,Kaggle- rice       -53,MOISTURE,0.291,VWC,WARNING,DRY — schedule irrigation within 24hrs,2026-05-20
KAGGLE-00051-M,Kaggle- rice       -51,MOISTURE,0.248,VWC,WARNING,DRY — schedule irrigation within 24hrs,2026-05-20
KAGGLE-00052-P,Kaggle- rice       -52,PH,6.77,pH,NORMAL,OPTIMAL — ideal for crops,2026-05-20
KAGGLE-00052-T,Kaggle- rice       -52,TEMPERATURE,20.0,C,NORMAL,OPTIMAL — ideal temperature,2026-05-20
KAGGLE-00053-P,Kaggle- rice       -53,PH,7.38,pH,WARNING,ALKALINE — nutrient availability reduced,2026-05-20
KAGGLE-00053-T,Kaggle- rice       -53,TEMPERATURE,23.9,C,NORMAL,OPTIMAL — ideal temperature,2026-05-20
KAGGLE-00054-P,Kaggle- rice       -54,PH,5.66,pH,NORMAL,OPTIMAL — ideal for crops,2026-05-20
KAGGLE-00054-T,Kaggle- rice       -54,TEMPERATURE,22.0,C,NORMAL,OPTIMAL — ideal temperature,2026-05-20
KAGGLE-00054-M,Kaggle- rice       -54,MOISTURE,0.213,VWC,WARNING,DRY — schedule irrigation within 24hrs,2026-05-20
KAGGLE-00055-T,Kaggle- rice       -55,TEMPERATURE,26.2,C,NORMAL,OPTIMAL — ideal temperature,2026-05-20
KAGGLE-00055-M,Kaggle- rice       -55,MOISTURE,0.164,VWC,ALERT,CRITICAL DRY — irrigate immediately,2026-05-20
KAGGLE-00056-T,Kaggle- rice       -56,TEMPERATURE,23.4,C,NORMAL,OPTIMAL — ideal temperature,2026-05-20
KAGGLE-00056-M,Kaggle- rice       -56,MOISTURE,0.131,VWC,ALERT,CRITICAL DRY — irrigate immediately,2026-05-20
KAGGLE-00057-M,Kaggle- rice       -57,MOISTURE,0.22,VWC,WARNING,DRY — schedule irrigation within 24hrs,2026-05-20
KAGGLE-00055-P,Kaggle- rice       -55,PH,5.54,pH,NORMAL,OPTIMAL — ideal for crops,2026-05-20
KAGGLE-00056-P,Kaggle- rice       -56,PH,6.22,pH,NORMAL,OPTIMAL — ideal for crops,2026-05-20
KAGGLE-00057-T,Kaggle- rice       -57,TEMPERATURE,25.7,C,NORMAL,OPTIMAL — ideal temperature,2026-05-20
KAGGLE-00057-P,Kaggle- rice       -57,PH,7.12,pH,WARNING,ALKALINE — nutrient availability reduced,2026-05-20
KAGGLE-00058-M,Kaggle- rice       -58,MOISTURE,0.232,VWC,WARNING,DRY — schedule irrigation within 24hrs,2026-05-20
KAGGLE-00061-P,Kaggle- rice       -61,PH,7.59,pH,ALERT,HIGHLY ALKALINE — soil amendment required,2026-05-20
KAGGLE-00058-P,Kaggle- rice       -58,PH,5.95,pH,NORMAL,OPTIMAL — ideal for crops,2026-05-20
KAGGLE-00058-T,Kaggle- rice       -58,TEMPERATURE,24.4,C,NORMAL,OPTIMAL — ideal temperature,2026-05-20
KAGGLE-00060-M,Kaggle- rice       -60,MOISTURE,0.135,VWC,ALERT,CRITICAL DRY — irrigate immediately,2026-05-20
KAGGLE-00059-P,Kaggle- rice       -59,PH,7.24,pH,WARNING,ALKALINE — nutrient availability reduced,2026-05-20
KAGGLE-00060-P,Kaggle- rice       -60,PH,6.5,pH,NORMAL,OPTIMAL — ideal for crops,2026-05-20
KAGGLE-00059-M,Kaggle- rice       -59,MOISTURE,0.145,VWC,ALERT,CRITICAL DRY — irrigate immediately,2026-05-20
KAGGLE-00059-T,Kaggle- rice       -59,TEMPERATURE,20.3,C,NORMAL,OPTIMAL — ideal temperature,2026-05-20
KAGGLE-00060-T,Kaggle- rice       -60,TEMPERATURE,21.7,C,NORMAL,OPTIMAL — ideal temperature,2026-05-20
KAGGLE-00061-T,Kaggle- rice       -61,TEMPERATURE,20.4,C,NORMAL,OPTIMAL — ideal temperature,2026-05-20
KAGGLE-00061-M,Kaggle- rice       -61,MOISTURE,0.146,VWC,ALERT,CRITICAL DRY — irrigate immediately,2026-05-20
KAGGLE-00065-P,Kaggle- rice       -65,PH,5.74,pH,NORMAL,OPTIMAL — ideal for crops,2026-05-20
KAGGLE-00063-M,Kaggle- rice       -63,MOISTURE,0.196,VWC,ALERT,CRITICAL DRY — irrigate immediately,2026-05-20
KAGGLE-00062-P,Kaggle- rice       -62,PH,5.88,pH,NORMAL,OPTIMAL — ideal for crops,2026-05-20
KAGGLE-00062-T,Kaggle- rice       -62,TEMPERATURE,25.8,C,NORMAL,OPTIMAL — ideal temperature,2026-05-20
KAGGLE-00062-M,Kaggle- rice       -62,MOISTURE,0.147,VWC,ALERT,CRITICAL DRY — irrigate immediately,2026-05-20
KAGGLE-00064-M,Kaggle- rice       -64,MOISTURE,0.138,VWC,ALERT,CRITICAL DRY — irrigate immediately,2026-05-20
KAGGLE-00063-P,Kaggle- rice       -63,PH,6.93,pH,WARNING,ALKALINE — nutrient availability reduced,2026-05-20
KAGGLE-00063-T,Kaggle- rice       -63,TEMPERATURE,20.6,C,NORMAL,OPTIMAL — ideal temperature,2026-05-20
KAGGLE-00064-P,Kaggle- rice       -64,PH,6.95,pH,WARNING,ALKALINE — nutrient availability reduced,2026-05-20
KAGGLE-00065-M,Kaggle- rice       -65,MOISTURE,0.128,VWC,ALERT,CRITICAL DRY — irrigate immediately,2026-05-20
KAGGLE-00064-T,Kaggle- rice       -64,TEMPERATURE,21.8,C,NORMAL,OPTIMAL — ideal temperature,2026-05-20
KAGGLE-00065-T,Kaggle- rice       -65,TEMPERATURE,20.1,C,NORMAL,OPTIMAL — ideal temperature,2026-05-20
KAGGLE-00066-P,Kaggle- rice       -66,PH,6.74,pH,NORMAL,OPTIMAL — ideal for crops,2026-05-20
KAGGLE-00066-T,Kaggle- rice       -66,TEMPERATURE,24.5,C,NORMAL,OPTIMAL — ideal temperature,2026-05-20
KAGGLE-00066-M,Kaggle- rice       -66,MOISTURE,0.17,VWC,ALERT,CRITICAL DRY — irrigate immediately,2026-05-20
KAGGLE-00067-P,Kaggle- rice       -67,PH,5.59,pH,NORMAL,OPTIMAL — ideal for crops,2026-05-20
KAGGLE-00067-T,Kaggle- rice       -67,TEMPERATURE,21.1,C,NORMAL,OPTIMAL — ideal temperature,2026-05-20
KAGGLE-00070-T,Kaggle- rice       -70,TEMPERATURE,23.4,C,NORMAL,OPTIMAL — ideal temperature,2026-05-20
KAGGLE-00068-P,Kaggle- rice       -68,PH,6.95,pH,WARNING,ALKALINE — nutrient availability reduced,2026-05-20
KAGGLE-00068-T,Kaggle- rice       -68,TEMPERATURE,25.8,C,NORMAL,OPTIMAL — ideal temperature,2026-05-20
KAGGLE-00068-M,Kaggle- rice       -68,MOISTURE,0.103,VWC,ALERT,CRITICAL DRY — irrigate immediately,2026-05-20
KAGGLE-00069-M,Kaggle- rice       -69,MOISTURE,0.189,VWC,ALERT,CRITICAL DRY — irrigate immediately,2026-05-20
KAGGLE-00067-M,Kaggle- rice       -67,MOISTURE,0.154,VWC,ALERT,CRITICAL DRY — irrigate immediately,2026-05-20
KAGGLE-00069-P,Kaggle- rice       -69,PH,5.01,pH,WARNING,ACIDIC — consider lime treatment,2026-05-20
KAGGLE-00070-M,Kaggle- rice       -70,MOISTURE,0.234,VWC,WARNING,DRY — schedule irrigation within 24hrs,2026-05-20
KAGGLE-00069-T,Kaggle- rice       -69,TEMPERATURE,23.6,C,NORMAL,OPTIMAL — ideal temperature,2026-05-20
KAGGLE-00070-P,Kaggle- rice       -70,PH,6.36,pH,NORMAL,OPTIMAL — ideal for crops,2026-05-20
KAGGLE-00072-M,Kaggle- rice       -72,MOISTURE,0.265,VWC,WARNING,DRY — schedule irrigation within 24hrs,2026-05-20
KAGGLE-00071-P,Kaggle- rice       -71,PH,6.88,pH,WARNING,ALKALINE — nutrient availability reduced,2026-05-20
KAGGLE-00071-T,Kaggle- rice       -71,TEMPERATURE,25.0,C,NORMAL,OPTIMAL — ideal temperature,2026-05-20
KAGGLE-00071-M,Kaggle- rice       -71,MOISTURE,0.188,VWC,ALERT,CRITICAL DRY — irrigate immediately,2026-05-20
KAGGLE-00073-M,Kaggle- rice       -73,MOISTURE,0.285,VWC,WARNING,DRY — schedule irrigation within 24hrs,2026-05-20
KAGGLE-00072-P,Kaggle- rice       -72,PH,7.3,pH,WARNING,ALKALINE — nutrient availability reduced,2026-05-20
KAGGLE-00072-T,Kaggle- rice       -72,TEMPERATURE,22.7,C,NORMAL,OPTIMAL — ideal temperature,2026-05-20
KAGGLE-00074-T,Kaggle- rice       -74,TEMPERATURE,21.3,C,NORMAL,OPTIMAL — ideal temperature,2026-05-20
KAGGLE-00074-M,Kaggle- rice       -74,MOISTURE,0.27,VWC,WARNING,DRY — schedule irrigation within 24hrs,2026-05-20
KAGGLE-00073-T,Kaggle- rice       -73,TEMPERATURE,24.9,C,NORMAL,OPTIMAL — ideal temperature,2026-05-20
KAGGLE-00073-P,Kaggle- rice       -73,PH,6.59,pH,NORMAL,OPTIMAL — ideal for crops,2026-05-20
KAGGLE-00074-P,Kaggle- rice       -74,PH,7.28,pH,WARNING,ALKALINE — nutrient availability reduced,2026-05-20
KAGGLE-00075-P,Kaggle- rice       -75,PH,7.02,pH,WARNING,ALKALINE — nutrient availability reduced,2026-05-20
KAGGLE-00076-P,Kaggle- rice       -76,PH,6.94,pH,WARNING,ALKALINE — nutrient availability reduced,2026-05-20
KAGGLE-00076-T,Kaggle- rice       -76,TEMPERATURE,22.2,C,NORMAL,OPTIMAL — ideal temperature,2026-05-20
KAGGLE-00075-M,Kaggle- rice       -75,MOISTURE,0.127,VWC,ALERT,CRITICAL DRY — irrigate immediately,2026-05-20
KAGGLE-00075-T,Kaggle- rice       -75,TEMPERATURE,26.3,C,NORMAL,OPTIMAL — ideal temperature,2026-05-20
KAGGLE-00076-M,Kaggle- rice       -76,MOISTURE,0.217,VWC,WARNING,DRY — schedule irrigation within 24hrs,2026-05-20
KAGGLE-00077-P,Kaggle- rice       -77,PH,7.87,pH,ALERT,HIGHLY ALKALINE — soil amendment required,2026-05-20
KAGGLE-00077-T,Kaggle- rice       -77,TEMPERATURE,26.7,C,NORMAL,OPTIMAL — ideal temperature,2026-05-20
KAGGLE-00078-T,Kaggle- rice       -78,TEMPERATURE,24.9,C,NORMAL,OPTIMAL — ideal temperature,2026-05-20
KAGGLE-00080-T,Kaggle- rice       -80,TEMPERATURE,22.7,C,NORMAL,OPTIMAL — ideal temperature,2026-05-20
KAGGLE-00079-P,Kaggle- rice       -79,PH,6.14,pH,NORMAL,OPTIMAL — ideal for crops,2026-05-20
KAGGLE-00079-M,Kaggle- rice       -79,MOISTURE,0.296,VWC,WARNING,DRY — schedule irrigation within 24hrs,2026-05-20
KAGGLE-00081-P,Kaggle- rice       -81,PH,5.71,pH,NORMAL,OPTIMAL — ideal for crops,2026-05-20
KAGGLE-00081-T,Kaggle- rice       -81,TEMPERATURE,26.1,C,NORMAL,OPTIMAL — ideal temperature,2026-05-20
KAGGLE-00083-T,Kaggle- rice       -83,TEMPERATURE,26.4,C,NORMAL,OPTIMAL — ideal temperature,2026-05-20
KAGGLE-00080-P,Kaggle- rice       -80,PH,7.52,pH,ALERT,HIGHLY ALKALINE — soil amendment required,2026-05-20
KAGGLE-00078-M,Kaggle- rice       -78,MOISTURE,0.165,VWC,ALERT,CRITICAL DRY — irrigate immediately,2026-05-20
KAGGLE-00083-P,Kaggle- rice       -83,PH,6.35,pH,NORMAL,OPTIMAL — ideal for crops,2026-05-20
KAGGLE-00086-T,Kaggle- rice       -86,TEMPERATURE,22.1,C,NORMAL,OPTIMAL — ideal temperature,2026-05-20
KAGGLE-00077-M,Kaggle- rice       -77,MOISTURE,0.118,VWC,ALERT,CRITICAL DRY — irrigate immediately,2026-05-20
KAGGLE-00088-T,Kaggle- rice       -88,TEMPERATURE,25.5,C,NORMAL,OPTIMAL — ideal temperature,2026-05-20
KAGGLE-00078-P,Kaggle- rice       -78,PH,5.01,pH,WARNING,ACIDIC — consider lime treatment,2026-05-20
KAGGLE-00081-M,Kaggle- rice       -81,MOISTURE,0.197,VWC,ALERT,CRITICAL DRY — irrigate immediately,2026-05-20
KAGGLE-00079-T,Kaggle- rice       -79,TEMPERATURE,26.9,C,NORMAL,OPTIMAL — ideal temperature,2026-05-20
KAGGLE-00083-M,Kaggle- rice       -83,MOISTURE,0.288,VWC,WARNING,DRY — schedule irrigation within 24hrs,2026-05-20
KAGGLE-00082-P,Kaggle- rice       -82,PH,5.76,pH,NORMAL,OPTIMAL — ideal for crops,2026-05-20
KAGGLE-00082-T,Kaggle- rice       -82,TEMPERATURE,25.4,C,NORMAL,OPTIMAL — ideal temperature,2026-05-20
KAGGLE-00084-T,Kaggle- rice       -84,TEMPERATURE,26.0,C,NORMAL,OPTIMAL — ideal temperature,2026-05-20
KAGGLE-00084-M,Kaggle- rice       -84,MOISTURE,0.167,VWC,ALERT,CRITICAL DRY — irrigate immediately,2026-05-20
KAGGLE-00080-M,Kaggle- rice       -80,MOISTURE,0.256,VWC,WARNING,DRY — schedule irrigation within 24hrs,2026-05-20
KAGGLE-00084-P,Kaggle- rice       -84,PH,6.0,pH,NORMAL,OPTIMAL — ideal for crops,2026-05-20
KAGGLE-00085-M,Kaggle- rice       -85,MOISTURE,0.126,VWC,ALERT,CRITICAL DRY — irrigate immediately,2026-05-20
KAGGLE-00086-M,Kaggle- rice       -86,MOISTURE,0.283,VWC,WARNING,DRY — schedule irrigation within 24hrs,2026-05-20
KAGGLE-00085-P,Kaggle- rice       -85,PH,5.45,pH,WARNING,ACIDIC — consider lime treatment,2026-05-20
KAGGLE-00087-T,Kaggle- rice       -87,TEMPERATURE,23.3,C,NORMAL,OPTIMAL — ideal temperature,2026-05-20
KAGGLE-00086-P,Kaggle- rice       -86,PH,6.37,pH,NORMAL,OPTIMAL — ideal for crops,2026-05-20
KAGGLE-00087-M,Kaggle- rice       -87,MOISTURE,0.272,VWC,WARNING,DRY — schedule irrigation within 24hrs,2026-05-20
KAGGLE-00082-M,Kaggle- rice       -82,MOISTURE,0.119,VWC,ALERT,CRITICAL DRY — irrigate immediately,2026-05-20
KAGGLE-00085-T,Kaggle- rice       -85,TEMPERATURE,25.3,C,NORMAL,OPTIMAL — ideal temperature,2026-05-20
KAGGLE-00088-M,Kaggle- rice       -88,MOISTURE,0.179,VWC,ALERT,CRITICAL DRY — irrigate immediately,2026-05-20
KAGGLE-00087-P,Kaggle- rice       -87,PH,5.11,pH,WARNING,ACIDIC — consider lime treatment,2026-05-20
KAGGLE-00089-T,Kaggle- rice       -89,TEMPERATURE,23.7,C,NORMAL,OPTIMAL — ideal temperature,2026-05-20
KAGGLE-00089-M,Kaggle- rice       -89,MOISTURE,0.259,VWC,WARNING,DRY — schedule irrigation within 24hrs,2026-05-20
KAGGLE-00088-P,Kaggle- rice       -88,PH,5.94,pH,NORMAL,OPTIMAL — ideal for crops,2026-05-20
KAGGLE-00089-P,Kaggle- rice       -89,PH,5.18,pH,WARNING,ACIDIC — consider lime treatment,2026-05-20
KAGGLE-00090-M,Kaggle- rice       -90,MOISTURE,0.125,VWC,ALERT,CRITICAL DRY — irrigate immediately,2026-05-20
KAGGLE-00090-T,Kaggle- rice       -90,TEMPERATURE,20.8,C,NORMAL,OPTIMAL — ideal temperature,2026-05-20
KAGGLE-00090-P,Kaggle- rice       -90,PH,6.46,pH,NORMAL,OPTIMAL — ideal for crops,2026-05-20
KAGGLE-00091-M,Kaggle- rice       -91,MOISTURE,0.283,VWC,WARNING,DRY — schedule irrigation within 24hrs,2026-05-20
KAGGLE-00091-T,Kaggle- rice       -91,TEMPERATURE,26.9,C,NORMAL,OPTIMAL — ideal temperature,2026-05-20
KAGGLE-00091-P,Kaggle- rice       -91,PH,7.07,pH,WARNING,ALKALINE — nutrient availability reduced,2026-05-20
KAGGLE-00092-M,Kaggle- rice       -92,MOISTURE,0.139,VWC,ALERT,CRITICAL DRY — irrigate immediately,2026-05-20
KAGGLE-00092-T,Kaggle- rice       -92,TEMPERATURE,23.8,C,NORMAL,OPTIMAL — ideal temperature,2026-05-20
KAGGLE-00092-P,Kaggle- rice       -92,PH,7.47,pH,WARNING,ALKALINE — nutrient availability reduced,2026-05-20
KAGGLE-00093-M,Kaggle- rice       -93,MOISTURE,0.107,VWC,ALERT,CRITICAL DRY — irrigate immediately,2026-05-20
KAGGLE-00093-T,Kaggle- rice       -93,TEMPERATURE,26.5,C,NORMAL,OPTIMAL — ideal temperature,2026-05-20
KAGGLE-00093-P,Kaggle- rice       -93,PH,6.16,pH,NORMAL,OPTIMAL — ideal for crops,2026-05-20
KAGGLE-00094-M,Kaggle- rice       -94,MOISTURE,0.171,VWC,ALERT,CRITICAL DRY — irrigate immediately,2026-05-20
KAGGLE-00094-P,Kaggle- rice       -94,PH,7.55,pH,ALERT,HIGHLY ALKALINE — soil amendment required,2026-05-20
KAGGLE-00094-T,Kaggle- rice       -94,TEMPERATURE,26.5,C,NORMAL,OPTIMAL — ideal temperature,2026-05-20
KAGGLE-00095-M,Kaggle- rice       -95,MOISTURE,0.162,VWC,ALERT,CRITICAL DRY — irrigate immediately,2026-05-20
KAGGLE-00095-P,Kaggle- rice       -95,PH,6.03,pH,NORMAL,OPTIMAL — ideal for crops,2026-05-20
KAGGLE-00095-T,Kaggle- rice       -95,TEMPERATURE,22.7,C,NORMAL,OPTIMAL — ideal temperature,2026-05-20
KAGGLE-00096-T,Kaggle- rice       -96,TEMPERATURE,22.7,C,NORMAL,OPTIMAL — ideal temperature,2026-05-20
KAGGLE-00096-M,Kaggle- rice       -96,MOISTURE,0.238,VWC,WARNING,DRY — schedule irrigation within 24hrs,2026-05-20
KAGGLE-00096-P,Kaggle- rice       -96,PH,6.6,pH,NORMAL,OPTIMAL — ideal for crops,2026-05-20
KAGGLE-00097-M,Kaggle- rice       -97,MOISTURE,0.277,VWC,WARNING,DRY — schedule irrigation within 24hrs,2026-05-20
KAGGLE-00097-T,Kaggle- rice       -97,TEMPERATURE,21.5,C,NORMAL,OPTIMAL — ideal temperature,2026-05-20
KAGGLE-00098-M,Kaggle- rice       -98,MOISTURE,0.115,VWC,ALERT,CRITICAL DRY — irrigate immediately,2026-05-20
KAGGLE-00097-P,Kaggle- rice       -97,PH,6.5,pH,NORMAL,OPTIMAL — ideal for crops,2026-05-20
KAGGLE-00098-P,Kaggle- rice       -98,PH,5.94,pH,NORMAL,OPTIMAL — ideal for crops,2026-05-20
KAGGLE-00098-T,Kaggle- rice       -98,TEMPERATURE,21.4,C,NORMAL,OPTIMAL — ideal temperature,2026-05-20
KAGGLE-00100-M,Kaggle- rice       -100,MOISTURE,0.29,VWC,WARNING,DRY — schedule irrigation within 24hrs,2026-05-20
KAGGLE-00099-T,Kaggle- rice       -99,TEMPERATURE,26.5,C,NORMAL,OPTIMAL — ideal temperature,2026-05-20
KAGGLE-00099-M,Kaggle- rice       -99,MOISTURE,0.148,VWC,ALERT,CRITICAL DRY — irrigate immediately,2026-05-20
KAGGLE-00099-P,Kaggle- rice       -99,PH,7.07,pH,WARNING,ALKALINE — nutrient availability reduced,2026-05-20
KAGGLE-00101-M,Kaggle- maize      -101,MOISTURE,0.282,VWC,WARNING,DRY — schedule irrigation within 24hrs,2026-05-20
KAGGLE-00100-T,Kaggle- rice       -100,TEMPERATURE,23.4,C,NORMAL,OPTIMAL — ideal temperature,2026-05-20
KAGGLE-00100-P,Kaggle- rice       -100,PH,5.33,pH,WARNING,ACIDIC — consider lime treatment,2026-05-20
KAGGLE-00101-P,Kaggle- maize      -101,PH,5.75,pH,NORMAL,OPTIMAL — ideal for crops,2026-05-20
KAGGLE-00101-T,Kaggle- maize      -101,TEMPERATURE,22.6,C,NORMAL,OPTIMAL — ideal temperature,2026-05-20
KAGGLE-00102-T,Kaggle- maize      -102,TEMPERATURE,26.1,C,NORMAL,OPTIMAL — ideal temperature,2026-05-20
KAGGLE-00102-M,Kaggle- maize      -102,MOISTURE,0.201,VWC,WARNING,DRY — schedule irrigation within 24hrs,2026-05-20
KAGGLE-00103-M,Kaggle- maize      -103,MOISTURE,0.154,VWC,ALERT,CRITICAL DRY — irrigate immediately,2026-05-20
KAGGLE-00102-P,Kaggle- maize      -102,PH,6.93,pH,WARNING,ALKALINE — nutrient availability reduced,2026-05-20
KAGGLE-00103-T,Kaggle- maize      -103,TEMPERATURE,23.6,C,NORMAL,OPTIMAL — ideal temperature,2026-05-20
KAGGLE-00103-P,Kaggle- maize      -103,PH,6.66,pH,NORMAL,OPTIMAL — ideal for crops,2026-05-20
KAGGLE-00104-M,Kaggle- maize      -104,MOISTURE,0.27,VWC,WARNING,DRY — schedule irrigation within 24hrs,2026-05-20
KAGGLE-00104-T,Kaggle- maize      -104,TEMPERATURE,20.0,C,NORMAL,OPTIMAL — ideal temperature,2026-05-20
KAGGLE-00104-P,Kaggle- maize      -104,PH,6.6,pH,NORMAL,OPTIMAL — ideal for crops,2026-05-20
KAGGLE-00105-P,Kaggle- maize      -105,PH,5.97,pH,NORMAL,OPTIMAL — ideal for crops,2026-05-20
KAGGLE-00105-T,Kaggle- maize      -105,TEMPERATURE,18.5,C,WARNING,COOL — suboptimal for crops,2026-05-20
KAGGLE-00105-M,Kaggle- maize      -105,MOISTURE,0.266,VWC,WARNING,DRY — schedule irrigation within 24hrs,2026-05-20
KAGGLE-00106-T,Kaggle- maize      -106,TEMPERATURE,21.8,C,NORMAL,OPTIMAL — ideal temperature,2026-05-20
KAGGLE-00106-M,Kaggle- maize      -106,MOISTURE,0.169,VWC,ALERT,CRITICAL DRY — irrigate immediately,2026-05-20
KAGGLE-00107-T,Kaggle- maize      -107,TEMPERATURE,25.6,C,NORMAL,OPTIMAL — ideal temperature,2026-05-20
KAGGLE-00107-M,Kaggle- maize      -107,MOISTURE,0.232,VWC,WARNING,DRY — schedule irrigation within 24hrs,2026-05-20
KAGGLE-00106-P,Kaggle- maize      -106,PH,6.16,pH,NORMAL,OPTIMAL — ideal for crops,2026-05-20
KAGGLE-00107-P,Kaggle- maize      -107,PH,6.05,pH,NORMAL,OPTIMAL — ideal for crops,2026-05-20
KAGGLE-00109-M,Kaggle- maize      -109,MOISTURE,0.254,VWC,WARNING,DRY — schedule irrigation within 24hrs,2026-05-20
KAGGLE-00108-T,Kaggle- maize      -108,TEMPERATURE,25.2,C,NORMAL,OPTIMAL — ideal temperature,2026-05-20
KAGGLE-00108-M,Kaggle- maize      -108,MOISTURE,0.24,VWC,WARNING,DRY — schedule irrigation within 24hrs,2026-05-20
KAGGLE-00108-P,Kaggle- maize      -108,PH,5.91,pH,NORMAL,OPTIMAL — ideal for crops,2026-05-20
KAGGLE-00109-P,Kaggle- maize      -109,PH,5.86,pH,NORMAL,OPTIMAL — ideal for crops,2026-05-20
KAGGLE-00109-T,Kaggle- maize      -109,TEMPERATURE,20.4,C,NORMAL,OPTIMAL — ideal temperature,2026-05-20
KAGGLE-00110-T,Kaggle- maize      -110,TEMPERATURE,24.9,C,NORMAL,OPTIMAL — ideal temperature,2026-05-20
KAGGLE-00110-M,Kaggle- maize      -110,MOISTURE,0.188,VWC,ALERT,CRITICAL DRY — irrigate immediately,2026-05-20
KAGGLE-00110-P,Kaggle- maize      -110,PH,5.75,pH,NORMAL,OPTIMAL — ideal for crops,2026-05-20
KAGGLE-00111-M,Kaggle- maize      -111,MOISTURE,0.184,VWC,ALERT,CRITICAL DRY — irrigate immediately,2026-05-20
KAGGLE-00111-P,Kaggle- maize      -111,PH,5.85,pH,NORMAL,OPTIMAL — ideal for crops,2026-05-20
KAGGLE-00111-T,Kaggle- maize      -111,TEMPERATURE,23.3,C,NORMAL,OPTIMAL — ideal temperature,2026-05-20
KAGGLE-00112-M,Kaggle- maize      -112,MOISTURE,0.155,VWC,ALERT,CRITICAL DRY — irrigate immediately,2026-05-20
KAGGLE-00112-T,Kaggle- maize      -112,TEMPERATURE,24.8,C,NORMAL,OPTIMAL — ideal temperature,2026-05-20
KAGGLE-00112-P,Kaggle- maize      -112,PH,6.47,pH,NORMAL,OPTIMAL — ideal for crops,2026-05-20
KAGGLE-00114-M,Kaggle- maize      -114,MOISTURE,0.165,VWC,ALERT,CRITICAL DRY — irrigate immediately,2026-05-20
KAGGLE-00113-P,Kaggle- maize      -113,PH,6.97,pH,WARNING,ALKALINE — nutrient availability reduced,2026-05-20
KAGGLE-00113-T,Kaggle- maize      -113,TEMPERATURE,22.3,C,NORMAL,OPTIMAL — ideal temperature,2026-05-20
KAGGLE-00113-M,Kaggle- maize      -113,MOISTURE,0.288,VWC,WARNING,DRY — schedule irrigation within 24hrs,2026-05-20
KAGGLE-00115-T,Kaggle- maize      -115,TEMPERATURE,25.2,C,NORMAL,OPTIMAL — ideal temperature,2026-05-20
KAGGLE-00115-M,Kaggle- maize      -115,MOISTURE,0.202,VWC,WARNING,DRY — schedule irrigation within 24hrs,2026-05-20
KAGGLE-00114-P,Kaggle- maize      -114,PH,6.08,pH,NORMAL,OPTIMAL — ideal for crops,2026-05-20
KAGGLE-00114-T,Kaggle- maize      -114,TEMPERATURE,18.9,C,WARNING,COOL — suboptimal for crops,2026-05-20
KAGGLE-00117-T,Kaggle- maize      -117,TEMPERATURE,24.6,C,NORMAL,OPTIMAL — ideal temperature,2026-05-20
KAGGLE-00117-M,Kaggle- maize      -117,MOISTURE,0.2,VWC,WARNING,DRY — schedule irrigation within 24hrs,2026-05-20
KAGGLE-00116-P,Kaggle- maize      -116,PH,6.2,pH,NORMAL,OPTIMAL — ideal for crops,2026-05-20
KAGGLE-00116-T,Kaggle- maize      -116,TEMPERATURE,18.3,C,WARNING,COOL — suboptimal for crops,2026-05-20
KAGGLE-00116-M,Kaggle- maize      -116,MOISTURE,0.296,VWC,WARNING,DRY — schedule irrigation within 24hrs,2026-05-20
KAGGLE-00115-P,Kaggle- maize      -115,PH,5.92,pH,NORMAL,OPTIMAL — ideal for crops,2026-05-20
KAGGLE-00118-P,Kaggle- maize      -118,PH,6.02,pH,NORMAL,OPTIMAL — ideal for crops,2026-05-20
KAGGLE-00119-T,Kaggle- maize      -119,TEMPERATURE,23.1,C,NORMAL,OPTIMAL — ideal temperature,2026-05-20
KAGGLE-00119-M,Kaggle- maize      -119,MOISTURE,0.178,VWC,ALERT,CRITICAL DRY — irrigate immediately,2026-05-20
KAGGLE-00118-T,Kaggle- maize      -118,TEMPERATURE,25.1,C,NORMAL,OPTIMAL — ideal temperature,2026-05-20
KAGGLE-00118-M,Kaggle- maize      -118,MOISTURE,0.296,VWC,WARNING,DRY — schedule irrigation within 24hrs,2026-05-20
KAGGLE-00117-P,Kaggle- maize      -117,PH,6.6,pH,NORMAL,OPTIMAL — ideal for crops,2026-05-20
KAGGLE-00120-M,Kaggle- maize      -120,MOISTURE,0.284,VWC,WARNING,DRY — schedule irrigation within 24hrs,2026-05-20
KAGGLE-00120-P,Kaggle- maize      -120,PH,6.29,pH,NORMAL,OPTIMAL — ideal for crops,2026-05-20
KAGGLE-00119-P,Kaggle- maize      -119,PH,6.03,pH,NORMAL,OPTIMAL — ideal for crops,2026-05-20
KAGGLE-00120-T,Kaggle- maize      -120,TEMPERATURE,18.1,C,WARNING,COOL — suboptimal for crops,2026-05-20
KAGGLE-00122-T,Kaggle- maize      -122,TEMPERATURE,18.1,C,WARNING,COOL — suboptimal for crops,2026-05-20
KAGGLE-00122-P,Kaggle- maize      -122,PH,5.57,pH,NORMAL,OPTIMAL — ideal for crops,2026-05-20
KAGGLE-00121-P,Kaggle- maize      -121,PH,6.55,pH,NORMAL,OPTIMAL — ideal for crops,2026-05-20
KAGGLE-00122-M,Kaggle- maize      -122,MOISTURE,0.165,VWC,ALERT,CRITICAL DRY — irrigate immediately,2026-05-20
KAGGLE-00121-M,Kaggle- maize      -121,MOISTURE,0.251,VWC,WARNING,DRY — schedule irrigation within 24hrs,2026-05-20
KAGGLE-00121-T,Kaggle- maize      -121,TEMPERATURE,24.9,C,NORMAL,OPTIMAL — ideal temperature,2026-05-20
KAGGLE-00124-T,Kaggle- maize      -124,TEMPERATURE,18.8,C,WARNING,COOL — suboptimal for crops,2026-05-20
KAGGLE-00123-P,Kaggle- maize      -123,PH,6.83,pH,WARNING,ALKALINE — nutrient availability reduced,2026-05-20
KAGGLE-00124-M,Kaggle- maize      -124,MOISTURE,0.207,VWC,WARNING,DRY — schedule irrigation within 24hrs,2026-05-20
KAGGLE-00123-T,Kaggle- maize      -123,TEMPERATURE,18.3,C,WARNING,COOL — suboptimal for crops,2026-05-20
KAGGLE-00123-M,Kaggle- maize      -123,MOISTURE,0.106,VWC,ALERT,CRITICAL DRY — irrigate immediately,2026-05-20
KAGGLE-00124-P,Kaggle- maize      -124,PH,5.72,pH,NORMAL,OPTIMAL — ideal for crops,2026-05-20
KAGGLE-00125-M,Kaggle- maize      -125,MOISTURE,0.212,VWC,WARNING,DRY — schedule irrigation within 24hrs,2026-05-20
KAGGLE-00126-M,Kaggle- maize      -126,MOISTURE,0.266,VWC,WARNING,DRY — schedule irrigation within 24hrs,2026-05-20
KAGGLE-00125-P,Kaggle- maize      -125,PH,5.55,pH,NORMAL,OPTIMAL — ideal for crops,2026-05-20
KAGGLE-00125-T,Kaggle- maize      -125,TEMPERATURE,25.7,C,NORMAL,OPTIMAL — ideal temperature,2026-05-20
KAGGLE-00126-T,Kaggle- maize      -126,TEMPERATURE,25.3,C,NORMAL,OPTIMAL — ideal temperature,2026-05-20
KAGGLE-00127-M,Kaggle- maize      -127,MOISTURE,0.198,VWC,ALERT,CRITICAL DRY — irrigate immediately,2026-05-20
KAGGLE-00126-P,Kaggle- maize      -126,PH,6.59,pH,NORMAL,OPTIMAL — ideal for crops,2026-05-20
KAGGLE-00128-T,Kaggle- maize      -128,TEMPERATURE,21.5,C,NORMAL,OPTIMAL — ideal temperature,2026-05-20
KAGGLE-00128-M,Kaggle- maize      -128,MOISTURE,0.134,VWC,ALERT,CRITICAL DRY — irrigate immediately,2026-05-20
KAGGLE-00127-P,Kaggle- maize      -127,PH,5.89,pH,NORMAL,OPTIMAL — ideal for crops,2026-05-20
KAGGLE-00127-T,Kaggle- maize      -127,TEMPERATURE,23.9,C,NORMAL,OPTIMAL — ideal temperature,2026-05-20
KAGGLE-00129-T,Kaggle- maize      -129,TEMPERATURE,23.1,C,NORMAL,OPTIMAL — ideal temperature,2026-05-20
KAGGLE-00129-M,Kaggle- maize      -129,MOISTURE,0.118,VWC,ALERT,CRITICAL DRY — irrigate immediately,2026-05-20
KAGGLE-00128-P,Kaggle- maize      -128,PH,5.92,pH,NORMAL,OPTIMAL — ideal for crops,2026-05-20
KAGGLE-00130-T,Kaggle- maize      -130,TEMPERATURE,25.6,C,NORMAL,OPTIMAL — ideal temperature,2026-05-20
KAGGLE-00130-M,Kaggle- maize      -130,MOISTURE,0.207,VWC,WARNING,DRY — schedule irrigation within 24hrs,2026-05-20
KAGGLE-00129-P,Kaggle- maize      -129,PH,5.59,pH,NORMAL,OPTIMAL — ideal for crops,2026-05-20
KAGGLE-00131-T,Kaggle- maize      -131,TEMPERATURE,21.4,C,NORMAL,OPTIMAL — ideal temperature,2026-05-20
KAGGLE-00131-M,Kaggle- maize      -131,MOISTURE,0.12,VWC,ALERT,CRITICAL DRY — irrigate immediately,2026-05-20
KAGGLE-00130-P,Kaggle- maize      -130,PH,6.58,pH,NORMAL,OPTIMAL — ideal for crops,2026-05-20
KAGGLE-00132-P,Kaggle- maize      -132,PH,6.64,pH,NORMAL,OPTIMAL — ideal for crops,2026-05-20
KAGGLE-00132-T,Kaggle- maize      -132,TEMPERATURE,18.5,C,WARNING,COOL — suboptimal for crops,2026-05-20
KAGGLE-00132-M,Kaggle- maize      -132,MOISTURE,0.108,VWC,ALERT,CRITICAL DRY — irrigate immediately,2026-05-20
KAGGLE-00131-P,Kaggle- maize      -131,PH,6.18,pH,NORMAL,OPTIMAL — ideal for crops,2026-05-20
KAGGLE-00134-M,Kaggle- maize      -134,MOISTURE,0.26,VWC,WARNING,DRY — schedule irrigation within 24hrs,2026-05-20
KAGGLE-00133-P,Kaggle- maize      -133,PH,6.49,pH,NORMAL,OPTIMAL — ideal for crops,2026-05-20
KAGGLE-00133-T,Kaggle- maize      -133,TEMPERATURE,22.5,C,NORMAL,OPTIMAL — ideal temperature,2026-05-20
KAGGLE-00133-M,Kaggle- maize      -133,MOISTURE,0.103,VWC,ALERT,CRITICAL DRY — irrigate immediately,2026-05-20
KAGGLE-00135-M,Kaggle- maize      -135,MOISTURE,0.161,VWC,ALERT,CRITICAL DRY — irrigate immediately,2026-05-20
KAGGLE-00134-P,Kaggle- maize      -134,PH,5.68,pH,NORMAL,OPTIMAL — ideal for crops,2026-05-20
KAGGLE-00134-T,Kaggle- maize      -134,TEMPERATURE,23.0,C,NORMAL,OPTIMAL — ideal temperature,2026-05-20
KAGGLE-00136-T,Kaggle- maize      -136,TEMPERATURE,25.8,C,NORMAL,OPTIMAL — ideal temperature,2026-05-20
KAGGLE-00136-M,Kaggle- maize      -136,MOISTURE,0.162,VWC,ALERT,CRITICAL DRY — irrigate immediately,2026-05-20
KAGGLE-00135-T,Kaggle- maize      -135,TEMPERATURE,24.9,C,NORMAL,OPTIMAL — ideal temperature,2026-05-20
KAGGLE-00135-P,Kaggle- maize      -135,PH,6.63,pH,NORMAL,OPTIMAL — ideal for crops,2026-05-20
KAGGLE-00137-T,Kaggle- maize      -137,TEMPERATURE,19.4,C,WARNING,COOL — suboptimal for crops,2026-05-20
KAGGLE-00137-M,Kaggle- maize      -137,MOISTURE,0.155,VWC,ALERT,CRITICAL DRY — irrigate immediately,2026-05-20
KAGGLE-00136-P,Kaggle- maize      -136,PH,6.52,pH,NORMAL,OPTIMAL — ideal for crops,2026-05-20
KAGGLE-00138-T,Kaggle- maize      -138,TEMPERATURE,21.5,C,NORMAL,OPTIMAL — ideal temperature,2026-05-20
KAGGLE-00137-P,Kaggle- maize      -137,PH,5.7,pH,NORMAL,OPTIMAL — ideal for crops,2026-05-20
KAGGLE-00138-M,Kaggle- maize      -138,MOISTURE,0.254,VWC,WARNING,DRY — schedule irrigation within 24hrs,2026-05-20
KAGGLE-00139-M,Kaggle- maize      -139,MOISTURE,0.227,VWC,WARNING,DRY — schedule irrigation within 24hrs,2026-05-20
KAGGLE-00138-P,Kaggle- maize      -138,PH,6.8,pH,NORMAL,OPTIMAL — ideal for crops,2026-05-20
KAGGLE-00139-T,Kaggle- maize      -139,TEMPERATURE,23.8,C,NORMAL,OPTIMAL — ideal temperature,2026-05-20
KAGGLE-00140-M,Kaggle- maize      -140,MOISTURE,0.288,VWC,WARNING,DRY — schedule irrigation within 24hrs,2026-05-20
KAGGLE-00140-T,Kaggle- maize      -140,TEMPERATURE,19.0,C,WARNING,COOL — suboptimal for crops,2026-05-20
KAGGLE-00139-P,Kaggle- maize      -139,PH,6.25,pH,NORMAL,OPTIMAL — ideal for crops,2026-05-20
KAGGLE-00140-P,Kaggle- maize      -140,PH,6.09,pH,NORMAL,OPTIMAL — ideal for crops,2026-05-20
KAGGLE-00141-M,Kaggle- maize      -141,MOISTURE,0.147,VWC,ALERT,CRITICAL DRY — irrigate immediately,2026-05-20
KAGGLE-00141-T,Kaggle- maize      -141,TEMPERATURE,24.1,C,NORMAL,OPTIMAL — ideal temperature,2026-05-20
KAGGLE-00141-P,Kaggle- maize      -141,PH,6.23,pH,NORMAL,OPTIMAL — ideal for crops,2026-05-20
KAGGLE-00142-P,Kaggle- maize      -142,PH,5.72,pH,NORMAL,OPTIMAL — ideal for crops,2026-05-20
KAGGLE-00142-T,Kaggle- maize      -142,TEMPERATURE,24.8,C,NORMAL,OPTIMAL — ideal temperature,2026-05-20
KAGGLE-00142-M,Kaggle- maize      -142,MOISTURE,0.176,VWC,ALERT,CRITICAL DRY — irrigate immediately,2026-05-20
KAGGLE-00143-P,Kaggle- maize      -143,PH,6.43,pH,NORMAL,OPTIMAL — ideal for crops,2026-05-20
KAGGLE-00143-T,Kaggle- maize      -143,TEMPERATURE,21.6,C,NORMAL,OPTIMAL — ideal temperature,2026-05-20
KAGGLE-00143-M,Kaggle- maize      -143,MOISTURE,0.256,VWC,WARNING,DRY — schedule irrigation within 24hrs,2026-05-20
KAGGLE-00144-T,Kaggle- maize      -144,TEMPERATURE,25.4,C,NORMAL,OPTIMAL — ideal temperature,2026-05-20
KAGGLE-00144-M,Kaggle- maize      -144,MOISTURE,0.244,VWC,WARNING,DRY — schedule irrigation within 24hrs,2026-05-20
KAGGLE-00145-T,Kaggle- maize      -145,TEMPERATURE,22.2,C,NORMAL,OPTIMAL — ideal temperature,2026-05-20
KAGGLE-00145-M,Kaggle- maize      -145,MOISTURE,0.224,VWC,WARNING,DRY — schedule irrigation within 24hrs,2026-05-20
KAGGLE-00144-P,Kaggle- maize      -144,PH,5.98,pH,NORMAL,OPTIMAL — ideal for crops,2026-05-20
KAGGLE-00146-T,Kaggle- maize      -146,TEMPERATURE,20.6,C,NORMAL,OPTIMAL — ideal temperature,2026-05-20
KAGGLE-00146-M,Kaggle- maize      -146,MOISTURE,0.145,VWC,ALERT,CRITICAL DRY — irrigate immediately,2026-05-20
KAGGLE-00145-P,Kaggle- maize      -145,PH,6.8,pH,NORMAL,OPTIMAL — ideal for crops,2026-05-20
KAGGLE-00146-P,Kaggle- maize      -146,PH,6.5,pH,NORMAL,OPTIMAL — ideal for crops,2026-05-20
KAGGLE-00147-M,Kaggle- maize      -147,MOISTURE,0.213,VWC,WARNING,DRY — schedule irrigation within 24hrs,2026-05-20
KAGGLE-00147-T,Kaggle- maize      -147,TEMPERATURE,24.9,C,NORMAL,OPTIMAL — ideal temperature,2026-05-20
KAGGLE-00147-P,Kaggle- maize      -147,PH,6.27,pH,NORMAL,OPTIMAL — ideal for crops,2026-05-20
KAGGLE-00148-M,Kaggle- maize      -148,MOISTURE,0.25,VWC,WARNING,DRY — schedule irrigation within 24hrs,2026-05-20
KAGGLE-00148-T,Kaggle- maize      -148,TEMPERATURE,20.0,C,NORMAL,OPTIMAL — ideal temperature,2026-05-20
KAGGLE-00148-P,Kaggle- maize      -148,PH,6.73,pH,NORMAL,OPTIMAL — ideal for crops,2026-05-20
KAGGLE-00149-M,Kaggle- maize      -149,MOISTURE,0.275,VWC,WARNING,DRY — schedule irrigation within 24hrs,2026-05-20
KAGGLE-00150-M,Kaggle- maize      -150,MOISTURE,0.284,VWC,WARNING,DRY — schedule irrigation within 24hrs,2026-05-20
KAGGLE-00151-M,Kaggle- maize      -151,MOISTURE,0.254,VWC,WARNING,DRY — schedule irrigation within 24hrs,2026-05-20
KAGGLE-00150-T,Kaggle- maize      -150,TEMPERATURE,19.3,C,WARNING,COOL — suboptimal for crops,2026-05-20
KAGGLE-00150-P,Kaggle- maize      -150,PH,6.81,pH,WARNING,ALKALINE — nutrient availability reduced,2026-05-20
KAGGLE-00149-P,Kaggle- maize      -149,PH,6.33,pH,NORMAL,OPTIMAL — ideal for crops,2026-05-20
KAGGLE-00149-T,Kaggle- maize      -149,TEMPERATURE,26.0,C,NORMAL,OPTIMAL — ideal temperature,2026-05-20
KAGGLE-00152-P,Kaggle- maize      -152,PH,6.65,pH,NORMAL,OPTIMAL — ideal for crops,2026-05-20
KAGGLE-00152-T,Kaggle- maize      -152,TEMPERATURE,24.7,C,NORMAL,OPTIMAL — ideal temperature,2026-05-20
KAGGLE-00151-P,Kaggle- maize      -151,PH,6.67,pH,NORMAL,OPTIMAL — ideal for crops,2026-05-20
KAGGLE-00151-T,Kaggle- maize      -151,TEMPERATURE,20.6,C,NORMAL,OPTIMAL — ideal temperature,2026-05-20
KAGGLE-00152-M,Kaggle- maize      -152,MOISTURE,0.284,VWC,WARNING,DRY — schedule irrigation within 24hrs,2026-05-20
KAGGLE-00154-M,Kaggle- maize      -154,MOISTURE,0.209,VWC,WARNING,DRY — schedule irrigation within 24hrs,2026-05-20
KAGGLE-00153-T,Kaggle- maize      -153,TEMPERATURE,20.3,C,NORMAL,OPTIMAL — ideal temperature,2026-05-20
KAGGLE-00153-M,Kaggle- maize      -153,MOISTURE,0.172,VWC,ALERT,CRITICAL DRY — irrigate immediately,2026-05-20
KAGGLE-00153-P,Kaggle- maize      -153,PH,6.44,pH,NORMAL,OPTIMAL — ideal for crops,2026-05-20
KAGGLE-00154-T,Kaggle- maize      -154,TEMPERATURE,18.4,C,WARNING,COOL — suboptimal for crops,2026-05-20
KAGGLE-00155-T,Kaggle- maize      -155,TEMPERATURE,23.4,C,NORMAL,OPTIMAL — ideal temperature,2026-05-20
KAGGLE-00155-M,Kaggle- maize      -155,MOISTURE,0.202,VWC,WARNING,DRY — schedule irrigation within 24hrs,2026-05-20
KAGGLE-00154-P,Kaggle- maize      -154,PH,6.47,pH,NORMAL,OPTIMAL — ideal for crops,2026-05-20
KAGGLE-00155-P,Kaggle- maize      -155,PH,5.87,pH,NORMAL,OPTIMAL — ideal for crops,2026-05-20
KAGGLE-00156-M,Kaggle- maize      -156,MOISTURE,0.272,VWC,WARNING,DRY — schedule irrigation within 24hrs,2026-05-20
KAGGLE-00156-P,Kaggle- maize      -156,PH,5.73,pH,NORMAL,OPTIMAL — ideal for crops,2026-05-20
KAGGLE-00156-T,Kaggle- maize      -156,TEMPERATURE,19.8,C,WARNING,COOL — suboptimal for crops,2026-05-20
KAGGLE-00157-T,Kaggle- maize      -157,TEMPERATURE,21.9,C,NORMAL,OPTIMAL — ideal temperature,2026-05-20
KAGGLE-00157-M,Kaggle- maize      -157,MOISTURE,0.258,VWC,WARNING,DRY — schedule irrigation within 24hrs,2026-05-20
KAGGLE-00157-P,Kaggle- maize      -157,PH,5.85,pH,NORMAL,OPTIMAL — ideal for crops,2026-05-20
KAGGLE-00158-M,Kaggle- maize      -158,MOISTURE,0.146,VWC,ALERT,CRITICAL DRY — irrigate immediately,2026-05-20
KAGGLE-00158-T,Kaggle- maize      -158,TEMPERATURE,22.8,C,NORMAL,OPTIMAL — ideal temperature,2026-05-20
KAGGLE-00159-T,Kaggle- maize      -159,TEMPERATURE,19.1,C,WARNING,COOL — suboptimal for crops,2026-05-20
KAGGLE-00159-M,Kaggle- maize      -159,MOISTURE,0.184,VWC,ALERT,CRITICAL DRY — irrigate immediately,2026-05-20
KAGGLE-00158-P,Kaggle- maize      -158,PH,5.79,pH,NORMAL,OPTIMAL — ideal for crops,2026-05-20
KAGGLE-00160-M,Kaggle- maize      -160,MOISTURE,0.118,VWC,ALERT,CRITICAL DRY — irrigate immediately,2026-05-20
KAGGLE-00159-P,Kaggle- maize      -159,PH,6.74,pH,NORMAL,OPTIMAL — ideal for crops,2026-05-20
KAGGLE-00160-P,Kaggle- maize      -160,PH,6.27,pH,NORMAL,OPTIMAL — ideal for crops,2026-05-20
KAGGLE-00160-T,Kaggle- maize      -160,TEMPERATURE,22.0,C,NORMAL,OPTIMAL — ideal temperature,2026-05-20
KAGGLE-00161-T,Kaggle- maize      -161,TEMPERATURE,23.8,C,NORMAL,OPTIMAL — ideal temperature,2026-05-20
KAGGLE-00161-M,Kaggle- maize      -161,MOISTURE,0.2,VWC,WARNING,DRY — schedule irrigation within 24hrs,2026-05-20
KAGGLE-00162-T,Kaggle- maize      -162,TEMPERATURE,18.5,C,WARNING,COOL — suboptimal for crops,2026-05-20
KAGGLE-00162-M,Kaggle- maize      -162,MOISTURE,0.181,VWC,ALERT,CRITICAL DRY — irrigate immediately,2026-05-20
KAGGLE-00161-P,Kaggle- maize      -161,PH,5.72,pH,NORMAL,OPTIMAL — ideal for crops,2026-05-20
KAGGLE-00162-P,Kaggle- maize      -162,PH,5.77,pH,NORMAL,OPTIMAL — ideal for crops,2026-05-20
KAGGLE-00163-M,Kaggle- maize      -163,MOISTURE,0.293,VWC,WARNING,DRY — schedule irrigation within 24hrs,2026-05-20
KAGGLE-00163-T,Kaggle- maize      -163,TEMPERATURE,23.5,C,NORMAL,OPTIMAL — ideal temperature,2026-05-20
KAGGLE-00163-P,Kaggle- maize      -163,PH,5.58,pH,NORMAL,OPTIMAL — ideal for crops,2026-05-20
KAGGLE-00164-T,Kaggle- maize      -164,TEMPERATURE,26.5,C,NORMAL,OPTIMAL — ideal temperature,2026-05-20
KAGGLE-00164-M,Kaggle- maize      -164,MOISTURE,0.193,VWC,ALERT,CRITICAL DRY — irrigate immediately,2026-05-20
KAGGLE-00164-P,Kaggle- maize      -164,PH,5.79,pH,NORMAL,OPTIMAL — ideal for crops,2026-05-20
KAGGLE-00165-M,Kaggle- maize      -165,MOISTURE,0.163,VWC,ALERT,CRITICAL DRY — irrigate immediately,2026-05-20
KAGGLE-00165-T,Kaggle- maize      -165,TEMPERATURE,19.3,C,WARNING,COOL — suboptimal for crops,2026-05-20
KAGGLE-00165-P,Kaggle- maize      -165,PH,5.78,pH,NORMAL,OPTIMAL — ideal for crops,2026-05-20
KAGGLE-00166-M,Kaggle- maize      -166,MOISTURE,0.155,VWC,ALERT,CRITICAL DRY — irrigate immediately,2026-05-20
KAGGLE-00166-T,Kaggle- maize      -166,TEMPERATURE,20.7,C,NORMAL,OPTIMAL — ideal temperature,2026-05-20
KAGGLE-00166-P,Kaggle- maize      -166,PH,6.86,pH,WARNING,ALKALINE — nutrient availability reduced,2026-05-20
KAGGLE-00167-M,Kaggle- maize      -167,MOISTURE,0.266,VWC,WARNING,DRY — schedule irrigation within 24hrs,2026-05-20
KAGGLE-00167-P,Kaggle- maize      -167,PH,6.19,pH,NORMAL,OPTIMAL — ideal for crops,2026-05-20
KAGGLE-00167-T,Kaggle- maize      -167,TEMPERATURE,19.3,C,WARNING,COOL — suboptimal for crops,2026-05-20
KAGGLE-00168-M,Kaggle- maize      -168,MOISTURE,0.156,VWC,ALERT,CRITICAL DRY — irrigate immediately,2026-05-20
KAGGLE-00168-T,Kaggle- maize      -168,TEMPERATURE,24.6,C,NORMAL,OPTIMAL — ideal temperature,2026-05-20
KAGGLE-00168-P,Kaggle- maize      -168,PH,6.64,pH,NORMAL,OPTIMAL — ideal for crops,2026-05-20
KAGGLE-00169-M,Kaggle- maize      -169,MOISTURE,0.157,VWC,ALERT,CRITICAL DRY — irrigate immediately,2026-05-20
KAGGLE-00169-T,Kaggle- maize      -169,TEMPERATURE,22.3,C,NORMAL,OPTIMAL — ideal temperature,2026-05-20
KAGGLE-00169-P,Kaggle- maize      -169,PH,5.83,pH,NORMAL,OPTIMAL — ideal for crops,2026-05-20
KAGGLE-00170-M,Kaggle- maize      -170,MOISTURE,0.174,VWC,ALERT,CRITICAL DRY — irrigate immediately,2026-05-20
KAGGLE-00170-P,Kaggle- maize      -170,PH,6.96,pH,WARNING,ALKALINE — nutrient availability reduced,2026-05-20
KAGGLE-00170-T,Kaggle- maize      -170,TEMPERATURE,25.7,C,NORMAL,OPTIMAL — ideal temperature,2026-05-20
KAGGLE-00171-T,Kaggle- maize      -171,TEMPERATURE,19.2,C,WARNING,COOL — suboptimal for crops,2026-05-20
KAGGLE-00171-M,Kaggle- maize      -171,MOISTURE,0.162,VWC,ALERT,CRITICAL DRY — irrigate immediately,2026-05-20
KAGGLE-00172-M,Kaggle- maize      -172,MOISTURE,0.189,VWC,ALERT,CRITICAL DRY — irrigate immediately,2026-05-20
KAGGLE-00171-P,Kaggle- maize      -171,PH,6.11,pH,NORMAL,OPTIMAL — ideal for crops,2026-05-20
KAGGLE-00172-T,Kaggle- maize      -172,TEMPERATURE,21.7,C,NORMAL,OPTIMAL — ideal temperature,2026-05-20
KAGGLE-00172-P,Kaggle- maize      -172,PH,6.71,pH,NORMAL,OPTIMAL — ideal for crops,2026-05-20
KAGGLE-00173-M,Kaggle- maize      -173,MOISTURE,0.248,VWC,WARNING,DRY — schedule irrigation within 24hrs,2026-05-20
KAGGLE-00173-T,Kaggle- maize      -173,TEMPERATURE,20.5,C,NORMAL,OPTIMAL — ideal temperature,2026-05-20
KAGGLE-00174-M,Kaggle- maize      -174,MOISTURE,0.158,VWC,ALERT,CRITICAL DRY — irrigate immediately,2026-05-20
KAGGLE-00173-P,Kaggle- maize      -173,PH,5.56,pH,NORMAL,OPTIMAL — ideal for crops,2026-05-20
KAGGLE-00174-T,Kaggle- maize      -174,TEMPERATURE,23.3,C,NORMAL,OPTIMAL — ideal temperature,2026-05-20
KAGGLE-00174-P,Kaggle- maize      -174,PH,5.87,pH,NORMAL,OPTIMAL — ideal for crops,2026-05-20
KAGGLE-00175-M,Kaggle- maize      -175,MOISTURE,0.151,VWC,ALERT,CRITICAL DRY — irrigate immediately,2026-05-20
KAGGLE-00175-P,Kaggle- maize      -175,PH,7.0,pH,WARNING,ALKALINE — nutrient availability reduced,2026-05-20
KAGGLE-00175-T,Kaggle- maize      -175,TEMPERATURE,24.3,C,NORMAL,OPTIMAL — ideal temperature,2026-05-20
KAGGLE-00176-T,Kaggle- maize      -176,TEMPERATURE,24.9,C,NORMAL,OPTIMAL — ideal temperature,2026-05-20
KAGGLE-00176-M,Kaggle- maize      -176,MOISTURE,0.118,VWC,ALERT,CRITICAL DRY — irrigate immediately,2026-05-20
KAGGLE-00177-M,Kaggle- maize      -177,MOISTURE,0.273,VWC,WARNING,DRY — schedule irrigation within 24hrs,2026-05-20
KAGGLE-00177-T,Kaggle- maize      -177,TEMPERATURE,22.6,C,NORMAL,OPTIMAL — ideal temperature,2026-05-20
KAGGLE-00176-P,Kaggle- maize      -176,PH,5.71,pH,NORMAL,OPTIMAL — ideal for crops,2026-05-20
KAGGLE-00177-P,Kaggle- maize      -177,PH,6.78,pH,NORMAL,OPTIMAL — ideal for crops,2026-05-20
KAGGLE-00178-T,Kaggle- maize      -178,TEMPERATURE,18.0,C,WARNING,COOL — suboptimal for crops,2026-05-20
KAGGLE-00178-M,Kaggle- maize      -178,MOISTURE,0.131,VWC,ALERT,CRITICAL DRY — irrigate immediately,2026-05-20
KAGGLE-00178-P,Kaggle- maize      -178,PH,5.51,pH,NORMAL,OPTIMAL — ideal for crops,2026-05-20
KAGGLE-00179-M,Kaggle- maize      -179,MOISTURE,0.173,VWC,ALERT,CRITICAL DRY — irrigate immediately,2026-05-20
KAGGLE-00179-T,Kaggle- maize      -179,TEMPERATURE,23.3,C,NORMAL,OPTIMAL — ideal temperature,2026-05-20
KAGGLE-00179-P,Kaggle- maize      -179,PH,5.8,pH,NORMAL,OPTIMAL — ideal for crops,2026-05-20
KAGGLE-00180-T,Kaggle- maize      -180,TEMPERATURE,22.9,C,NORMAL,OPTIMAL — ideal temperature,2026-05-20
KAGGLE-00180-M,Kaggle- maize      -180,MOISTURE,0.252,VWC,WARNING,DRY — schedule irrigation within 24hrs,2026-05-20
KAGGLE-00182-T,Kaggle- maize      -182,TEMPERATURE,26.1,C,NORMAL,OPTIMAL — ideal temperature,2026-05-20
KAGGLE-00182-M,Kaggle- maize      -182,MOISTURE,0.246,VWC,WARNING,DRY — schedule irrigation within 24hrs,2026-05-20
KAGGLE-00181-P,Kaggle- maize      -181,PH,6.82,pH,WARNING,ALKALINE — nutrient availability reduced,2026-05-20
KAGGLE-00181-T,Kaggle- maize      -181,TEMPERATURE,26.0,C,NORMAL,OPTIMAL — ideal temperature,2026-05-20
KAGGLE-00181-M,Kaggle- maize      -181,MOISTURE,0.22,VWC,WARNING,DRY — schedule irrigation within 24hrs,2026-05-20
KAGGLE-00180-P,Kaggle- maize      -180,PH,6.35,pH,NORMAL,OPTIMAL — ideal for crops,2026-05-20
KAGGLE-00184-M,Kaggle- maize      -184,MOISTURE,0.244,VWC,WARNING,DRY — schedule irrigation within 24hrs,2026-05-20
KAGGLE-00183-P,Kaggle- maize      -183,PH,6.12,pH,NORMAL,OPTIMAL — ideal for crops,2026-05-20
KAGGLE-00183-T,Kaggle- maize      -183,TEMPERATURE,18.7,C,WARNING,COOL — suboptimal for crops,2026-05-20
KAGGLE-00183-M,Kaggle- maize      -183,MOISTURE,0.239,VWC,WARNING,DRY — schedule irrigation within 24hrs,2026-05-20
KAGGLE-00182-P,Kaggle- maize      -182,PH,6.66,pH,NORMAL,OPTIMAL — ideal for crops,2026-05-20
KAGGLE-00184-P,Kaggle- maize      -184,PH,5.79,pH,NORMAL,OPTIMAL — ideal for crops,2026-05-20
KAGGLE-00184-T,Kaggle- maize      -184,TEMPERATURE,25.1,C,NORMAL,OPTIMAL — ideal temperature,2026-05-20
KAGGLE-00185-M,Kaggle- maize      -185,MOISTURE,0.222,VWC,WARNING,DRY — schedule irrigation within 24hrs,2026-05-20
KAGGLE-00185-T,Kaggle- maize      -185,TEMPERATURE,23.3,C,NORMAL,OPTIMAL — ideal temperature,2026-05-20
KAGGLE-00186-M,Kaggle- maize      -186,MOISTURE,0.149,VWC,ALERT,CRITICAL DRY — irrigate immediately,2026-05-20
KAGGLE-00187-M,Kaggle- maize      -187,MOISTURE,0.154,VWC,ALERT,CRITICAL DRY — irrigate immediately,2026-05-20
KAGGLE-00186-P,Kaggle- maize      -186,PH,6.46,pH,NORMAL,OPTIMAL — ideal for crops,2026-05-20
KAGGLE-00185-P,Kaggle- maize      -185,PH,6.47,pH,NORMAL,OPTIMAL — ideal for crops,2026-05-20
KAGGLE-00190-M,Kaggle- maize      -190,MOISTURE,0.298,VWC,WARNING,DRY — schedule irrigation within 24hrs,2026-05-20
KAGGLE-00191-P,Kaggle- maize      -191,PH,6.64,pH,NORMAL,OPTIMAL — ideal for crops,2026-05-20
KAGGLE-00187-T,Kaggle- maize      -187,TEMPERATURE,25.4,C,NORMAL,OPTIMAL — ideal temperature,2026-05-20
KAGGLE-00189-M,Kaggle- maize      -189,MOISTURE,0.214,VWC,WARNING,DRY — schedule irrigation within 24hrs,2026-05-20
KAGGLE-00194-P,Kaggle- maize      -194,PH,6.66,pH,NORMAL,OPTIMAL — ideal for crops,2026-05-20
KAGGLE-00188-T,Kaggle- maize      -188,TEMPERATURE,25.3,C,NORMAL,OPTIMAL — ideal temperature,2026-05-20
KAGGLE-00188-M,Kaggle- maize      -188,MOISTURE,0.255,VWC,WARNING,DRY — schedule irrigation within 24hrs,2026-05-20
KAGGLE-00190-T,Kaggle- maize      -190,TEMPERATURE,18.7,C,WARNING,COOL — suboptimal for crops,2026-05-20
KAGGLE-00189-P,Kaggle- maize      -189,PH,6.53,pH,NORMAL,OPTIMAL — ideal for crops,2026-05-20
KAGGLE-00190-P,Kaggle- maize      -190,PH,5.72,pH,NORMAL,OPTIMAL — ideal for crops,2026-05-20
KAGGLE-00187-P,Kaggle- maize      -187,PH,6.61,pH,NORMAL,OPTIMAL — ideal for crops,2026-05-20
KAGGLE-00191-T,Kaggle- maize      -191,TEMPERATURE,20.4,C,NORMAL,OPTIMAL — ideal temperature,2026-05-20
KAGGLE-00191-M,Kaggle- maize      -191,MOISTURE,0.225,VWC,WARNING,DRY — schedule irrigation within 24hrs,2026-05-20
KAGGLE-00193-P,Kaggle- maize      -193,PH,6.25,pH,NORMAL,OPTIMAL — ideal for crops,2026-05-20
KAGGLE-00193-T,Kaggle- maize      -193,TEMPERATURE,26.2,C,NORMAL,OPTIMAL — ideal temperature,2026-05-20
KAGGLE-00193-M,Kaggle- maize      -193,MOISTURE,0.252,VWC,WARNING,DRY — schedule irrigation within 24hrs,2026-05-20
KAGGLE-00192-P,Kaggle- maize      -192,PH,6.38,pH,NORMAL,OPTIMAL — ideal for crops,2026-05-20
KAGGLE-00192-T,Kaggle- maize      -192,TEMPERATURE,18.1,C,WARNING,COOL — suboptimal for crops,2026-05-20
KAGGLE-00195-M,Kaggle- maize      -195,MOISTURE,0.265,VWC,WARNING,DRY — schedule irrigation within 24hrs,2026-05-20
KAGGLE-00192-M,Kaggle- maize      -192,MOISTURE,0.222,VWC,WARNING,DRY — schedule irrigation within 24hrs,2026-05-20
KAGGLE-00194-T,Kaggle- maize      -194,TEMPERATURE,18.7,C,WARNING,COOL — suboptimal for crops,2026-05-20
KAGGLE-00188-P,Kaggle- maize      -188,PH,6.33,pH,NORMAL,OPTIMAL — ideal for crops,2026-05-20
KAGGLE-00194-M,Kaggle- maize      -194,MOISTURE,0.108,VWC,ALERT,CRITICAL DRY — irrigate immediately,2026-05-20
KAGGLE-00195-T,Kaggle- maize      -195,TEMPERATURE,26.1,C,NORMAL,OPTIMAL — ideal temperature,2026-05-20
KAGGLE-00195-P,Kaggle- maize      -195,PH,6.2,pH,NORMAL,OPTIMAL — ideal for crops,2026-05-20
KAGGLE-00186-T,Kaggle- maize      -186,TEMPERATURE,25.1,C,NORMAL,OPTIMAL — ideal temperature,2026-05-20
KAGGLE-00189-T,Kaggle- maize      -189,TEMPERATURE,25.0,C,NORMAL,OPTIMAL — ideal temperature,2026-05-20
KAGGLE-00196-M,Kaggle- maize      -196,MOISTURE,0.142,VWC,ALERT,CRITICAL DRY — irrigate immediately,2026-05-20
KAGGLE-00198-M,Kaggle- maize      -198,MOISTURE,0.274,VWC,WARNING,DRY — schedule irrigation within 24hrs,2026-05-20
KAGGLE-00196-P,Kaggle- maize      -196,PH,6.16,pH,NORMAL,OPTIMAL — ideal for crops,2026-05-20
KAGGLE-00199-T,Kaggle- maize      -199,TEMPERATURE,19.7,C,WARNING,COOL — suboptimal for crops,2026-05-20
KAGGLE-00197-M,Kaggle- maize      -197,MOISTURE,0.146,VWC,ALERT,CRITICAL DRY — irrigate immediately,2026-05-20
KAGGLE-00198-T,Kaggle- maize      -198,TEMPERATURE,18.7,C,WARNING,COOL — suboptimal for crops,2026-05-20
KAGGLE-00202-T,Kaggle- chickpea   -202,TEMPERATURE,19.0,C,WARNING,COOL — suboptimal for crops,2026-05-20
KAGGLE-00202-M,Kaggle- chickpea   -202,MOISTURE,0.271,VWC,WARNING,DRY — schedule irrigation within 24hrs,2026-05-20
KAGGLE-00201-P,Kaggle- chickpea   -201,PH,7.49,pH,WARNING,ALKALINE — nutrient availability reduced,2026-05-20
KAGGLE-00203-M,Kaggle- chickpea   -203,MOISTURE,0.103,VWC,ALERT,CRITICAL DRY — irrigate immediately,2026-05-20
KAGGLE-00202-P,Kaggle- chickpea   -202,PH,6.92,pH,WARNING,ALKALINE — nutrient availability reduced,2026-05-20
KAGGLE-00198-P,Kaggle- maize      -198,PH,6.42,pH,NORMAL,OPTIMAL — ideal for crops,2026-05-20
KAGGLE-00203-T,Kaggle- chickpea   -203,TEMPERATURE,17.9,C,WARNING,COOL — suboptimal for crops,2026-05-20
KAGGLE-00200-M,Kaggle- maize      -200,MOISTURE,0.113,VWC,ALERT,CRITICAL DRY — irrigate immediately,2026-05-20
KAGGLE-00201-M,Kaggle- chickpea   -201,MOISTURE,0.179,VWC,ALERT,CRITICAL DRY — irrigate immediately,2026-05-20
KAGGLE-00204-M,Kaggle- chickpea   -204,MOISTURE,0.192,VWC,ALERT,CRITICAL DRY — irrigate immediately,2026-05-20
KAGGLE-00200-P,Kaggle- maize      -200,PH,6.88,pH,WARNING,ALKALINE — nutrient availability reduced,2026-05-20
KAGGLE-00201-T,Kaggle- chickpea   -201,TEMPERATURE,17.0,C,WARNING,COOL — suboptimal for crops,2026-05-20
KAGGLE-00196-T,Kaggle- maize      -196,TEMPERATURE,18.9,C,WARNING,COOL — suboptimal for crops,2026-05-20
KAGGLE-00199-P,Kaggle- maize      -199,PH,6.38,pH,NORMAL,OPTIMAL — ideal for crops,2026-05-20
KAGGLE-00197-T,Kaggle- maize      -197,TEMPERATURE,23.3,C,NORMAL,OPTIMAL — ideal temperature,2026-05-20
KAGGLE-00200-T,Kaggle- maize      -200,TEMPERATURE,25.7,C,NORMAL,OPTIMAL — ideal temperature,2026-05-20
KAGGLE-00197-P,Kaggle- maize      -197,PH,6.39,pH,NORMAL,OPTIMAL — ideal for crops,2026-05-20
KAGGLE-00199-M,Kaggle- maize      -199,MOISTURE,0.239,VWC,WARNING,DRY — schedule irrigation within 24hrs,2026-05-20
KAGGLE-00203-P,Kaggle- chickpea   -203,PH,6.0,pH,NORMAL,OPTIMAL — ideal for crops,2026-05-20
KAGGLE-00204-P,Kaggle- chickpea   -204,PH,6.39,pH,NORMAL,OPTIMAL — ideal for crops,2026-05-20
KAGGLE-00204-T,Kaggle- chickpea   -204,TEMPERATURE,18.9,C,WARNING,COOL — suboptimal for crops,2026-05-20
KAGGLE-00205-P,Kaggle- chickpea   -205,PH,7.15,pH,WARNING,ALKALINE — nutrient availability reduced,2026-05-20
KAGGLE-00205-T,Kaggle- chickpea   -205,TEMPERATURE,18.4,C,WARNING,COOL — suboptimal for crops,2026-05-20
KAGGLE-00205-M,Kaggle- chickpea   -205,MOISTURE,0.174,VWC,ALERT,CRITICAL DRY — irrigate immediately,2026-05-20
KAGGLE-00206-T,Kaggle- chickpea   -206,TEMPERATURE,20.5,C,NORMAL,OPTIMAL — ideal temperature,2026-05-20
KAGGLE-00206-M,Kaggle- chickpea   -206,MOISTURE,0.174,VWC,ALERT,CRITICAL DRY — irrigate immediately,2026-05-20
KAGGLE-00206-P,Kaggle- chickpea   -206,PH,5.99,pH,NORMAL,OPTIMAL — ideal for crops,2026-05-20
KAGGLE-00207-T,Kaggle- chickpea   -207,TEMPERATURE,20.7,C,NORMAL,OPTIMAL — ideal temperature,2026-05-20
KAGGLE-00207-M,Kaggle- chickpea   -207,MOISTURE,0.119,VWC,ALERT,CRITICAL DRY — irrigate immediately,2026-05-20
KAGGLE-00208-M,Kaggle- chickpea   -208,MOISTURE,0.208,VWC,WARNING,DRY — schedule irrigation within 24hrs,2026-05-20
KAGGLE-00207-P,Kaggle- chickpea   -207,PH,6.23,pH,NORMAL,OPTIMAL — ideal for crops,2026-05-20
KAGGLE-00208-P,Kaggle- chickpea   -208,PH,7.55,pH,ALERT,HIGHLY ALKALINE — soil amendment required,2026-05-20
KAGGLE-00208-T,Kaggle- chickpea   -208,TEMPERATURE,17.3,C,WARNING,COOL — suboptimal for crops,2026-05-20
KAGGLE-00209-T,Kaggle- chickpea   -209,TEMPERATURE,18.2,C,WARNING,COOL — suboptimal for crops,2026-05-20
KAGGLE-00209-M,Kaggle- chickpea   -209,MOISTURE,0.169,VWC,ALERT,CRITICAL DRY — irrigate immediately,2026-05-20
KAGGLE-00210-M,Kaggle- chickpea   -210,MOISTURE,0.282,VWC,WARNING,DRY — schedule irrigation within 24hrs,2026-05-20
KAGGLE-00209-P,Kaggle- chickpea   -209,PH,7.01,pH,WARNING,ALKALINE — nutrient availability reduced,2026-05-20
KAGGLE-00210-P,Kaggle- chickpea   -210,PH,8.75,pH,ALERT,HIGHLY ALKALINE — soil amendment required,2026-05-20
KAGGLE-00210-T,Kaggle- chickpea   -210,TEMPERATURE,18.0,C,WARNING,COOL — suboptimal for crops,2026-05-20
KAGGLE-00211-T,Kaggle- chickpea   -211,TEMPERATURE,21.0,C,NORMAL,OPTIMAL — ideal temperature,2026-05-20
KAGGLE-00211-M,Kaggle- chickpea   -211,MOISTURE,0.164,VWC,ALERT,CRITICAL DRY — irrigate immediately,2026-05-20
KAGGLE-00212-M,Kaggle- chickpea   -212,MOISTURE,0.186,VWC,ALERT,CRITICAL DRY — irrigate immediately,2026-05-20
KAGGLE-00211-P,Kaggle- chickpea   -211,PH,8.72,pH,ALERT,HIGHLY ALKALINE — soil amendment required,2026-05-20
KAGGLE-00212-T,Kaggle- chickpea   -212,TEMPERATURE,19.5,C,WARNING,COOL — suboptimal for crops,2026-05-20
KAGGLE-00213-M,Kaggle- chickpea   -213,MOISTURE,0.162,VWC,ALERT,CRITICAL DRY — irrigate immediately,2026-05-20
KAGGLE-00212-P,Kaggle- chickpea   -212,PH,7.98,pH,ALERT,HIGHLY ALKALINE — soil amendment required,2026-05-20
KAGGLE-00213-P,Kaggle- chickpea   -213,PH,6.52,pH,NORMAL,OPTIMAL — ideal for crops,2026-05-20
KAGGLE-00213-T,Kaggle- chickpea   -213,TEMPERATURE,19.8,C,WARNING,COOL — suboptimal for crops,2026-05-20
KAGGLE-00214-M,Kaggle- chickpea   -214,MOISTURE,0.255,VWC,WARNING,DRY — schedule irrigation within 24hrs,2026-05-20
KAGGLE-00214-P,Kaggle- chickpea   -214,PH,8.49,pH,ALERT,HIGHLY ALKALINE — soil amendment required,2026-05-20
KAGGLE-00214-T,Kaggle- chickpea   -214,TEMPERATURE,19.0,C,WARNING,COOL — suboptimal for crops,2026-05-20
KAGGLE-00215-M,Kaggle- chickpea   -215,MOISTURE,0.167,VWC,ALERT,CRITICAL DRY — irrigate immediately,2026-05-20
KAGGLE-00215-T,Kaggle- chickpea   -215,TEMPERATURE,18.2,C,WARNING,COOL — suboptimal for crops,2026-05-20
KAGGLE-00215-P,Kaggle- chickpea   -215,PH,6.58,pH,NORMAL,OPTIMAL — ideal for crops,2026-05-20
KAGGLE-00216-M,Kaggle- chickpea   -216,MOISTURE,0.251,VWC,WARNING,DRY — schedule irrigation within 24hrs,2026-05-20
KAGGLE-00216-P,Kaggle- chickpea   -216,PH,6.48,pH,NORMAL,OPTIMAL — ideal for crops,2026-05-20
KAGGLE-00216-T,Kaggle- chickpea   -216,TEMPERATURE,18.7,C,WARNING,COOL — suboptimal for crops,2026-05-20
KAGGLE-00217-T,Kaggle- chickpea   -217,TEMPERATURE,21.0,C,NORMAL,OPTIMAL — ideal temperature,2026-05-20
KAGGLE-00217-M,Kaggle- chickpea   -217,MOISTURE,0.181,VWC,ALERT,CRITICAL DRY — irrigate immediately,2026-05-20
KAGGLE-00217-P,Kaggle- chickpea   -217,PH,7.97,pH,ALERT,HIGHLY ALKALINE — soil amendment required,2026-05-20
KAGGLE-00218-M,Kaggle- chickpea   -218,MOISTURE,0.175,VWC,ALERT,CRITICAL DRY — irrigate immediately,2026-05-20
KAGGLE-00218-T,Kaggle- chickpea   -218,TEMPERATURE,20.3,C,NORMAL,OPTIMAL — ideal temperature,2026-05-20
KAGGLE-00219-M,Kaggle- chickpea   -219,MOISTURE,0.104,VWC,ALERT,CRITICAL DRY — irrigate immediately,2026-05-20
KAGGLE-00218-P,Kaggle- chickpea   -218,PH,8.14,pH,ALERT,HIGHLY ALKALINE — soil amendment required,2026-05-20
KAGGLE-00219-P,Kaggle- chickpea   -219,PH,7.23,pH,WARNING,ALKALINE — nutrient availability reduced,2026-05-20
KAGGLE-00220-P,Kaggle- chickpea   -220,PH,6.49,pH,NORMAL,OPTIMAL — ideal for crops,2026-05-20
KAGGLE-00220-T,Kaggle- chickpea   -220,TEMPERATURE,20.9,C,NORMAL,OPTIMAL — ideal temperature,2026-05-20
KAGGLE-00220-M,Kaggle- chickpea   -220,MOISTURE,0.262,VWC,WARNING,DRY — schedule irrigation within 24hrs,2026-05-20
KAGGLE-00221-M,Kaggle- chickpea   -221,MOISTURE,0.213,VWC,WARNING,DRY — schedule irrigation within 24hrs,2026-05-20
KAGGLE-00225-M,Kaggle- chickpea   -225,MOISTURE,0.292,VWC,WARNING,DRY — schedule irrigation within 24hrs,2026-05-20
KAGGLE-00222-T,Kaggle- chickpea   -222,TEMPERATURE,20.1,C,NORMAL,OPTIMAL — ideal temperature,2026-05-20
KAGGLE-00224-M,Kaggle- chickpea   -224,MOISTURE,0.212,VWC,WARNING,DRY — schedule irrigation within 24hrs,2026-05-20
KAGGLE-00221-P,Kaggle- chickpea   -221,PH,7.53,pH,ALERT,HIGHLY ALKALINE — soil amendment required,2026-05-20
KAGGLE-00221-T,Kaggle- chickpea   -221,TEMPERATURE,17.1,C,WARNING,COOL — suboptimal for crops,2026-05-20
KAGGLE-00223-P,Kaggle- chickpea   -223,PH,8.52,pH,ALERT,HIGHLY ALKALINE — soil amendment required,2026-05-20
KAGGLE-00222-P,Kaggle- chickpea   -222,PH,7.7,pH,ALERT,HIGHLY ALKALINE — soil amendment required,2026-05-20
KAGGLE-00223-T,Kaggle- chickpea   -223,TEMPERATURE,17.6,C,WARNING,COOL — suboptimal for crops,2026-05-20
KAGGLE-00219-T,Kaggle- chickpea   -219,TEMPERATURE,17.5,C,WARNING,COOL — suboptimal for crops,2026-05-20
KAGGLE-00224-P,Kaggle- chickpea   -224,PH,6.62,pH,NORMAL,OPTIMAL — ideal for crops,2026-05-20
KAGGLE-00224-T,Kaggle- chickpea   -224,TEMPERATURE,19.1,C,WARNING,COOL — suboptimal for crops,2026-05-20
KAGGLE-00222-M,Kaggle- chickpea   -222,MOISTURE,0.22,VWC,WARNING,DRY — schedule irrigation within 24hrs,2026-05-20
KAGGLE-00223-M,Kaggle- chickpea   -223,MOISTURE,0.101,VWC,ALERT,CRITICAL DRY — irrigate immediately,2026-05-20
KAGGLE-00225-P,Kaggle- chickpea   -225,PH,8.1,pH,ALERT,HIGHLY ALKALINE — soil amendment required,2026-05-20
KAGGLE-00225-T,Kaggle- chickpea   -225,TEMPERATURE,18.6,C,WARNING,COOL — suboptimal for crops,2026-05-20
KAGGLE-00226-T,Kaggle- chickpea   -226,TEMPERATURE,17.2,C,WARNING,COOL — suboptimal for crops,2026-05-20
KAGGLE-00226-M,Kaggle- chickpea   -226,MOISTURE,0.127,VWC,ALERT,CRITICAL DRY — irrigate immediately,2026-05-20
KAGGLE-00228-T,Kaggle- chickpea   -228,TEMPERATURE,19.0,C,WARNING,COOL — suboptimal for crops,2026-05-20
KAGGLE-00229-M,Kaggle- chickpea   -229,MOISTURE,0.149,VWC,ALERT,CRITICAL DRY — irrigate immediately,2026-05-20
KAGGLE-00227-T,Kaggle- chickpea   -227,TEMPERATURE,18.3,C,WARNING,COOL — suboptimal for crops,2026-05-20
KAGGLE-00229-P,Kaggle- chickpea   -229,PH,7.83,pH,ALERT,HIGHLY ALKALINE — soil amendment required,2026-05-20
KAGGLE-00231-M,Kaggle- chickpea   -231,MOISTURE,0.257,VWC,WARNING,DRY — schedule irrigation within 24hrs,2026-05-20
KAGGLE-00230-P,Kaggle- chickpea   -230,PH,6.76,pH,NORMAL,OPTIMAL — ideal for crops,2026-05-20
KAGGLE-00232-M,Kaggle- chickpea   -232,MOISTURE,0.188,VWC,ALERT,CRITICAL DRY — irrigate immediately,2026-05-20
KAGGLE-00231-P,Kaggle- chickpea   -231,PH,6.65,pH,NORMAL,OPTIMAL — ideal for crops,2026-05-20
KAGGLE-00233-P,Kaggle- chickpea   -233,PH,8.83,pH,ALERT,HIGHLY ALKALINE — soil amendment required,2026-05-20
KAGGLE-00228-P,Kaggle- chickpea   -228,PH,7.69,pH,ALERT,HIGHLY ALKALINE — soil amendment required,2026-05-20
KAGGLE-00234-T,Kaggle- chickpea   -234,TEMPERATURE,17.8,C,WARNING,COOL — suboptimal for crops,2026-05-20
KAGGLE-00230-T,Kaggle- chickpea   -230,TEMPERATURE,17.5,C,WARNING,COOL — suboptimal for crops,2026-05-20
KAGGLE-00227-M,Kaggle- chickpea   -227,MOISTURE,0.199,VWC,ALERT,CRITICAL DRY — irrigate immediately,2026-05-20
KAGGLE-00231-T,Kaggle- chickpea   -231,TEMPERATURE,20.6,C,NORMAL,OPTIMAL — ideal temperature,2026-05-20
KAGGLE-00228-M,Kaggle- chickpea   -228,MOISTURE,0.282,VWC,WARNING,DRY — schedule irrigation within 24hrs,2026-05-20
KAGGLE-00227-P,Kaggle- chickpea   -227,PH,6.05,pH,NORMAL,OPTIMAL — ideal for crops,2026-05-20
KAGGLE-00232-P,Kaggle- chickpea   -232,PH,6.13,pH,NORMAL,OPTIMAL — ideal for crops,2026-05-20
KAGGLE-00232-T,Kaggle- chickpea   -232,TEMPERATURE,17.2,C,WARNING,COOL — suboptimal for crops,2026-05-20
KAGGLE-00226-P,Kaggle- chickpea   -226,PH,6.2,pH,NORMAL,OPTIMAL — ideal for crops,2026-05-20
KAGGLE-00233-T,Kaggle- chickpea   -233,TEMPERATURE,19.7,C,WARNING,COOL — suboptimal for crops,2026-05-20
KAGGLE-00234-P,Kaggle- chickpea   -234,PH,8.62,pH,ALERT,HIGHLY ALKALINE — soil amendment required,2026-05-20
KAGGLE-00236-M,Kaggle- chickpea   -236,MOISTURE,0.122,VWC,ALERT,CRITICAL DRY — irrigate immediately,2026-05-20
KAGGLE-00235-P,Kaggle- chickpea   -235,PH,8.2,pH,ALERT,HIGHLY ALKALINE — soil amendment required,2026-05-20
KAGGLE-00235-T,Kaggle- chickpea   -235,TEMPERATURE,18.8,C,WARNING,COOL — suboptimal for crops,2026-05-20
KAGGLE-00235-M,Kaggle- chickpea   -235,MOISTURE,0.232,VWC,WARNING,DRY — schedule irrigation within 24hrs,2026-05-20
KAGGLE-00233-M,Kaggle- chickpea   -233,MOISTURE,0.198,VWC,ALERT,CRITICAL DRY — irrigate immediately,2026-05-20
KAGGLE-00234-M,Kaggle- chickpea   -234,MOISTURE,0.25,VWC,WARNING,DRY — schedule irrigation within 24hrs,2026-05-20
KAGGLE-00230-M,Kaggle- chickpea   -230,MOISTURE,0.295,VWC,WARNING,DRY — schedule irrigation within 24hrs,2026-05-20
KAGGLE-00229-T,Kaggle- chickpea   -229,TEMPERATURE,17.1,C,WARNING,COOL — suboptimal for crops,2026-05-20
KAGGLE-00236-P,Kaggle- chickpea   -236,PH,6.18,pH,NORMAL,OPTIMAL — ideal for crops,2026-05-20
KAGGLE-00236-T,Kaggle- chickpea   -236,TEMPERATURE,17.5,C,WARNING,COOL — suboptimal for crops,2026-05-20
KAGGLE-00238-M,Kaggle- chickpea   -238,MOISTURE,0.275,VWC,WARNING,DRY — schedule irrigation within 24hrs,2026-05-20
KAGGLE-00237-P,Kaggle- chickpea   -237,PH,7.98,pH,ALERT,HIGHLY ALKALINE — soil amendment required,2026-05-20
KAGGLE-00237-T,Kaggle- chickpea   -237,TEMPERATURE,18.7,C,WARNING,COOL — suboptimal for crops,2026-05-20
KAGGLE-00237-M,Kaggle- chickpea   -237,MOISTURE,0.115,VWC,ALERT,CRITICAL DRY — irrigate immediately,2026-05-20
KAGGLE-00238-T,Kaggle- chickpea   -238,TEMPERATURE,18.7,C,WARNING,COOL — suboptimal for crops,2026-05-20
KAGGLE-00238-P,Kaggle- chickpea   -238,PH,7.86,pH,ALERT,HIGHLY ALKALINE — soil amendment required,2026-05-20
KAGGLE-00239-P,Kaggle- chickpea   -239,PH,6.97,pH,WARNING,ALKALINE — nutrient availability reduced,2026-05-20
KAGGLE-00239-T,Kaggle- chickpea   -239,TEMPERATURE,18.2,C,WARNING,COOL — suboptimal for crops,2026-05-20
KAGGLE-00239-M,Kaggle- chickpea   -239,MOISTURE,0.133,VWC,ALERT,CRITICAL DRY — irrigate immediately,2026-05-20
KAGGLE-00240-P,Kaggle- chickpea   -240,PH,6.21,pH,NORMAL,OPTIMAL — ideal for crops,2026-05-20
KAGGLE-00240-T,Kaggle- chickpea   -240,TEMPERATURE,18.8,C,WARNING,COOL — suboptimal for crops,2026-05-20
KAGGLE-00240-M,Kaggle- chickpea   -240,MOISTURE,0.242,VWC,WARNING,DRY — schedule irrigation within 24hrs,2026-05-20
KAGGLE-00241-T,Kaggle- chickpea   -241,TEMPERATURE,18.7,C,WARNING,COOL — suboptimal for crops,2026-05-20
KAGGLE-00241-P,Kaggle- chickpea   -241,PH,8.87,pH,ALERT,HIGHLY ALKALINE — soil amendment required,2026-05-20
KAGGLE-00241-M,Kaggle- chickpea   -241,MOISTURE,0.3,VWC,WARNING,DRY — schedule irrigation within 24hrs,2026-05-20
KAGGLE-00242-M,Kaggle- chickpea   -242,MOISTURE,0.271,VWC,WARNING,DRY — schedule irrigation within 24hrs,2026-05-20
KAGGLE-00242-P,Kaggle- chickpea   -242,PH,8.77,pH,ALERT,HIGHLY ALKALINE — soil amendment required,2026-05-20
KAGGLE-00242-T,Kaggle- chickpea   -242,TEMPERATURE,20.4,C,NORMAL,OPTIMAL — ideal temperature,2026-05-20
KAGGLE-00243-T,Kaggle- chickpea   -243,TEMPERATURE,18.4,C,WARNING,COOL — suboptimal for crops,2026-05-20
KAGGLE-00243-M,Kaggle- chickpea   -243,MOISTURE,0.204,VWC,WARNING,DRY — schedule irrigation within 24hrs,2026-05-20
KAGGLE-00243-P,Kaggle- chickpea   -243,PH,8.74,pH,ALERT,HIGHLY ALKALINE — soil amendment required,2026-05-20
KAGGLE-00244-T,Kaggle- chickpea   -244,TEMPERATURE,17.2,C,WARNING,COOL — suboptimal for crops,2026-05-20
KAGGLE-00244-M,Kaggle- chickpea   -244,MOISTURE,0.228,VWC,WARNING,DRY — schedule irrigation within 24hrs,2026-05-20
KAGGLE-00245-M,Kaggle- chickpea   -245,MOISTURE,0.181,VWC,ALERT,CRITICAL DRY — irrigate immediately,2026-05-20
KAGGLE-00244-P,Kaggle- chickpea   -244,PH,8.08,pH,ALERT,HIGHLY ALKALINE — soil amendment required,2026-05-20
KAGGLE-00245-P,Kaggle- chickpea   -245,PH,6.14,pH,NORMAL,OPTIMAL — ideal for crops,2026-05-20
KAGGLE-00245-T,Kaggle- chickpea   -245,TEMPERATURE,19.4,C,WARNING,COOL — suboptimal for crops,2026-05-20
KAGGLE-00246-M,Kaggle- chickpea   -246,MOISTURE,0.228,VWC,WARNING,DRY — schedule irrigation within 24hrs,2026-05-20
KAGGLE-00247-M,Kaggle- chickpea   -247,MOISTURE,0.15,VWC,ALERT,CRITICAL DRY — irrigate immediately,2026-05-20
KAGGLE-00248-T,Kaggle- chickpea   -248,TEMPERATURE,19.1,C,WARNING,COOL — suboptimal for crops,2026-05-20
KAGGLE-00246-T,Kaggle- chickpea   -246,TEMPERATURE,17.9,C,WARNING,COOL — suboptimal for crops,2026-05-20
KAGGLE-00249-T,Kaggle- chickpea   -249,TEMPERATURE,19.1,C,WARNING,COOL — suboptimal for crops,2026-05-20
KAGGLE-00248-M,Kaggle- chickpea   -248,MOISTURE,0.215,VWC,WARNING,DRY — schedule irrigation within 24hrs,2026-05-20
KAGGLE-00247-P,Kaggle- chickpea   -247,PH,8.38,pH,ALERT,HIGHLY ALKALINE — soil amendment required,2026-05-20
KAGGLE-00247-T,Kaggle- chickpea   -247,TEMPERATURE,19.5,C,WARNING,COOL — suboptimal for crops,2026-05-20
KAGGLE-00246-P,Kaggle- chickpea   -246,PH,7.5,pH,WARNING,ALKALINE — nutrient availability reduced,2026-05-20
KAGGLE-00249-M,Kaggle- chickpea   -249,MOISTURE,0.268,VWC,WARNING,DRY — schedule irrigation within 24hrs,2026-05-20
KAGGLE-00248-P,Kaggle- chickpea   -248,PH,6.29,pH,NORMAL,OPTIMAL — ideal for crops,2026-05-20
KAGGLE-00249-P,Kaggle- chickpea   -249,PH,6.59,pH,NORMAL,OPTIMAL — ideal for crops,2026-05-20
KAGGLE-00252-T,Kaggle- chickpea   -252,TEMPERATURE,20.2,C,NORMAL,OPTIMAL — ideal temperature,2026-05-20
KAGGLE-00250-P,Kaggle- chickpea   -250,PH,6.9,pH,WARNING,ALKALINE — nutrient availability reduced,2026-05-20
KAGGLE-00252-M,Kaggle- chickpea   -252,MOISTURE,0.196,VWC,ALERT,CRITICAL DRY — irrigate immediately,2026-05-20
KAGGLE-00250-T,Kaggle- chickpea   -250,TEMPERATURE,17.5,C,WARNING,COOL — suboptimal for crops,2026-05-20
KAGGLE-00251-P,Kaggle- chickpea   -251,PH,7.81,pH,ALERT,HIGHLY ALKALINE — soil amendment required,2026-05-20
KAGGLE-00251-M,Kaggle- chickpea   -251,MOISTURE,0.264,VWC,WARNING,DRY — schedule irrigation within 24hrs,2026-05-20
KAGGLE-00251-T,Kaggle- chickpea   -251,TEMPERATURE,19.4,C,WARNING,COOL — suboptimal for crops,2026-05-20
KAGGLE-00252-P,Kaggle- chickpea   -252,PH,7.15,pH,WARNING,ALKALINE — nutrient availability reduced,2026-05-20
KAGGLE-00250-M,Kaggle- chickpea   -250,MOISTURE,0.246,VWC,WARNING,DRY — schedule irrigation within 24hrs,2026-05-20
KAGGLE-00253-M,Kaggle- chickpea   -253,MOISTURE,0.185,VWC,ALERT,CRITICAL DRY — irrigate immediately,2026-05-20
KAGGLE-00253-T,Kaggle- chickpea   -253,TEMPERATURE,17.3,C,WARNING,COOL — suboptimal for crops,2026-05-20
KAGGLE-00253-P,Kaggle- chickpea   -253,PH,6.65,pH,NORMAL,OPTIMAL — ideal for crops,2026-05-20
KAGGLE-00254-M,Kaggle- chickpea   -254,MOISTURE,0.217,VWC,WARNING,DRY — schedule irrigation within 24hrs,2026-05-20
KAGGLE-00254-T,Kaggle- chickpea   -254,TEMPERATURE,17.5,C,WARNING,COOL — suboptimal for crops,2026-05-20
KAGGLE-00254-P,Kaggle- chickpea   -254,PH,7.78,pH,ALERT,HIGHLY ALKALINE — soil amendment required,2026-05-20
KAGGLE-00255-M,Kaggle- chickpea   -255,MOISTURE,0.22,VWC,WARNING,DRY — schedule irrigation within 24hrs,2026-05-20
KAGGLE-00255-T,Kaggle- chickpea   -255,TEMPERATURE,18.2,C,WARNING,COOL — suboptimal for crops,2026-05-20
KAGGLE-00255-P,Kaggle- chickpea   -255,PH,6.36,pH,NORMAL,OPTIMAL — ideal for crops,2026-05-20
KAGGLE-00256-M,Kaggle- chickpea   -256,MOISTURE,0.211,VWC,WARNING,DRY — schedule irrigation within 24hrs,2026-05-20
KAGGLE-00256-T,Kaggle- chickpea   -256,TEMPERATURE,17.6,C,WARNING,COOL — suboptimal for crops,2026-05-20
KAGGLE-00256-P,Kaggle- chickpea   -256,PH,8.26,pH,ALERT,HIGHLY ALKALINE — soil amendment required,2026-05-20
KAGGLE-00257-M,Kaggle- chickpea   -257,MOISTURE,0.248,VWC,WARNING,DRY — schedule irrigation within 24hrs,2026-05-20
KAGGLE-00257-T,Kaggle- chickpea   -257,TEMPERATURE,20.9,C,NORMAL,OPTIMAL — ideal temperature,2026-05-20
KAGGLE-00258-T,Kaggle- chickpea   -258,TEMPERATURE,19.7,C,WARNING,COOL — suboptimal for crops,2026-05-20
KAGGLE-00258-M,Kaggle- chickpea   -258,MOISTURE,0.299,VWC,WARNING,DRY — schedule irrigation within 24hrs,2026-05-20
KAGGLE-00257-P,Kaggle- chickpea   -257,PH,6.46,pH,NORMAL,OPTIMAL — ideal for crops,2026-05-20
KAGGLE-00259-M,Kaggle- chickpea   -259,MOISTURE,0.29,VWC,WARNING,DRY — schedule irrigation within 24hrs,2026-05-20
KAGGLE-00258-P,Kaggle- chickpea   -258,PH,6.61,pH,NORMAL,OPTIMAL — ideal for crops,2026-05-20
KAGGLE-00260-M,Kaggle- chickpea   -260,MOISTURE,0.117,VWC,ALERT,CRITICAL DRY — irrigate immediately,2026-05-20
KAGGLE-00259-P,Kaggle- chickpea   -259,PH,8.17,pH,ALERT,HIGHLY ALKALINE — soil amendment required,2026-05-20
KAGGLE-00259-T,Kaggle- chickpea   -259,TEMPERATURE,19.1,C,WARNING,COOL — suboptimal for crops,2026-05-20
KAGGLE-00261-T,Kaggle- chickpea   -261,TEMPERATURE,18.2,C,WARNING,COOL — suboptimal for crops,2026-05-20
KAGGLE-00261-M,Kaggle- chickpea   -261,MOISTURE,0.218,VWC,WARNING,DRY — schedule irrigation within 24hrs,2026-05-20
KAGGLE-00260-P,Kaggle- chickpea   -260,PH,7.65,pH,ALERT,HIGHLY ALKALINE — soil amendment required,2026-05-20
KAGGLE-00260-T,Kaggle- chickpea   -260,TEMPERATURE,18.5,C,WARNING,COOL — suboptimal for crops,2026-05-20
KAGGLE-00262-T,Kaggle- chickpea   -262,TEMPERATURE,18.9,C,WARNING,COOL — suboptimal for crops,2026-05-20
KAGGLE-00262-P,Kaggle- chickpea   -262,PH,7.1,pH,WARNING,ALKALINE — nutrient availability reduced,2026-05-20
KAGGLE-00262-M,Kaggle- chickpea   -262,MOISTURE,0.181,VWC,ALERT,CRITICAL DRY — irrigate immediately,2026-05-20
KAGGLE-00261-P,Kaggle- chickpea   -261,PH,6.55,pH,NORMAL,OPTIMAL — ideal for crops,2026-05-20
KAGGLE-00263-P,Kaggle- chickpea   -263,PH,7.36,pH,WARNING,ALKALINE — nutrient availability reduced,2026-05-20
KAGGLE-00263-T,Kaggle- chickpea   -263,TEMPERATURE,18.5,C,WARNING,COOL — suboptimal for crops,2026-05-20
KAGGLE-00263-M,Kaggle- chickpea   -263,MOISTURE,0.24,VWC,WARNING,DRY — schedule irrigation within 24hrs,2026-05-20
KAGGLE-00265-M,Kaggle- chickpea   -265,MOISTURE,0.118,VWC,ALERT,CRITICAL DRY — irrigate immediately,2026-05-20
KAGGLE-00264-P,Kaggle- chickpea   -264,PH,6.47,pH,NORMAL,OPTIMAL — ideal for crops,2026-05-20
KAGGLE-00264-M,Kaggle- chickpea   -264,MOISTURE,0.142,VWC,ALERT,CRITICAL DRY — irrigate immediately,2026-05-20
KAGGLE-00264-T,Kaggle- chickpea   -264,TEMPERATURE,19.5,C,WARNING,COOL — suboptimal for crops,2026-05-20
KAGGLE-00265-P,Kaggle- chickpea   -265,PH,7.84,pH,ALERT,HIGHLY ALKALINE — soil amendment required,2026-05-20
KAGGLE-00265-T,Kaggle- chickpea   -265,TEMPERATURE,17.3,C,WARNING,COOL — suboptimal for crops,2026-05-20
KAGGLE-00266-T,Kaggle- chickpea   -266,TEMPERATURE,19.6,C,WARNING,COOL — suboptimal for crops,2026-05-20
KAGGLE-00266-M,Kaggle- chickpea   -266,MOISTURE,0.159,VWC,ALERT,CRITICAL DRY — irrigate immediately,2026-05-20
KAGGLE-00267-T,Kaggle- chickpea   -267,TEMPERATURE,20.7,C,NORMAL,OPTIMAL — ideal temperature,2026-05-20
KAGGLE-00266-P,Kaggle- chickpea   -266,PH,7.06,pH,WARNING,ALKALINE — nutrient availability reduced,2026-05-20
KAGGLE-00267-M,Kaggle- chickpea   -267,MOISTURE,0.199,VWC,ALERT,CRITICAL DRY — irrigate immediately,2026-05-20
KAGGLE-00267-P,Kaggle- chickpea   -267,PH,7.6,pH,ALERT,HIGHLY ALKALINE — soil amendment required,2026-05-20
KAGGLE-00268-P,Kaggle- chickpea   -268,PH,6.72,pH,NORMAL,OPTIMAL — ideal for crops,2026-05-20
KAGGLE-00268-T,Kaggle- chickpea   -268,TEMPERATURE,20.0,C,NORMAL,OPTIMAL — ideal temperature,2026-05-20
KAGGLE-00268-M,Kaggle- chickpea   -268,MOISTURE,0.283,VWC,WARNING,DRY — schedule irrigation within 24hrs,2026-05-20
KAGGLE-00270-M,Kaggle- chickpea   -270,MOISTURE,0.3,VWC,WARNING,DRY — schedule irrigation within 24hrs,2026-05-20
KAGGLE-00269-T,Kaggle- chickpea   -269,TEMPERATURE,20.1,C,NORMAL,OPTIMAL — ideal temperature,2026-05-20
KAGGLE-00269-M,Kaggle- chickpea   -269,MOISTURE,0.117,VWC,ALERT,CRITICAL DRY — irrigate immediately,2026-05-20
KAGGLE-00269-P,Kaggle- chickpea   -269,PH,6.82,pH,WARNING,ALKALINE — nutrient availability reduced,2026-05-20
KAGGLE-00271-T,Kaggle- chickpea   -271,TEMPERATURE,19.3,C,WARNING,COOL — suboptimal for crops,2026-05-20
KAGGLE-00271-M,Kaggle- chickpea   -271,MOISTURE,0.274,VWC,WARNING,DRY — schedule irrigation within 24hrs,2026-05-20
KAGGLE-00270-P,Kaggle- chickpea   -270,PH,7.99,pH,ALERT,HIGHLY ALKALINE — soil amendment required,2026-05-20
KAGGLE-00270-T,Kaggle- chickpea   -270,TEMPERATURE,20.7,C,NORMAL,OPTIMAL — ideal temperature,2026-05-20
KAGGLE-00272-M,Kaggle- chickpea   -272,MOISTURE,0.265,VWC,WARNING,DRY — schedule irrigation within 24hrs,2026-05-20
KAGGLE-00271-P,Kaggle- chickpea   -271,PH,7.55,pH,ALERT,HIGHLY ALKALINE — soil amendment required,2026-05-20
KAGGLE-00273-T,Kaggle- chickpea   -273,TEMPERATURE,19.2,C,WARNING,COOL — suboptimal for crops,2026-05-20
KAGGLE-00273-M,Kaggle- chickpea   -273,MOISTURE,0.267,VWC,WARNING,DRY — schedule irrigation within 24hrs,2026-05-20
KAGGLE-00272-P,Kaggle- chickpea   -272,PH,7.73,pH,ALERT,HIGHLY ALKALINE — soil amendment required,2026-05-20
KAGGLE-00272-T,Kaggle- chickpea   -272,TEMPERATURE,17.9,C,WARNING,COOL — suboptimal for crops,2026-05-20
KAGGLE-00273-P,Kaggle- chickpea   -273,PH,7.35,pH,WARNING,ALKALINE — nutrient availability reduced,2026-05-20
KAGGLE-00274-T,Kaggle- chickpea   -274,TEMPERATURE,20.3,C,NORMAL,OPTIMAL — ideal temperature,2026-05-20
KAGGLE-00274-M,Kaggle- chickpea   -274,MOISTURE,0.197,VWC,ALERT,CRITICAL DRY — irrigate immediately,2026-05-20
KAGGLE-00275-T,Kaggle- chickpea   -275,TEMPERATURE,17.1,C,WARNING,COOL — suboptimal for crops,2026-05-20
KAGGLE-00275-M,Kaggle- chickpea   -275,MOISTURE,0.284,VWC,WARNING,DRY — schedule irrigation within 24hrs,2026-05-20
KAGGLE-00274-P,Kaggle- chickpea   -274,PH,7.31,pH,WARNING,ALKALINE — nutrient availability reduced,2026-05-20
KAGGLE-00276-M,Kaggle- chickpea   -276,MOISTURE,0.134,VWC,ALERT,CRITICAL DRY — irrigate immediately,2026-05-20
KAGGLE-00275-P,Kaggle- chickpea   -275,PH,7.79,pH,ALERT,HIGHLY ALKALINE — soil amendment required,2026-05-20
KAGGLE-00276-P,Kaggle- chickpea   -276,PH,6.31,pH,NORMAL,OPTIMAL — ideal for crops,2026-05-20
KAGGLE-00276-T,Kaggle- chickpea   -276,TEMPERATURE,17.1,C,WARNING,COOL — suboptimal for crops,2026-05-20
KAGGLE-00277-T,Kaggle- chickpea   -277,TEMPERATURE,20.6,C,NORMAL,OPTIMAL — ideal temperature,2026-05-20
KAGGLE-00277-M,Kaggle- chickpea   -277,MOISTURE,0.269,VWC,WARNING,DRY — schedule irrigation within 24hrs,2026-05-20
KAGGLE-00278-T,Kaggle- chickpea   -278,TEMPERATURE,20.8,C,NORMAL,OPTIMAL — ideal temperature,2026-05-20
KAGGLE-00278-M,Kaggle- chickpea   -278,MOISTURE,0.128,VWC,ALERT,CRITICAL DRY — irrigate immediately,2026-05-20
KAGGLE-00277-P,Kaggle- chickpea   -277,PH,6.4,pH,NORMAL,OPTIMAL — ideal for crops,2026-05-20
KAGGLE-00279-T,Kaggle- chickpea   -279,TEMPERATURE,19.5,C,WARNING,COOL — suboptimal for crops,2026-05-20
KAGGLE-00279-M,Kaggle- chickpea   -279,MOISTURE,0.271,VWC,WARNING,DRY — schedule irrigation within 24hrs,2026-05-20
KAGGLE-00278-P,Kaggle- chickpea   -278,PH,7.6,pH,ALERT,HIGHLY ALKALINE — soil amendment required,2026-05-20
KAGGLE-00280-T,Kaggle- chickpea   -280,TEMPERATURE,17.2,C,WARNING,COOL — suboptimal for crops,2026-05-20
KAGGLE-00280-M,Kaggle- chickpea   -280,MOISTURE,0.289,VWC,WARNING,DRY — schedule irrigation within 24hrs,2026-05-20
KAGGLE-00283-P,Kaggle- chickpea   -283,PH,7.48,pH,WARNING,ALKALINE — nutrient availability reduced,2026-05-20
KAGGLE-00280-P,Kaggle- chickpea   -280,PH,7.56,pH,ALERT,HIGHLY ALKALINE — soil amendment required,2026-05-20
KAGGLE-00282-T,Kaggle- chickpea   -282,TEMPERATURE,17.5,C,WARNING,COOL — suboptimal for crops,2026-05-20
KAGGLE-00282-M,Kaggle- chickpea   -282,MOISTURE,0.273,VWC,WARNING,DRY — schedule irrigation within 24hrs,2026-05-20
KAGGLE-00281-P,Kaggle- chickpea   -281,PH,7.49,pH,WARNING,ALKALINE — nutrient availability reduced,2026-05-20
KAGGLE-00281-T,Kaggle- chickpea   -281,TEMPERATURE,17.5,C,WARNING,COOL — suboptimal for crops,2026-05-20
KAGGLE-00281-M,Kaggle- chickpea   -281,MOISTURE,0.133,VWC,ALERT,CRITICAL DRY — irrigate immediately,2026-05-20
KAGGLE-00284-T,Kaggle- chickpea   -284,TEMPERATURE,19.7,C,WARNING,COOL — suboptimal for crops,2026-05-20
KAGGLE-00284-M,Kaggle- chickpea   -284,MOISTURE,0.285,VWC,WARNING,DRY — schedule irrigation within 24hrs,2026-05-20
KAGGLE-00279-P,Kaggle- chickpea   -279,PH,7.22,pH,WARNING,ALKALINE — nutrient availability reduced,2026-05-20
KAGGLE-00286-P,Kaggle- chickpea   -286,PH,7.79,pH,ALERT,HIGHLY ALKALINE — soil amendment required,2026-05-20
KAGGLE-00283-T,Kaggle- chickpea   -283,TEMPERATURE,19.5,C,WARNING,COOL — suboptimal for crops,2026-05-20
KAGGLE-00285-P,Kaggle- chickpea   -285,PH,6.49,pH,NORMAL,OPTIMAL — ideal for crops,2026-05-20
KAGGLE-00284-P,Kaggle- chickpea   -284,PH,7.33,pH,WARNING,ALKALINE — nutrient availability reduced,2026-05-20
KAGGLE-00286-T,Kaggle- chickpea   -286,TEMPERATURE,20.0,C,NORMAL,OPTIMAL — ideal temperature,2026-05-20
KAGGLE-00287-T,Kaggle- chickpea   -287,TEMPERATURE,19.4,C,WARNING,COOL — suboptimal for crops,2026-05-20
KAGGLE-00283-M,Kaggle- chickpea   -283,MOISTURE,0.13,VWC,ALERT,CRITICAL DRY — irrigate immediately,2026-05-20
KAGGLE-00290-P,Kaggle- chickpea   -290,PH,7.81,pH,ALERT,HIGHLY ALKALINE — soil amendment required,2026-05-20
KAGGLE-00290-T,Kaggle- chickpea   -290,TEMPERATURE,18.8,C,WARNING,COOL — suboptimal for crops,2026-05-20
KAGGLE-00290-M,Kaggle- chickpea   -290,MOISTURE,0.115,VWC,ALERT,CRITICAL DRY — irrigate immediately,2026-05-20
KAGGLE-00288-P,Kaggle- chickpea   -288,PH,8.42,pH,ALERT,HIGHLY ALKALINE — soil amendment required,2026-05-20
KAGGLE-00288-T,Kaggle- chickpea   -288,TEMPERATURE,19.5,C,WARNING,COOL — suboptimal for crops,2026-05-20
KAGGLE-00289-T,Kaggle- chickpea   -289,TEMPERATURE,20.2,C,NORMAL,OPTIMAL — ideal temperature,2026-05-20
KAGGLE-00292-P,Kaggle- chickpea   -292,PH,7.11,pH,WARNING,ALKALINE — nutrient availability reduced,2026-05-20
KAGGLE-00287-P,Kaggle- chickpea   -287,PH,6.41,pH,NORMAL,OPTIMAL — ideal for crops,2026-05-20
KAGGLE-00293-P,Kaggle- chickpea   -293,PH,8.14,pH,ALERT,HIGHLY ALKALINE — soil amendment required,2026-05-20
KAGGLE-00287-M,Kaggle- chickpea   -287,MOISTURE,0.113,VWC,ALERT,CRITICAL DRY — irrigate immediately,2026-05-20
KAGGLE-00297-M,Kaggle- chickpea   -297,MOISTURE,0.267,VWC,WARNING,DRY — schedule irrigation within 24hrs,2026-05-20
KAGGLE-00285-T,Kaggle- chickpea   -285,TEMPERATURE,19.5,C,WARNING,COOL — suboptimal for crops,2026-05-20
KAGGLE-00296-P,Kaggle- chickpea   -296,PH,8.86,pH,ALERT,HIGHLY ALKALINE — soil amendment required,2026-05-20
KAGGLE-00282-P,Kaggle- chickpea   -282,PH,6.61,pH,NORMAL,OPTIMAL — ideal for crops,2026-05-20
KAGGLE-00289-P,Kaggle- chickpea   -289,PH,8.72,pH,ALERT,HIGHLY ALKALINE — soil amendment required,2026-05-20
KAGGLE-00289-M,Kaggle- chickpea   -289,MOISTURE,0.132,VWC,ALERT,CRITICAL DRY — irrigate immediately,2026-05-20
KAGGLE-00293-M,Kaggle- chickpea   -293,MOISTURE,0.224,VWC,WARNING,DRY — schedule irrigation within 24hrs,2026-05-20
KAGGLE-00288-M,Kaggle- chickpea   -288,MOISTURE,0.169,VWC,ALERT,CRITICAL DRY — irrigate immediately,2026-05-20
KAGGLE-00292-T,Kaggle- chickpea   -292,TEMPERATURE,19.0,C,WARNING,COOL — suboptimal for crops,2026-05-20
KAGGLE-00292-M,Kaggle- chickpea   -292,MOISTURE,0.152,VWC,ALERT,CRITICAL DRY — irrigate immediately,2026-05-20
KAGGLE-00291-P,Kaggle- chickpea   -291,PH,6.32,pH,NORMAL,OPTIMAL — ideal for crops,2026-05-20
KAGGLE-00291-T,Kaggle- chickpea   -291,TEMPERATURE,20.7,C,NORMAL,OPTIMAL — ideal temperature,2026-05-20
KAGGLE-00294-T,Kaggle- chickpea   -294,TEMPERATURE,17.8,C,WARNING,COOL — suboptimal for crops,2026-05-20
KAGGLE-00294-M,Kaggle- chickpea   -294,MOISTURE,0.229,VWC,WARNING,DRY — schedule irrigation within 24hrs,2026-05-20
KAGGLE-00286-M,Kaggle- chickpea   -286,MOISTURE,0.149,VWC,ALERT,CRITICAL DRY — irrigate immediately,2026-05-20
KAGGLE-00293-T,Kaggle- chickpea   -293,TEMPERATURE,20.0,C,NORMAL,OPTIMAL — ideal temperature,2026-05-20
KAGGLE-00291-M,Kaggle- chickpea   -291,MOISTURE,0.111,VWC,ALERT,CRITICAL DRY — irrigate immediately,2026-05-20
KAGGLE-00285-M,Kaggle- chickpea   -285,MOISTURE,0.228,VWC,WARNING,DRY — schedule irrigation within 24hrs,2026-05-20
KAGGLE-00301-M,Kaggle- kidneybeans-301,MOISTURE,0.275,VWC,WARNING,DRY — schedule irrigation within 24hrs,2026-05-20
KAGGLE-00300-M,Kaggle- chickpea   -300,MOISTURE,0.118,VWC,ALERT,CRITICAL DRY — irrigate immediately,2026-05-20
KAGGLE-00295-P,Kaggle- chickpea   -295,PH,7.1,pH,WARNING,ALKALINE — nutrient availability reduced,2026-05-20
KAGGLE-00302-M,Kaggle- kidneybeans-302,MOISTURE,0.25,VWC,WARNING,DRY — schedule irrigation within 24hrs,2026-05-20
KAGGLE-00303-T,Kaggle- kidneybeans-303,TEMPERATURE,22.9,C,NORMAL,OPTIMAL — ideal temperature,2026-05-20
KAGGLE-00304-P,Kaggle- kidneybeans-304,PH,5.93,pH,NORMAL,OPTIMAL — ideal for crops,2026-05-20
KAGGLE-00307-M,Kaggle- kidneybeans-307,MOISTURE,0.165,VWC,ALERT,CRITICAL DRY — irrigate immediately,2026-05-20
KAGGLE-00309-M,Kaggle- kidneybeans-309,MOISTURE,0.268,VWC,WARNING,DRY — schedule irrigation within 24hrs,2026-05-20
KAGGLE-00298-P,Kaggle- chickpea   -298,PH,7.45,pH,WARNING,ALKALINE — nutrient availability reduced,2026-05-20
KAGGLE-00298-T,Kaggle- chickpea   -298,TEMPERATURE,18.9,C,WARNING,COOL — suboptimal for crops,2026-05-20
KAGGLE-00298-M,Kaggle- chickpea   -298,MOISTURE,0.138,VWC,ALERT,CRITICAL DRY — irrigate immediately,2026-05-20
KAGGLE-00297-P,Kaggle- chickpea   -297,PH,7.86,pH,ALERT,HIGHLY ALKALINE — soil amendment required,2026-05-20
KAGGLE-00297-T,Kaggle- chickpea   -297,TEMPERATURE,17.4,C,WARNING,COOL — suboptimal for crops,2026-05-20
KAGGLE-00301-T,Kaggle- kidneybeans-301,TEMPERATURE,17.1,C,WARNING,COOL — suboptimal for crops,2026-05-20
KAGGLE-00300-P,Kaggle- chickpea   -300,PH,7.26,pH,WARNING,ALKALINE — nutrient availability reduced,2026-05-20
KAGGLE-00296-T,Kaggle- chickpea   -296,TEMPERATURE,17.3,C,WARNING,COOL — suboptimal for crops,2026-05-20
KAGGLE-00300-T,Kaggle- chickpea   -300,TEMPERATURE,18.3,C,WARNING,COOL — suboptimal for crops,2026-05-20
KAGGLE-00296-M,Kaggle- chickpea   -296,MOISTURE,0.248,VWC,WARNING,DRY — schedule irrigation within 24hrs,2026-05-20
KAGGLE-00309-T,Kaggle- kidneybeans-309,TEMPERATURE,18.4,C,WARNING,COOL — suboptimal for crops,2026-05-20
KAGGLE-00299-T,Kaggle- chickpea   -299,TEMPERATURE,18.6,C,WARNING,COOL — suboptimal for crops,2026-05-20
KAGGLE-00303-M,Kaggle- kidneybeans-303,MOISTURE,0.178,VWC,ALERT,CRITICAL DRY — irrigate immediately,2026-05-20
KAGGLE-00302-P,Kaggle- kidneybeans-302,PH,5.76,pH,NORMAL,OPTIMAL — ideal for crops,2026-05-20
KAGGLE-00302-T,Kaggle- kidneybeans-302,TEMPERATURE,19.6,C,WARNING,COOL — suboptimal for crops,2026-05-20
KAGGLE-00295-T,Kaggle- chickpea   -295,TEMPERATURE,20.7,C,NORMAL,OPTIMAL — ideal temperature,2026-05-20
KAGGLE-00301-P,Kaggle- kidneybeans-301,PH,5.69,pH,NORMAL,OPTIMAL — ideal for crops,2026-05-20
KAGGLE-00304-M,Kaggle- kidneybeans-304,MOISTURE,0.257,VWC,WARNING,DRY — schedule irrigation within 24hrs,2026-05-20
KAGGLE-00303-P,Kaggle- kidneybeans-303,PH,5.87,pH,NORMAL,OPTIMAL — ideal for crops,2026-05-20
KAGGLE-00305-M,Kaggle- kidneybeans-305,MOISTURE,0.265,VWC,WARNING,DRY — schedule irrigation within 24hrs,2026-05-20
KAGGLE-00295-M,Kaggle- chickpea   -295,MOISTURE,0.108,VWC,ALERT,CRITICAL DRY — irrigate immediately,2026-05-20
KAGGLE-00304-T,Kaggle- kidneybeans-304,TEMPERATURE,16.4,C,WARNING,COOL — suboptimal for crops,2026-05-20
KAGGLE-00306-T,Kaggle- kidneybeans-306,TEMPERATURE,17.8,C,WARNING,COOL — suboptimal for crops,2026-05-20
KAGGLE-00306-M,Kaggle- kidneybeans-306,MOISTURE,0.1,VWC,ALERT,CRITICAL DRY — irrigate immediately,2026-05-20
KAGGLE-00305-P,Kaggle- kidneybeans-305,PH,5.96,pH,NORMAL,OPTIMAL — ideal for crops,2026-05-20
KAGGLE-00305-T,Kaggle- kidneybeans-305,TEMPERATURE,22.1,C,NORMAL,OPTIMAL — ideal temperature,2026-05-20
KAGGLE-00306-P,Kaggle- kidneybeans-306,PH,5.95,pH,NORMAL,OPTIMAL — ideal for crops,2026-05-20
KAGGLE-00307-T,Kaggle- kidneybeans-307,TEMPERATURE,19.9,C,WARNING,COOL — suboptimal for crops,2026-05-20
KAGGLE-00311-T,Kaggle- kidneybeans-311,TEMPERATURE,19.7,C,WARNING,COOL — suboptimal for crops,2026-05-20
KAGGLE-00307-P,Kaggle- kidneybeans-307,PH,5.79,pH,NORMAL,OPTIMAL — ideal for crops,2026-05-20
KAGGLE-00308-T,Kaggle- kidneybeans-308,TEMPERATURE,19.3,C,WARNING,COOL — suboptimal for crops,2026-05-20
KAGGLE-00308-M,Kaggle- kidneybeans-308,MOISTURE,0.206,VWC,WARNING,DRY — schedule irrigation within 24hrs,2026-05-20
KAGGLE-00299-M,Kaggle- chickpea   -299,MOISTURE,0.168,VWC,ALERT,CRITICAL DRY — irrigate immediately,2026-05-20
KAGGLE-00308-P,Kaggle- kidneybeans-308,PH,5.58,pH,NORMAL,OPTIMAL — ideal for crops,2026-05-20
KAGGLE-00310-M,Kaggle- kidneybeans-310,MOISTURE,0.184,VWC,ALERT,CRITICAL DRY — irrigate immediately,2026-05-20
KAGGLE-00309-P,Kaggle- kidneybeans-309,PH,5.69,pH,NORMAL,OPTIMAL — ideal for crops,2026-05-20
KAGGLE-00299-P,Kaggle- chickpea   -299,PH,7.17,pH,WARNING,ALKALINE — nutrient availability reduced,2026-05-20
KAGGLE-00294-P,Kaggle- chickpea   -294,PH,7.71,pH,ALERT,HIGHLY ALKALINE — soil amendment required,2026-05-20
KAGGLE-00311-M,Kaggle- kidneybeans-311,MOISTURE,0.25,VWC,WARNING,DRY — schedule irrigation within 24hrs,2026-05-20
KAGGLE-00310-P,Kaggle- kidneybeans-310,PH,5.79,pH,NORMAL,OPTIMAL — ideal for crops,2026-05-20
KAGGLE-00310-T,Kaggle- kidneybeans-310,TEMPERATURE,21.8,C,NORMAL,OPTIMAL — ideal temperature,2026-05-20
KAGGLE-00312-T,Kaggle- kidneybeans-312,TEMPERATURE,17.2,C,WARNING,COOL — suboptimal for crops,2026-05-20
KAGGLE-00312-M,Kaggle- kidneybeans-312,MOISTURE,0.137,VWC,ALERT,CRITICAL DRY — irrigate immediately,2026-05-20
KAGGLE-00312-P,Kaggle- kidneybeans-312,PH,5.57,pH,NORMAL,OPTIMAL — ideal for crops,2026-05-20
KAGGLE-00311-P,Kaggle- kidneybeans-311,PH,5.75,pH,NORMAL,OPTIMAL — ideal for crops,2026-05-20
KAGGLE-00313-M,Kaggle- kidneybeans-313,MOISTURE,0.288,VWC,WARNING,DRY — schedule irrigation within 24hrs,2026-05-20
KAGGLE-00314-M,Kaggle- kidneybeans-314,MOISTURE,0.164,VWC,ALERT,CRITICAL DRY — irrigate immediately,2026-05-20
KAGGLE-00313-T,Kaggle- kidneybeans-313,TEMPERATURE,19.6,C,WARNING,COOL — suboptimal for crops,2026-05-20
KAGGLE-00313-P,Kaggle- kidneybeans-313,PH,5.81,pH,NORMAL,OPTIMAL — ideal for crops,2026-05-20
KAGGLE-00314-T,Kaggle- kidneybeans-314,TEMPERATURE,21.6,C,NORMAL,OPTIMAL — ideal temperature,2026-05-20
KAGGLE-00314-P,Kaggle- kidneybeans-314,PH,5.89,pH,NORMAL,OPTIMAL — ideal for crops,2026-05-20
KAGGLE-00315-T,Kaggle- kidneybeans-315,TEMPERATURE,16.1,C,WARNING,COOL — suboptimal for crops,2026-05-20
KAGGLE-00315-M,Kaggle- kidneybeans-315,MOISTURE,0.144,VWC,ALERT,CRITICAL DRY — irrigate immediately,2026-05-20
KAGGLE-00316-T,Kaggle- kidneybeans-316,TEMPERATURE,20.6,C,NORMAL,OPTIMAL — ideal temperature,2026-05-20
KAGGLE-00316-M,Kaggle- kidneybeans-316,MOISTURE,0.108,VWC,ALERT,CRITICAL DRY — irrigate immediately,2026-05-20
KAGGLE-00315-P,Kaggle- kidneybeans-315,PH,6.0,pH,NORMAL,OPTIMAL — ideal for crops,2026-05-20
KAGGLE-00317-T,Kaggle- kidneybeans-317,TEMPERATURE,21.4,C,NORMAL,OPTIMAL — ideal temperature,2026-05-20
KAGGLE-00318-T,Kaggle- kidneybeans-318,TEMPERATURE,19.1,C,WARNING,COOL — suboptimal for crops,2026-05-20
KAGGLE-00317-P,Kaggle- kidneybeans-317,PH,5.91,pH,NORMAL,OPTIMAL — ideal for crops,2026-05-20
KAGGLE-00316-P,Kaggle- kidneybeans-316,PH,5.79,pH,NORMAL,OPTIMAL — ideal for crops,2026-05-20
KAGGLE-00318-M,Kaggle- kidneybeans-318,MOISTURE,0.288,VWC,WARNING,DRY — schedule irrigation within 24hrs,2026-05-20
KAGGLE-00317-M,Kaggle- kidneybeans-317,MOISTURE,0.142,VWC,ALERT,CRITICAL DRY — irrigate immediately,2026-05-20
KAGGLE-00318-P,Kaggle- kidneybeans-318,PH,5.79,pH,NORMAL,OPTIMAL — ideal for crops,2026-05-20
KAGGLE-00319-M,Kaggle- kidneybeans-319,MOISTURE,0.16,VWC,ALERT,CRITICAL DRY — irrigate immediately,2026-05-20
KAGGLE-00319-P,Kaggle- kidneybeans-319,PH,5.73,pH,NORMAL,OPTIMAL — ideal for crops,2026-05-20
KAGGLE-00319-T,Kaggle- kidneybeans-319,TEMPERATURE,21.2,C,NORMAL,OPTIMAL — ideal temperature,2026-05-20
KAGGLE-00320-M,Kaggle- kidneybeans-320,MOISTURE,0.101,VWC,ALERT,CRITICAL DRY — irrigate immediately,2026-05-20
KAGGLE-00320-T,Kaggle- kidneybeans-320,TEMPERATURE,23.0,C,NORMAL,OPTIMAL — ideal temperature,2026-05-20
KAGGLE-00320-P,Kaggle- kidneybeans-320,PH,5.83,pH,NORMAL,OPTIMAL — ideal for crops,2026-05-20
KAGGLE-00321-M,Kaggle- kidneybeans-321,MOISTURE,0.139,VWC,ALERT,CRITICAL DRY — irrigate immediately,2026-05-20
KAGGLE-00322-M,Kaggle- kidneybeans-322,MOISTURE,0.229,VWC,WARNING,DRY — schedule irrigation within 24hrs,2026-05-20
KAGGLE-00321-P,Kaggle- kidneybeans-321,PH,5.97,pH,NORMAL,OPTIMAL — ideal for crops,2026-05-20
KAGGLE-00321-T,Kaggle- kidneybeans-321,TEMPERATURE,20.7,C,NORMAL,OPTIMAL — ideal temperature,2026-05-20
KAGGLE-00322-P,Kaggle- kidneybeans-322,PH,5.63,pH,NORMAL,OPTIMAL — ideal for crops,2026-05-20
KAGGLE-00322-T,Kaggle- kidneybeans-322,TEMPERATURE,18.1,C,WARNING,COOL — suboptimal for crops,2026-05-20
KAGGLE-00323-P,Kaggle- kidneybeans-323,PH,5.52,pH,NORMAL,OPTIMAL — ideal for crops,2026-05-20
KAGGLE-00323-T,Kaggle- kidneybeans-323,TEMPERATURE,18.2,C,WARNING,COOL — suboptimal for crops,2026-05-20
KAGGLE-00323-M,Kaggle- kidneybeans-323,MOISTURE,0.166,VWC,ALERT,CRITICAL DRY — irrigate immediately,2026-05-20
KAGGLE-00325-M,Kaggle- kidneybeans-325,MOISTURE,0.268,VWC,WARNING,DRY — schedule irrigation within 24hrs,2026-05-20
KAGGLE-00324-P,Kaggle- kidneybeans-324,PH,5.95,pH,NORMAL,OPTIMAL — ideal for crops,2026-05-20
KAGGLE-00324-M,Kaggle- kidneybeans-324,MOISTURE,0.207,VWC,WARNING,DRY — schedule irrigation within 24hrs,2026-05-20
KAGGLE-00324-T,Kaggle- kidneybeans-324,TEMPERATURE,17.5,C,WARNING,COOL — suboptimal for crops,2026-05-20
KAGGLE-00325-P,Kaggle- kidneybeans-325,PH,5.75,pH,NORMAL,OPTIMAL — ideal for crops,2026-05-20
KAGGLE-00325-T,Kaggle- kidneybeans-325,TEMPERATURE,19.9,C,WARNING,COOL — suboptimal for crops,2026-05-20
KAGGLE-00326-P,Kaggle- kidneybeans-326,PH,5.88,pH,NORMAL,OPTIMAL — ideal for crops,2026-05-20
KAGGLE-00326-T,Kaggle- kidneybeans-326,TEMPERATURE,20.3,C,NORMAL,OPTIMAL — ideal temperature,2026-05-20
KAGGLE-00326-M,Kaggle- kidneybeans-326,MOISTURE,0.144,VWC,ALERT,CRITICAL DRY — irrigate immediately,2026-05-20
KAGGLE-00327-M,Kaggle- kidneybeans-327,MOISTURE,0.283,VWC,WARNING,DRY — schedule irrigation within 24hrs,2026-05-20
KAGGLE-00327-T,Kaggle- kidneybeans-327,TEMPERATURE,15.8,C,WARNING,COOL — suboptimal for crops,2026-05-20
KAGGLE-00328-M,Kaggle- kidneybeans-328,MOISTURE,0.283,VWC,WARNING,DRY — schedule irrigation within 24hrs,2026-05-20
KAGGLE-00327-P,Kaggle- kidneybeans-327,PH,5.98,pH,NORMAL,OPTIMAL — ideal for crops,2026-05-20
KAGGLE-00328-T,Kaggle- kidneybeans-328,TEMPERATURE,16.7,C,WARNING,COOL — suboptimal for crops,2026-05-20
KAGGLE-00328-P,Kaggle- kidneybeans-328,PH,5.64,pH,NORMAL,OPTIMAL — ideal for crops,2026-05-20
KAGGLE-00329-M,Kaggle- kidneybeans-329,MOISTURE,0.125,VWC,ALERT,CRITICAL DRY — irrigate immediately,2026-05-20
KAGGLE-00329-T,Kaggle- kidneybeans-329,TEMPERATURE,17.7,C,WARNING,COOL — suboptimal for crops,2026-05-20
KAGGLE-00329-P,Kaggle- kidneybeans-329,PH,5.64,pH,NORMAL,OPTIMAL — ideal for crops,2026-05-20
KAGGLE-00330-M,Kaggle- kidneybeans-330,MOISTURE,0.261,VWC,WARNING,DRY — schedule irrigation within 24hrs,2026-05-20
KAGGLE-00330-T,Kaggle- kidneybeans-330,TEMPERATURE,18.5,C,WARNING,COOL — suboptimal for crops,2026-05-20
KAGGLE-00330-P,Kaggle- kidneybeans-330,PH,5.68,pH,NORMAL,OPTIMAL — ideal for crops,2026-05-20
KAGGLE-00331-M,Kaggle- kidneybeans-331,MOISTURE,0.296,VWC,WARNING,DRY — schedule irrigation within 24hrs,2026-05-20
KAGGLE-00331-T,Kaggle- kidneybeans-331,TEMPERATURE,24.5,C,NORMAL,OPTIMAL — ideal temperature,2026-05-20
KAGGLE-00331-P,Kaggle- kidneybeans-331,PH,5.67,pH,NORMAL,OPTIMAL — ideal for crops,2026-05-20
KAGGLE-00332-M,Kaggle- kidneybeans-332,MOISTURE,0.161,VWC,ALERT,CRITICAL DRY — irrigate immediately,2026-05-20
KAGGLE-00332-T,Kaggle- kidneybeans-332,TEMPERATURE,18.9,C,WARNING,COOL — suboptimal for crops,2026-05-20
KAGGLE-00332-P,Kaggle- kidneybeans-332,PH,5.72,pH,NORMAL,OPTIMAL — ideal for crops,2026-05-20
KAGGLE-00333-M,Kaggle- kidneybeans-333,MOISTURE,0.211,VWC,WARNING,DRY — schedule irrigation within 24hrs,2026-05-20
KAGGLE-00333-T,Kaggle- kidneybeans-333,TEMPERATURE,21.6,C,NORMAL,OPTIMAL — ideal temperature,2026-05-20
KAGGLE-00333-P,Kaggle- kidneybeans-333,PH,5.81,pH,NORMAL,OPTIMAL — ideal for crops,2026-05-20
KAGGLE-00334-T,Kaggle- kidneybeans-334,TEMPERATURE,20.1,C,NORMAL,OPTIMAL — ideal temperature,2026-05-20
KAGGLE-00334-M,Kaggle- kidneybeans-334,MOISTURE,0.26,VWC,WARNING,DRY — schedule irrigation within 24hrs,2026-05-20
KAGGLE-00335-M,Kaggle- kidneybeans-335,MOISTURE,0.226,VWC,WARNING,DRY — schedule irrigation within 24hrs,2026-05-20
KAGGLE-00334-P,Kaggle- kidneybeans-334,PH,5.78,pH,NORMAL,OPTIMAL — ideal for crops,2026-05-20
KAGGLE-00335-T,Kaggle- kidneybeans-335,TEMPERATURE,15.4,C,WARNING,COOL — suboptimal for crops,2026-05-20
KAGGLE-00336-M,Kaggle- kidneybeans-336,MOISTURE,0.12,VWC,ALERT,CRITICAL DRY — irrigate immediately,2026-05-20
KAGGLE-00335-P,Kaggle- kidneybeans-335,PH,5.61,pH,NORMAL,OPTIMAL — ideal for crops,2026-05-20
KAGGLE-00336-T,Kaggle- kidneybeans-336,TEMPERATURE,22.6,C,NORMAL,OPTIMAL — ideal temperature,2026-05-20
KAGGLE-00337-M,Kaggle- kidneybeans-337,MOISTURE,0.291,VWC,WARNING,DRY — schedule irrigation within 24hrs,2026-05-20
KAGGLE-00336-P,Kaggle- kidneybeans-336,PH,5.95,pH,NORMAL,OPTIMAL — ideal for crops,2026-05-20
KAGGLE-00338-M,Kaggle- kidneybeans-338,MOISTURE,0.151,VWC,ALERT,CRITICAL DRY — irrigate immediately,2026-05-20
KAGGLE-00337-P,Kaggle- kidneybeans-337,PH,5.85,pH,NORMAL,OPTIMAL — ideal for crops,2026-05-20
KAGGLE-00337-T,Kaggle- kidneybeans-337,TEMPERATURE,22.0,C,NORMAL,OPTIMAL — ideal temperature,2026-05-20
KAGGLE-00339-M,Kaggle- kidneybeans-339,MOISTURE,0.246,VWC,WARNING,DRY — schedule irrigation within 24hrs,2026-05-20
KAGGLE-00338-P,Kaggle- kidneybeans-338,PH,5.82,pH,NORMAL,OPTIMAL — ideal for crops,2026-05-20
KAGGLE-00338-T,Kaggle- kidneybeans-338,TEMPERATURE,20.5,C,NORMAL,OPTIMAL — ideal temperature,2026-05-20
KAGGLE-00339-P,Kaggle- kidneybeans-339,PH,5.5,pH,NORMAL,OPTIMAL — ideal for crops,2026-05-20
KAGGLE-00340-M,Kaggle- kidneybeans-340,MOISTURE,0.165,VWC,ALERT,CRITICAL DRY — irrigate immediately,2026-05-20
KAGGLE-00339-T,Kaggle- kidneybeans-339,TEMPERATURE,15.8,C,WARNING,COOL — suboptimal for crops,2026-05-20
KAGGLE-00340-P,Kaggle- kidneybeans-340,PH,5.82,pH,NORMAL,OPTIMAL — ideal for crops,2026-05-20
KAGGLE-00340-T,Kaggle- kidneybeans-340,TEMPERATURE,19.6,C,WARNING,COOL — suboptimal for crops,2026-05-20
KAGGLE-00341-P,Kaggle- kidneybeans-341,PH,5.71,pH,NORMAL,OPTIMAL — ideal for crops,2026-05-20
KAGGLE-00341-T,Kaggle- kidneybeans-341,TEMPERATURE,20.6,C,NORMAL,OPTIMAL — ideal temperature,2026-05-20
KAGGLE-00341-M,Kaggle- kidneybeans-341,MOISTURE,0.162,VWC,ALERT,CRITICAL DRY — irrigate immediately,2026-05-20
KAGGLE-00342-M,Kaggle- kidneybeans-342,MOISTURE,0.299,VWC,WARNING,DRY — schedule irrigation within 24hrs,2026-05-20
KAGGLE-00342-T,Kaggle- kidneybeans-342,TEMPERATURE,20.2,C,NORMAL,OPTIMAL — ideal temperature,2026-05-20
KAGGLE-00343-T,Kaggle- kidneybeans-343,TEMPERATURE,21.5,C,NORMAL,OPTIMAL — ideal temperature,2026-05-20
KAGGLE-00343-M,Kaggle- kidneybeans-343,MOISTURE,0.198,VWC,ALERT,CRITICAL DRY — irrigate immediately,2026-05-20
KAGGLE-00342-P,Kaggle- kidneybeans-342,PH,5.51,pH,NORMAL,OPTIMAL — ideal for crops,2026-05-20
KAGGLE-00344-M,Kaggle- kidneybeans-344,MOISTURE,0.268,VWC,WARNING,DRY — schedule irrigation within 24hrs,2026-05-20
KAGGLE-00343-P,Kaggle- kidneybeans-343,PH,6.0,pH,NORMAL,OPTIMAL — ideal for crops,2026-05-20
KAGGLE-00344-T,Kaggle- kidneybeans-344,TEMPERATURE,15.5,C,WARNING,COOL — suboptimal for crops,2026-05-20
KAGGLE-00345-T,Kaggle- kidneybeans-345,TEMPERATURE,19.9,C,WARNING,COOL — suboptimal for crops,2026-05-20
KAGGLE-00345-M,Kaggle- kidneybeans-345,MOISTURE,0.278,VWC,WARNING,DRY — schedule irrigation within 24hrs,2026-05-20
KAGGLE-00344-P,Kaggle- kidneybeans-344,PH,5.7,pH,NORMAL,OPTIMAL — ideal for crops,2026-05-20
KAGGLE-00345-P,Kaggle- kidneybeans-345,PH,5.83,pH,NORMAL,OPTIMAL — ideal for crops,2026-05-20
KAGGLE-00346-T,Kaggle- kidneybeans-346,TEMPERATURE,20.8,C,NORMAL,OPTIMAL — ideal temperature,2026-05-20
KAGGLE-00346-M,Kaggle- kidneybeans-346,MOISTURE,0.262,VWC,WARNING,DRY — schedule irrigation within 24hrs,2026-05-20
KAGGLE-00349-T,Kaggle- kidneybeans-349,TEMPERATURE,20.1,C,NORMAL,OPTIMAL — ideal temperature,2026-05-20
KAGGLE-00347-P,Kaggle- kidneybeans-347,PH,5.65,pH,NORMAL,OPTIMAL — ideal for crops,2026-05-20
KAGGLE-00351-T,Kaggle- kidneybeans-351,TEMPERATURE,19.5,C,WARNING,COOL — suboptimal for crops,2026-05-20
KAGGLE-00348-T,Kaggle- kidneybeans-348,TEMPERATURE,24.3,C,NORMAL,OPTIMAL — ideal temperature,2026-05-20
KAGGLE-00348-M,Kaggle- kidneybeans-348,MOISTURE,0.161,VWC,ALERT,CRITICAL DRY — irrigate immediately,2026-05-20
KAGGLE-00351-M,Kaggle- kidneybeans-351,MOISTURE,0.12,VWC,ALERT,CRITICAL DRY — irrigate immediately,2026-05-20
KAGGLE-00347-M,Kaggle- kidneybeans-347,MOISTURE,0.205,VWC,WARNING,DRY — schedule irrigation within 24hrs,2026-05-20
KAGGLE-00348-P,Kaggle- kidneybeans-348,PH,5.82,pH,NORMAL,OPTIMAL — ideal for crops,2026-05-20
KAGGLE-00349-M,Kaggle- kidneybeans-349,MOISTURE,0.157,VWC,ALERT,CRITICAL DRY — irrigate immediately,2026-05-20
KAGGLE-00349-P,Kaggle- kidneybeans-349,PH,5.66,pH,NORMAL,OPTIMAL — ideal for crops,2026-05-20
KAGGLE-00350-M,Kaggle- kidneybeans-350,MOISTURE,0.214,VWC,WARNING,DRY — schedule irrigation within 24hrs,2026-05-20
KAGGLE-00346-P,Kaggle- kidneybeans-346,PH,5.57,pH,NORMAL,OPTIMAL — ideal for crops,2026-05-20
KAGGLE-00350-P,Kaggle- kidneybeans-350,PH,5.95,pH,NORMAL,OPTIMAL — ideal for crops,2026-05-20
KAGGLE-00350-T,Kaggle- kidneybeans-350,TEMPERATURE,21.8,C,NORMAL,OPTIMAL — ideal temperature,2026-05-20
KAGGLE-00347-T,Kaggle- kidneybeans-347,TEMPERATURE,23.5,C,NORMAL,OPTIMAL — ideal temperature,2026-05-20
KAGGLE-00352-M,Kaggle- kidneybeans-352,MOISTURE,0.224,VWC,WARNING,DRY — schedule irrigation within 24hrs,2026-05-20
KAGGLE-00351-P,Kaggle- kidneybeans-351,PH,5.95,pH,NORMAL,OPTIMAL — ideal for crops,2026-05-20
KAGGLE-00353-M,Kaggle- kidneybeans-353,MOISTURE,0.184,VWC,ALERT,CRITICAL DRY — irrigate immediately,2026-05-20
KAGGLE-00352-P,Kaggle- kidneybeans-352,PH,5.52,pH,NORMAL,OPTIMAL — ideal for crops,2026-05-20
KAGGLE-00352-T,Kaggle- kidneybeans-352,TEMPERATURE,17.0,C,WARNING,COOL — suboptimal for crops,2026-05-20
KAGGLE-00353-P,Kaggle- kidneybeans-353,PH,5.58,pH,NORMAL,OPTIMAL — ideal for crops,2026-05-20
KAGGLE-00353-T,Kaggle- kidneybeans-353,TEMPERATURE,16.8,C,WARNING,COOL — suboptimal for crops,2026-05-20
KAGGLE-00355-M,Kaggle- kidneybeans-355,MOISTURE,0.179,VWC,ALERT,CRITICAL DRY — irrigate immediately,2026-05-20
KAGGLE-00354-M,Kaggle- kidneybeans-354,MOISTURE,0.139,VWC,ALERT,CRITICAL DRY — irrigate immediately,2026-05-20
KAGGLE-00354-P,Kaggle- kidneybeans-354,PH,5.61,pH,NORMAL,OPTIMAL — ideal for crops,2026-05-20
KAGGLE-00354-T,Kaggle- kidneybeans-354,TEMPERATURE,24.8,C,NORMAL,OPTIMAL — ideal temperature,2026-05-20
KAGGLE-00356-T,Kaggle- kidneybeans-356,TEMPERATURE,18.2,C,WARNING,COOL — suboptimal for crops,2026-05-20
KAGGLE-00356-M,Kaggle- kidneybeans-356,MOISTURE,0.189,VWC,ALERT,CRITICAL DRY — irrigate immediately,2026-05-20
KAGGLE-00355-P,Kaggle- kidneybeans-355,PH,5.61,pH,NORMAL,OPTIMAL — ideal for crops,2026-05-20
KAGGLE-00355-T,Kaggle- kidneybeans-355,TEMPERATURE,16.5,C,WARNING,COOL — suboptimal for crops,2026-05-20
KAGGLE-00357-T,Kaggle- kidneybeans-357,TEMPERATURE,23.2,C,NORMAL,OPTIMAL — ideal temperature,2026-05-20
KAGGLE-00358-T,Kaggle- kidneybeans-358,TEMPERATURE,23.4,C,NORMAL,OPTIMAL — ideal temperature,2026-05-20
KAGGLE-00358-M,Kaggle- kidneybeans-358,MOISTURE,0.266,VWC,WARNING,DRY — schedule irrigation within 24hrs,2026-05-20
KAGGLE-00356-P,Kaggle- kidneybeans-356,PH,5.51,pH,NORMAL,OPTIMAL — ideal for crops,2026-05-20
KAGGLE-00357-M,Kaggle- kidneybeans-357,MOISTURE,0.11,VWC,ALERT,CRITICAL DRY — irrigate immediately,2026-05-20
KAGGLE-00357-P,Kaggle- kidneybeans-357,PH,5.9,pH,NORMAL,OPTIMAL — ideal for crops,2026-05-20
KAGGLE-00359-P,Kaggle- kidneybeans-359,PH,5.72,pH,NORMAL,OPTIMAL — ideal for crops,2026-05-20
KAGGLE-00358-P,Kaggle- kidneybeans-358,PH,5.74,pH,NORMAL,OPTIMAL — ideal for crops,2026-05-20
KAGGLE-00359-T,Kaggle- kidneybeans-359,TEMPERATURE,18.4,C,WARNING,COOL — suboptimal for crops,2026-05-20
KAGGLE-00360-T,Kaggle- kidneybeans-360,TEMPERATURE,19.3,C,WARNING,COOL — suboptimal for crops,2026-05-20
KAGGLE-00360-M,Kaggle- kidneybeans-360,MOISTURE,0.214,VWC,WARNING,DRY — schedule irrigation within 24hrs,2026-05-20
KAGGLE-00359-M,Kaggle- kidneybeans-359,MOISTURE,0.176,VWC,ALERT,CRITICAL DRY — irrigate immediately,2026-05-20
KAGGLE-00360-P,Kaggle- kidneybeans-360,PH,5.54,pH,NORMAL,OPTIMAL — ideal for crops,2026-05-20
KAGGLE-00361-M,Kaggle- kidneybeans-361,MOISTURE,0.235,VWC,WARNING,DRY — schedule irrigation within 24hrs,2026-05-20
KAGGLE-00362-T,Kaggle- kidneybeans-362,TEMPERATURE,20.1,C,NORMAL,OPTIMAL — ideal temperature,2026-05-20
KAGGLE-00362-M,Kaggle- kidneybeans-362,MOISTURE,0.155,VWC,ALERT,CRITICAL DRY — irrigate immediately,2026-05-20
KAGGLE-00361-P,Kaggle- kidneybeans-361,PH,5.86,pH,NORMAL,OPTIMAL — ideal for crops,2026-05-20
KAGGLE-00361-T,Kaggle- kidneybeans-361,TEMPERATURE,23.0,C,NORMAL,OPTIMAL — ideal temperature,2026-05-20
KAGGLE-00362-P,Kaggle- kidneybeans-362,PH,5.62,pH,NORMAL,OPTIMAL — ideal for crops,2026-05-20
KAGGLE-00363-P,Kaggle- kidneybeans-363,PH,5.61,pH,NORMAL,OPTIMAL — ideal for crops,2026-05-20
KAGGLE-00363-T,Kaggle- kidneybeans-363,TEMPERATURE,21.1,C,NORMAL,OPTIMAL — ideal temperature,2026-05-20
KAGGLE-00363-M,Kaggle- kidneybeans-363,MOISTURE,0.119,VWC,ALERT,CRITICAL DRY — irrigate immediately,2026-05-20
KAGGLE-00366-M,Kaggle- kidneybeans-366,MOISTURE,0.212,VWC,WARNING,DRY — schedule irrigation within 24hrs,2026-05-20
KAGGLE-00364-T,Kaggle- kidneybeans-364,TEMPERATURE,24.9,C,NORMAL,OPTIMAL — ideal temperature,2026-05-20
KAGGLE-00364-M,Kaggle- kidneybeans-364,MOISTURE,0.245,VWC,WARNING,DRY — schedule irrigation within 24hrs,2026-05-20
KAGGLE-00365-P,Kaggle- kidneybeans-365,PH,5.57,pH,NORMAL,OPTIMAL — ideal for crops,2026-05-20
KAGGLE-00364-P,Kaggle- kidneybeans-364,PH,5.58,pH,NORMAL,OPTIMAL — ideal for crops,2026-05-20
KAGGLE-00365-M,Kaggle- kidneybeans-365,MOISTURE,0.248,VWC,WARNING,DRY — schedule irrigation within 24hrs,2026-05-20
KAGGLE-00365-T,Kaggle- kidneybeans-365,TEMPERATURE,15.3,C,WARNING,COOL — suboptimal for crops,2026-05-20
KAGGLE-00367-M,Kaggle- kidneybeans-367,MOISTURE,0.178,VWC,ALERT,CRITICAL DRY — irrigate immediately,2026-05-20
KAGGLE-00366-P,Kaggle- kidneybeans-366,PH,5.89,pH,NORMAL,OPTIMAL — ideal for crops,2026-05-20
KAGGLE-00366-T,Kaggle- kidneybeans-366,TEMPERATURE,18.8,C,WARNING,COOL — suboptimal for crops,2026-05-20
KAGGLE-00368-T,Kaggle- kidneybeans-368,TEMPERATURE,22.8,C,NORMAL,OPTIMAL — ideal temperature,2026-05-20
KAGGLE-00368-M,Kaggle- kidneybeans-368,MOISTURE,0.291,VWC,WARNING,DRY — schedule irrigation within 24hrs,2026-05-20
KAGGLE-00367-P,Kaggle- kidneybeans-367,PH,5.93,pH,NORMAL,OPTIMAL — ideal for crops,2026-05-20
KAGGLE-00367-T,Kaggle- kidneybeans-367,TEMPERATURE,23.4,C,NORMAL,OPTIMAL — ideal temperature,2026-05-20
KAGGLE-00369-P,Kaggle- kidneybeans-369,PH,5.71,pH,NORMAL,OPTIMAL — ideal for crops,2026-05-20
KAGGLE-00369-T,Kaggle- kidneybeans-369,TEMPERATURE,24.9,C,NORMAL,OPTIMAL — ideal temperature,2026-05-20
KAGGLE-00369-M,Kaggle- kidneybeans-369,MOISTURE,0.204,VWC,WARNING,DRY — schedule irrigation within 24hrs,2026-05-20
KAGGLE-00368-P,Kaggle- kidneybeans-368,PH,5.68,pH,NORMAL,OPTIMAL — ideal for crops,2026-05-20
KAGGLE-00371-T,Kaggle- kidneybeans-371,TEMPERATURE,22.1,C,NORMAL,OPTIMAL — ideal temperature,2026-05-20
KAGGLE-00371-M,Kaggle- kidneybeans-371,MOISTURE,0.239,VWC,WARNING,DRY — schedule irrigation within 24hrs,2026-05-20
KAGGLE-00370-M,Kaggle- kidneybeans-370,MOISTURE,0.297,VWC,WARNING,DRY — schedule irrigation within 24hrs,2026-05-20
KAGGLE-00370-T,Kaggle- kidneybeans-370,TEMPERATURE,23.8,C,NORMAL,OPTIMAL — ideal temperature,2026-05-20
KAGGLE-00370-P,Kaggle- kidneybeans-370,PH,5.95,pH,NORMAL,OPTIMAL — ideal for crops,2026-05-20
KAGGLE-00373-T,Kaggle- kidneybeans-373,TEMPERATURE,18.6,C,WARNING,COOL — suboptimal for crops,2026-05-20
KAGGLE-00371-P,Kaggle- kidneybeans-371,PH,5.77,pH,NORMAL,OPTIMAL — ideal for crops,2026-05-20
KAGGLE-00372-P,Kaggle- kidneybeans-372,PH,5.97,pH,NORMAL,OPTIMAL — ideal for crops,2026-05-20
KAGGLE-00372-T,Kaggle- kidneybeans-372,TEMPERATURE,18.9,C,WARNING,COOL — suboptimal for crops,2026-05-20
KAGGLE-00372-M,Kaggle- kidneybeans-372,MOISTURE,0.199,VWC,ALERT,CRITICAL DRY — irrigate immediately,2026-05-20
KAGGLE-00373-M,Kaggle- kidneybeans-373,MOISTURE,0.166,VWC,ALERT,CRITICAL DRY — irrigate immediately,2026-05-20
KAGGLE-00374-P,Kaggle- kidneybeans-374,PH,5.67,pH,NORMAL,OPTIMAL — ideal for crops,2026-05-20
KAGGLE-00374-T,Kaggle- kidneybeans-374,TEMPERATURE,23.0,C,NORMAL,OPTIMAL — ideal temperature,2026-05-20
KAGGLE-00374-M,Kaggle- kidneybeans-374,MOISTURE,0.289,VWC,WARNING,DRY — schedule irrigation within 24hrs,2026-05-20
KAGGLE-00373-P,Kaggle- kidneybeans-373,PH,5.53,pH,NORMAL,OPTIMAL — ideal for crops,2026-05-20
KAGGLE-00376-T,Kaggle- kidneybeans-376,TEMPERATURE,16.2,C,WARNING,COOL — suboptimal for crops,2026-05-20
KAGGLE-00376-M,Kaggle- kidneybeans-376,MOISTURE,0.184,VWC,ALERT,CRITICAL DRY — irrigate immediately,2026-05-20
KAGGLE-00375-P,Kaggle- kidneybeans-375,PH,5.66,pH,NORMAL,OPTIMAL — ideal for crops,2026-05-20
KAGGLE-00375-T,Kaggle- kidneybeans-375,TEMPERATURE,19.3,C,WARNING,COOL — suboptimal for crops,2026-05-20
KAGGLE-00375-M,Kaggle- kidneybeans-375,MOISTURE,0.262,VWC,WARNING,DRY — schedule irrigation within 24hrs,2026-05-20
KAGGLE-00377-P,Kaggle- kidneybeans-377,PH,5.93,pH,NORMAL,OPTIMAL — ideal for crops,2026-05-20
KAGGLE-00377-T,Kaggle- kidneybeans-377,TEMPERATURE,17.9,C,WARNING,COOL — suboptimal for crops,2026-05-20
KAGGLE-00377-M,Kaggle- kidneybeans-377,MOISTURE,0.293,VWC,WARNING,DRY — schedule irrigation within 24hrs,2026-05-20
KAGGLE-00376-P,Kaggle- kidneybeans-376,PH,5.59,pH,NORMAL,OPTIMAL — ideal for crops,2026-05-20
KAGGLE-00379-M,Kaggle- kidneybeans-379,MOISTURE,0.179,VWC,ALERT,CRITICAL DRY — irrigate immediately,2026-05-20
KAGGLE-00378-P,Kaggle- kidneybeans-378,PH,5.82,pH,NORMAL,OPTIMAL — ideal for crops,2026-05-20
KAGGLE-00378-T,Kaggle- kidneybeans-378,TEMPERATURE,15.5,C,WARNING,COOL — suboptimal for crops,2026-05-20
KAGGLE-00378-M,Kaggle- kidneybeans-378,MOISTURE,0.12,VWC,ALERT,CRITICAL DRY — irrigate immediately,2026-05-20
KAGGLE-00380-T,Kaggle- kidneybeans-380,TEMPERATURE,21.3,C,NORMAL,OPTIMAL — ideal temperature,2026-05-20
KAGGLE-00380-M,Kaggle- kidneybeans-380,MOISTURE,0.212,VWC,WARNING,DRY — schedule irrigation within 24hrs,2026-05-20
KAGGLE-00379-P,Kaggle- kidneybeans-379,PH,5.86,pH,NORMAL,OPTIMAL — ideal for crops,2026-05-20
KAGGLE-00379-T,Kaggle- kidneybeans-379,TEMPERATURE,17.1,C,WARNING,COOL — suboptimal for crops,2026-05-20
KAGGLE-00381-T,Kaggle- kidneybeans-381,TEMPERATURE,23.9,C,NORMAL,OPTIMAL — ideal temperature,2026-05-20
KAGGLE-00381-M,Kaggle- kidneybeans-381,MOISTURE,0.154,VWC,ALERT,CRITICAL DRY — irrigate immediately,2026-05-20
KAGGLE-00380-P,Kaggle- kidneybeans-380,PH,5.87,pH,NORMAL,OPTIMAL — ideal for crops,2026-05-20
KAGGLE-00385-T,Kaggle- kidneybeans-385,TEMPERATURE,24.2,C,NORMAL,OPTIMAL — ideal temperature,2026-05-20
KAGGLE-00383-M,Kaggle- kidneybeans-383,MOISTURE,0.132,VWC,ALERT,CRITICAL DRY — irrigate immediately,2026-05-20
KAGGLE-00382-P,Kaggle- kidneybeans-382,PH,5.94,pH,NORMAL,OPTIMAL — ideal for crops,2026-05-20
KAGGLE-00382-T,Kaggle- kidneybeans-382,TEMPERATURE,23.9,C,NORMAL,OPTIMAL — ideal temperature,2026-05-20
KAGGLE-00382-M,Kaggle- kidneybeans-382,MOISTURE,0.138,VWC,ALERT,CRITICAL DRY — irrigate immediately,2026-05-20
KAGGLE-00383-P,Kaggle- kidneybeans-383,PH,5.92,pH,NORMAL,OPTIMAL — ideal for crops,2026-05-20
KAGGLE-00383-T,Kaggle- kidneybeans-383,TEMPERATURE,23.0,C,NORMAL,OPTIMAL — ideal temperature,2026-05-20
KAGGLE-00384-P,Kaggle- kidneybeans-384,PH,5.78,pH,NORMAL,OPTIMAL — ideal for crops,2026-05-20
KAGGLE-00384-T,Kaggle- kidneybeans-384,TEMPERATURE,21.4,C,NORMAL,OPTIMAL — ideal temperature,2026-05-20
KAGGLE-00384-M,Kaggle- kidneybeans-384,MOISTURE,0.217,VWC,WARNING,DRY — schedule irrigation within 24hrs,2026-05-20
KAGGLE-00381-P,Kaggle- kidneybeans-381,PH,5.71,pH,NORMAL,OPTIMAL — ideal for crops,2026-05-20
KAGGLE-00385-M,Kaggle- kidneybeans-385,MOISTURE,0.278,VWC,WARNING,DRY — schedule irrigation within 24hrs,2026-05-20
KAGGLE-00386-T,Kaggle- kidneybeans-386,TEMPERATURE,24.6,C,NORMAL,OPTIMAL — ideal temperature,2026-05-20
KAGGLE-00386-M,Kaggle- kidneybeans-386,MOISTURE,0.18,VWC,ALERT,CRITICAL DRY — irrigate immediately,2026-05-20
KAGGLE-00385-P,Kaggle- kidneybeans-385,PH,5.83,pH,NORMAL,OPTIMAL — ideal for crops,2026-05-20
KAGGLE-00387-P,Kaggle- kidneybeans-387,PH,5.66,pH,NORMAL,OPTIMAL — ideal for crops,2026-05-20
KAGGLE-00387-M,Kaggle- kidneybeans-387,MOISTURE,0.207,VWC,WARNING,DRY — schedule irrigation within 24hrs,2026-05-20
KAGGLE-00386-P,Kaggle- kidneybeans-386,PH,5.51,pH,NORMAL,OPTIMAL — ideal for crops,2026-05-20
KAGGLE-00387-T,Kaggle- kidneybeans-387,TEMPERATURE,21.0,C,NORMAL,OPTIMAL — ideal temperature,2026-05-20
KAGGLE-00388-M,Kaggle- kidneybeans-388,MOISTURE,0.281,VWC,WARNING,DRY — schedule irrigation within 24hrs,2026-05-20
KAGGLE-00388-T,Kaggle- kidneybeans-388,TEMPERATURE,17.3,C,WARNING,COOL — suboptimal for crops,2026-05-20
KAGGLE-00388-P,Kaggle- kidneybeans-388,PH,5.86,pH,NORMAL,OPTIMAL — ideal for crops,2026-05-20
KAGGLE-00389-M,Kaggle- kidneybeans-389,MOISTURE,0.127,VWC,ALERT,CRITICAL DRY — irrigate immediately,2026-05-20
KAGGLE-00390-T,Kaggle- kidneybeans-390,TEMPERATURE,19.3,C,WARNING,COOL — suboptimal for crops,2026-05-20
KAGGLE-00389-T,Kaggle- kidneybeans-389,TEMPERATURE,23.8,C,NORMAL,OPTIMAL — ideal temperature,2026-05-20
KAGGLE-00390-M,Kaggle- kidneybeans-390,MOISTURE,0.125,VWC,ALERT,CRITICAL DRY — irrigate immediately,2026-05-20
KAGGLE-00389-P,Kaggle- kidneybeans-389,PH,5.62,pH,NORMAL,OPTIMAL — ideal for crops,2026-05-20
KAGGLE-00391-P,Kaggle- kidneybeans-391,PH,5.98,pH,NORMAL,OPTIMAL — ideal for crops,2026-05-20
KAGGLE-00392-M,Kaggle- kidneybeans-392,MOISTURE,0.26,VWC,WARNING,DRY — schedule irrigation within 24hrs,2026-05-20
KAGGLE-00391-T,Kaggle- kidneybeans-391,TEMPERATURE,16.0,C,WARNING,COOL — suboptimal for crops,2026-05-20
KAGGLE-00391-M,Kaggle- kidneybeans-391,MOISTURE,0.15,VWC,ALERT,CRITICAL DRY — irrigate immediately,2026-05-20
KAGGLE-00390-P,Kaggle- kidneybeans-390,PH,5.59,pH,NORMAL,OPTIMAL — ideal for crops,2026-05-20
KAGGLE-00393-M,Kaggle- kidneybeans-393,MOISTURE,0.29,VWC,WARNING,DRY — schedule irrigation within 24hrs,2026-05-20
KAGGLE-00393-T,Kaggle- kidneybeans-393,TEMPERATURE,19.9,C,WARNING,COOL — suboptimal for crops,2026-05-20
KAGGLE-00393-P,Kaggle- kidneybeans-393,PH,5.96,pH,NORMAL,OPTIMAL — ideal for crops,2026-05-20
KAGGLE-00392-P,Kaggle- kidneybeans-392,PH,5.67,pH,NORMAL,OPTIMAL — ideal for crops,2026-05-20
KAGGLE-00392-T,Kaggle- kidneybeans-392,TEMPERATURE,19.2,C,WARNING,COOL — suboptimal for crops,2026-05-20
KAGGLE-00395-M,Kaggle- kidneybeans-395,MOISTURE,0.233,VWC,WARNING,DRY — schedule irrigation within 24hrs,2026-05-20
KAGGLE-00394-P,Kaggle- kidneybeans-394,PH,5.69,pH,NORMAL,OPTIMAL — ideal for crops,2026-05-20
KAGGLE-00394-T,Kaggle- kidneybeans-394,TEMPERATURE,19.6,C,WARNING,COOL — suboptimal for crops,2026-05-20
KAGGLE-00394-M,Kaggle- kidneybeans-394,MOISTURE,0.113,VWC,ALERT,CRITICAL DRY — irrigate immediately,2026-05-20
KAGGLE-00396-P,Kaggle- kidneybeans-396,PH,5.6,pH,NORMAL,OPTIMAL — ideal for crops,2026-05-20
KAGGLE-00396-T,Kaggle- kidneybeans-396,TEMPERATURE,20.1,C,NORMAL,OPTIMAL — ideal temperature,2026-05-20
KAGGLE-00396-M,Kaggle- kidneybeans-396,MOISTURE,0.179,VWC,ALERT,CRITICAL DRY — irrigate immediately,2026-05-20
KAGGLE-00395-P,Kaggle- kidneybeans-395,PH,5.7,pH,NORMAL,OPTIMAL — ideal for crops,2026-05-20
KAGGLE-00395-T,Kaggle- kidneybeans-395,TEMPERATURE,18.3,C,WARNING,COOL — suboptimal for crops,2026-05-20
KAGGLE-00398-M,Kaggle- kidneybeans-398,MOISTURE,0.117,VWC,ALERT,CRITICAL DRY — irrigate immediately,2026-05-20
KAGGLE-00397-P,Kaggle- kidneybeans-397,PH,5.53,pH,NORMAL,OPTIMAL — ideal for crops,2026-05-20
KAGGLE-00397-T,Kaggle- kidneybeans-397,TEMPERATURE,23.6,C,NORMAL,OPTIMAL — ideal temperature,2026-05-20
KAGGLE-00397-M,Kaggle- kidneybeans-397,MOISTURE,0.195,VWC,ALERT,CRITICAL DRY — irrigate immediately,2026-05-20
KAGGLE-00399-P,Kaggle- kidneybeans-399,PH,5.56,pH,NORMAL,OPTIMAL — ideal for crops,2026-05-20
KAGGLE-00399-T,Kaggle- kidneybeans-399,TEMPERATURE,20.9,C,NORMAL,OPTIMAL — ideal temperature,2026-05-20
KAGGLE-00399-M,Kaggle- kidneybeans-399,MOISTURE,0.242,VWC,WARNING,DRY — schedule irrigation within 24hrs,2026-05-20
KAGGLE-00398-P,Kaggle- kidneybeans-398,PH,5.82,pH,NORMAL,OPTIMAL — ideal for crops,2026-05-20
KAGGLE-00398-T,Kaggle- kidneybeans-398,TEMPERATURE,19.7,C,WARNING,COOL — suboptimal for crops,2026-05-20
KAGGLE-00400-T,Kaggle- kidneybeans-400,TEMPERATURE,18.8,C,WARNING,COOL — suboptimal for crops,2026-05-20
KAGGLE-00400-M,Kaggle- kidneybeans-400,MOISTURE,0.138,VWC,ALERT,CRITICAL DRY — irrigate immediately,2026-05-20
KAGGLE-00400-P,Kaggle- kidneybeans-400,PH,5.63,pH,NORMAL,OPTIMAL — ideal for crops,2026-05-20
KAGGLE-00401-M,Kaggle- pigeonpeas -401,MOISTURE,0.123,VWC,ALERT,CRITICAL DRY — irrigate immediately,2026-05-20
KAGGLE-00401-P,Kaggle- pigeonpeas -401,PH,6.03,pH,NORMAL,OPTIMAL — ideal for crops,2026-05-20
KAGGLE-00401-T,Kaggle- pigeonpeas -401,TEMPERATURE,36.5,C,ALERT,HEAT STRESS — crops at risk,2026-05-20
KAGGLE-00402-M,Kaggle- pigeonpeas -402,MOISTURE,0.217,VWC,WARNING,DRY — schedule irrigation within 24hrs,2026-05-20
KAGGLE-00402-P,Kaggle- pigeonpeas -402,PH,5.27,pH,WARNING,ACIDIC — consider lime treatment,2026-05-20
KAGGLE-00402-T,Kaggle- pigeonpeas -402,TEMPERATURE,36.9,C,ALERT,HEAT STRESS — crops at risk,2026-05-20
KAGGLE-00403-M,Kaggle- pigeonpeas -403,MOISTURE,0.272,VWC,WARNING,DRY — schedule irrigation within 24hrs,2026-05-20
KAGGLE-00403-T,Kaggle- pigeonpeas -403,TEMPERATURE,29.2,C,NORMAL,OPTIMAL — ideal temperature,2026-05-20
KAGGLE-00403-P,Kaggle- pigeonpeas -403,PH,5.99,pH,NORMAL,OPTIMAL — ideal for crops,2026-05-20
KAGGLE-00404-M,Kaggle- pigeonpeas -404,MOISTURE,0.118,VWC,ALERT,CRITICAL DRY — irrigate immediately,2026-05-20
KAGGLE-00404-T,Kaggle- pigeonpeas -404,TEMPERATURE,27.3,C,NORMAL,OPTIMAL — ideal temperature,2026-05-20
KAGGLE-00404-P,Kaggle- pigeonpeas -404,PH,6.09,pH,NORMAL,OPTIMAL — ideal for crops,2026-05-20
KAGGLE-00405-T,Kaggle- pigeonpeas -405,TEMPERATURE,21.1,C,NORMAL,OPTIMAL — ideal temperature,2026-05-20
KAGGLE-00405-M,Kaggle- pigeonpeas -405,MOISTURE,0.115,VWC,ALERT,CRITICAL DRY — irrigate immediately,2026-05-20
KAGGLE-00405-P,Kaggle- pigeonpeas -405,PH,5.62,pH,NORMAL,OPTIMAL — ideal for crops,2026-05-20
KAGGLE-00406-T,Kaggle- pigeonpeas -406,TEMPERATURE,30.3,C,WARNING,WARM — monitor crop stress,2026-05-20
KAGGLE-00406-M,Kaggle- pigeonpeas -406,MOISTURE,0.197,VWC,ALERT,CRITICAL DRY — irrigate immediately,2026-05-20
KAGGLE-00406-P,Kaggle- pigeonpeas -406,PH,6.45,pH,NORMAL,OPTIMAL — ideal for crops,2026-05-20
KAGGLE-00407-M,Kaggle- pigeonpeas -407,MOISTURE,0.296,VWC,WARNING,DRY — schedule irrigation within 24hrs,2026-05-20
KAGGLE-00407-P,Kaggle- pigeonpeas -407,PH,5.62,pH,NORMAL,OPTIMAL — ideal for crops,2026-05-20
KAGGLE-00407-T,Kaggle- pigeonpeas -407,TEMPERATURE,31.8,C,WARNING,WARM — monitor crop stress,2026-05-20
KAGGLE-00408-M,Kaggle- pigeonpeas -408,MOISTURE,0.281,VWC,WARNING,DRY — schedule irrigation within 24hrs,2026-05-20
KAGGLE-00409-M,Kaggle- pigeonpeas -409,MOISTURE,0.205,VWC,WARNING,DRY — schedule irrigation within 24hrs,2026-05-20
KAGGLE-00408-P,Kaggle- pigeonpeas -408,PH,5.86,pH,NORMAL,OPTIMAL — ideal for crops,2026-05-20
KAGGLE-00408-T,Kaggle- pigeonpeas -408,TEMPERATURE,33.2,C,WARNING,WARM — monitor crop stress,2026-05-20
KAGGLE-00409-P,Kaggle- pigeonpeas -409,PH,5.76,pH,NORMAL,OPTIMAL — ideal for crops,2026-05-20
KAGGLE-00409-T,Kaggle- pigeonpeas -409,TEMPERATURE,29.4,C,NORMAL,OPTIMAL — ideal temperature,2026-05-20
KAGGLE-00411-P,Kaggle- pigeonpeas -411,PH,5.27,pH,WARNING,ACIDIC — consider lime treatment,2026-05-20
KAGGLE-00410-M,Kaggle- pigeonpeas -410,MOISTURE,0.132,VWC,ALERT,CRITICAL DRY — irrigate immediately,2026-05-20
KAGGLE-00412-T,Kaggle- pigeonpeas -412,TEMPERATURE,33.8,C,WARNING,WARM — monitor crop stress,2026-05-20
KAGGLE-00411-T,Kaggle- pigeonpeas -411,TEMPERATURE,35.5,C,ALERT,HEAT STRESS — crops at risk,2026-05-20
KAGGLE-00411-M,Kaggle- pigeonpeas -411,MOISTURE,0.17,VWC,ALERT,CRITICAL DRY — irrigate immediately,2026-05-20
KAGGLE-00412-M,Kaggle- pigeonpeas -412,MOISTURE,0.173,VWC,ALERT,CRITICAL DRY — irrigate immediately,2026-05-20
KAGGLE-00410-P,Kaggle- pigeonpeas -410,PH,4.7,pH,WARNING,ACIDIC — consider lime treatment,2026-05-20
KAGGLE-00410-T,Kaggle- pigeonpeas -410,TEMPERATURE,30.3,C,WARNING,WARM — monitor crop stress,2026-05-20
KAGGLE-00412-P,Kaggle- pigeonpeas -412,PH,7.45,pH,WARNING,ALKALINE — nutrient availability reduced,2026-05-20
KAGGLE-00413-M,Kaggle- pigeonpeas -413,MOISTURE,0.19,VWC,ALERT,CRITICAL DRY — irrigate immediately,2026-05-20
KAGGLE-00413-T,Kaggle- pigeonpeas -413,TEMPERATURE,28.7,C,NORMAL,OPTIMAL — ideal temperature,2026-05-20
KAGGLE-00414-M,Kaggle- pigeonpeas -414,MOISTURE,0.244,VWC,WARNING,DRY — schedule irrigation within 24hrs,2026-05-20
KAGGLE-00413-P,Kaggle- pigeonpeas -413,PH,5.83,pH,NORMAL,OPTIMAL — ideal for crops,2026-05-20
KAGGLE-00414-T,Kaggle- pigeonpeas -414,TEMPERATURE,31.2,C,WARNING,WARM — monitor crop stress,2026-05-20
KAGGLE-00415-M,Kaggle- pigeonpeas -415,MOISTURE,0.101,VWC,ALERT,CRITICAL DRY — irrigate immediately,2026-05-20
KAGGLE-00414-P,Kaggle- pigeonpeas -414,PH,7.34,pH,WARNING,ALKALINE — nutrient availability reduced,2026-05-20
KAGGLE-00415-T,Kaggle- pigeonpeas -415,TEMPERATURE,29.0,C,NORMAL,OPTIMAL — ideal temperature,2026-05-20
KAGGLE-00416-M,Kaggle- pigeonpeas -416,MOISTURE,0.238,VWC,WARNING,DRY — schedule irrigation within 24hrs,2026-05-20
KAGGLE-00415-P,Kaggle- pigeonpeas -415,PH,6.35,pH,NORMAL,OPTIMAL — ideal for crops,2026-05-20
KAGGLE-00416-T,Kaggle- pigeonpeas -416,TEMPERATURE,27.3,C,NORMAL,OPTIMAL — ideal temperature,2026-05-20
KAGGLE-00416-P,Kaggle- pigeonpeas -416,PH,4.7,pH,WARNING,ACIDIC — consider lime treatment,2026-05-20
KAGGLE-00417-T,Kaggle- pigeonpeas -417,TEMPERATURE,21.5,C,NORMAL,OPTIMAL — ideal temperature,2026-05-20
KAGGLE-00417-M,Kaggle- pigeonpeas -417,MOISTURE,0.223,VWC,WARNING,DRY — schedule irrigation within 24hrs,2026-05-20
KAGGLE-00417-P,Kaggle- pigeonpeas -417,PH,4.96,pH,WARNING,ACIDIC — consider lime treatment,2026-05-20
KAGGLE-00418-M,Kaggle- pigeonpeas -418,MOISTURE,0.108,VWC,ALERT,CRITICAL DRY — irrigate immediately,2026-05-20
KAGGLE-00418-T,Kaggle- pigeonpeas -418,TEMPERATURE,18.3,C,WARNING,COOL — suboptimal for crops,2026-05-20
KAGGLE-00418-P,Kaggle- pigeonpeas -418,PH,4.96,pH,WARNING,ACIDIC — consider lime treatment,2026-05-20
KAGGLE-00419-T,Kaggle- pigeonpeas -419,TEMPERATURE,37.0,C,ALERT,HEAT STRESS — crops at risk,2026-05-20
KAGGLE-00419-M,Kaggle- pigeonpeas -419,MOISTURE,0.198,VWC,ALERT,CRITICAL DRY — irrigate immediately,2026-05-20
KAGGLE-00420-T,Kaggle- pigeonpeas -420,TEMPERATURE,24.8,C,NORMAL,OPTIMAL — ideal temperature,2026-05-20
KAGGLE-00420-M,Kaggle- pigeonpeas -420,MOISTURE,0.119,VWC,ALERT,CRITICAL DRY — irrigate immediately,2026-05-20
KAGGLE-00419-P,Kaggle- pigeonpeas -419,PH,5.64,pH,NORMAL,OPTIMAL — ideal for crops,2026-05-20
KAGGLE-00421-T,Kaggle- pigeonpeas -421,TEMPERATURE,19.3,C,WARNING,COOL — suboptimal for crops,2026-05-20
KAGGLE-00421-M,Kaggle- pigeonpeas -421,MOISTURE,0.28,VWC,WARNING,DRY — schedule irrigation within 24hrs,2026-05-20
KAGGLE-00420-P,Kaggle- pigeonpeas -420,PH,5.61,pH,NORMAL,OPTIMAL — ideal for crops,2026-05-20
KAGGLE-00422-T,Kaggle- pigeonpeas -422,TEMPERATURE,28.9,C,NORMAL,OPTIMAL — ideal temperature,2026-05-20
KAGGLE-00422-M,Kaggle- pigeonpeas -422,MOISTURE,0.206,VWC,WARNING,DRY — schedule irrigation within 24hrs,2026-05-20
KAGGLE-00421-P,Kaggle- pigeonpeas -421,PH,4.68,pH,WARNING,ACIDIC — consider lime treatment,2026-05-20
KAGGLE-00423-T,Kaggle- pigeonpeas -423,TEMPERATURE,19.5,C,WARNING,COOL — suboptimal for crops,2026-05-20
KAGGLE-00423-M,Kaggle- pigeonpeas -423,MOISTURE,0.15,VWC,ALERT,CRITICAL DRY — irrigate immediately,2026-05-20
KAGGLE-00422-P,Kaggle- pigeonpeas -422,PH,5.71,pH,NORMAL,OPTIMAL — ideal for crops,2026-05-20
KAGGLE-00424-T,Kaggle- pigeonpeas -424,TEMPERATURE,24.8,C,NORMAL,OPTIMAL — ideal temperature,2026-05-20
KAGGLE-00424-M,Kaggle- pigeonpeas -424,MOISTURE,0.295,VWC,WARNING,DRY — schedule irrigation within 24hrs,2026-05-20
KAGGLE-00423-P,Kaggle- pigeonpeas -423,PH,6.41,pH,NORMAL,OPTIMAL — ideal for crops,2026-05-20
KAGGLE-00425-T,Kaggle- pigeonpeas -425,TEMPERATURE,18.3,C,WARNING,COOL — suboptimal for crops,2026-05-20
KAGGLE-00425-M,Kaggle- pigeonpeas -425,MOISTURE,0.194,VWC,ALERT,CRITICAL DRY — irrigate immediately,2026-05-20
KAGGLE-00424-P,Kaggle- pigeonpeas -424,PH,6.01,pH,NORMAL,OPTIMAL — ideal for crops,2026-05-20
KAGGLE-00425-P,Kaggle- pigeonpeas -425,PH,4.95,pH,WARNING,ACIDIC — consider lime treatment,2026-05-20
KAGGLE-00426-M,Kaggle- pigeonpeas -426,MOISTURE,0.296,VWC,WARNING,DRY — schedule irrigation within 24hrs,2026-05-20
KAGGLE-00426-P,Kaggle- pigeonpeas -426,PH,5.52,pH,NORMAL,OPTIMAL — ideal for crops,2026-05-20
KAGGLE-00426-T,Kaggle- pigeonpeas -426,TEMPERATURE,19.1,C,WARNING,COOL — suboptimal for crops,2026-05-20
KAGGLE-00428-M,Kaggle- pigeonpeas -428,MOISTURE,0.264,VWC,WARNING,DRY — schedule irrigation within 24hrs,2026-05-20
KAGGLE-00427-T,Kaggle- pigeonpeas -427,TEMPERATURE,28.2,C,NORMAL,OPTIMAL — ideal temperature,2026-05-20
KAGGLE-00427-P,Kaggle- pigeonpeas -427,PH,5.9,pH,NORMAL,OPTIMAL — ideal for crops,2026-05-20
KAGGLE-00429-P,Kaggle- pigeonpeas -429,PH,4.55,pH,WARNING,ACIDIC — consider lime treatment,2026-05-20
KAGGLE-00429-M,Kaggle- pigeonpeas -429,MOISTURE,0.29,VWC,WARNING,DRY — schedule irrigation within 24hrs,2026-05-20
KAGGLE-00428-P,Kaggle- pigeonpeas -428,PH,5.72,pH,NORMAL,OPTIMAL — ideal for crops,2026-05-20
KAGGLE-00428-T,Kaggle- pigeonpeas -428,TEMPERATURE,30.1,C,WARNING,WARM — monitor crop stress,2026-05-20
KAGGLE-00429-T,Kaggle- pigeonpeas -429,TEMPERATURE,33.4,C,WARNING,WARM — monitor crop stress,2026-05-20
KAGGLE-00427-M,Kaggle- pigeonpeas -427,MOISTURE,0.252,VWC,WARNING,DRY — schedule irrigation within 24hrs,2026-05-20
KAGGLE-00430-M,Kaggle- pigeonpeas -430,MOISTURE,0.124,VWC,ALERT,CRITICAL DRY — irrigate immediately,2026-05-20
KAGGLE-00431-M,Kaggle- pigeonpeas -431,MOISTURE,0.239,VWC,WARNING,DRY — schedule irrigation within 24hrs,2026-05-20
KAGGLE-00430-T,Kaggle- pigeonpeas -430,TEMPERATURE,24.2,C,NORMAL,OPTIMAL — ideal temperature,2026-05-20
KAGGLE-00431-T,Kaggle- pigeonpeas -431,TEMPERATURE,26.9,C,NORMAL,OPTIMAL — ideal temperature,2026-05-20
KAGGLE-00430-P,Kaggle- pigeonpeas -430,PH,6.67,pH,NORMAL,OPTIMAL — ideal for crops,2026-05-20
KAGGLE-00432-P,Kaggle- pigeonpeas -432,PH,4.95,pH,WARNING,ACIDIC — consider lime treatment,2026-05-20
KAGGLE-00432-T,Kaggle- pigeonpeas -432,TEMPERATURE,31.3,C,WARNING,WARM — monitor crop stress,2026-05-20
KAGGLE-00432-M,Kaggle- pigeonpeas -432,MOISTURE,0.182,VWC,ALERT,CRITICAL DRY — irrigate immediately,2026-05-20
KAGGLE-00431-P,Kaggle- pigeonpeas -431,PH,4.75,pH,WARNING,ACIDIC — consider lime treatment,2026-05-20
KAGGLE-00434-P,Kaggle- pigeonpeas -434,PH,7.11,pH,WARNING,ALKALINE — nutrient availability reduced,2026-05-20
KAGGLE-00434-T,Kaggle- pigeonpeas -434,TEMPERATURE,23.5,C,NORMAL,OPTIMAL — ideal temperature,2026-05-20
KAGGLE-00434-M,Kaggle- pigeonpeas -434,MOISTURE,0.108,VWC,ALERT,CRITICAL DRY — irrigate immediately,2026-05-20
KAGGLE-00433-P,Kaggle- pigeonpeas -433,PH,5.27,pH,WARNING,ACIDIC — consider lime treatment,2026-05-20
KAGGLE-00433-T,Kaggle- pigeonpeas -433,TEMPERATURE,33.3,C,WARNING,WARM — monitor crop stress,2026-05-20
KAGGLE-00433-M,Kaggle- pigeonpeas -433,MOISTURE,0.272,VWC,WARNING,DRY — schedule irrigation within 24hrs,2026-05-20
KAGGLE-00436-P,Kaggle- pigeonpeas -436,PH,5.63,pH,NORMAL,OPTIMAL — ideal for crops,2026-05-20
KAGGLE-00436-M,Kaggle- pigeonpeas -436,MOISTURE,0.122,VWC,ALERT,CRITICAL DRY — irrigate immediately,2026-05-20
KAGGLE-00436-T,Kaggle- pigeonpeas -436,TEMPERATURE,19.5,C,WARNING,COOL — suboptimal for crops,2026-05-20
KAGGLE-00435-P,Kaggle- pigeonpeas -435,PH,5.62,pH,NORMAL,OPTIMAL — ideal for crops,2026-05-20
KAGGLE-00435-T,Kaggle- pigeonpeas -435,TEMPERATURE,34.5,C,WARNING,WARM — monitor crop stress,2026-05-20
KAGGLE-00435-M,Kaggle- pigeonpeas -435,MOISTURE,0.172,VWC,ALERT,CRITICAL DRY — irrigate immediately,2026-05-20
KAGGLE-00438-M,Kaggle- pigeonpeas -438,MOISTURE,0.254,VWC,WARNING,DRY — schedule irrigation within 24hrs,2026-05-20
KAGGLE-00437-P,Kaggle- pigeonpeas -437,PH,4.67,pH,WARNING,ACIDIC — consider lime treatment,2026-05-20
KAGGLE-00437-T,Kaggle- pigeonpeas -437,TEMPERATURE,28.8,C,NORMAL,OPTIMAL — ideal temperature,2026-05-20
KAGGLE-00437-M,Kaggle- pigeonpeas -437,MOISTURE,0.219,VWC,WARNING,DRY — schedule irrigation within 24hrs,2026-05-20
KAGGLE-00440-M,Kaggle- pigeonpeas -440,MOISTURE,0.223,VWC,WARNING,DRY — schedule irrigation within 24hrs,2026-05-20
KAGGLE-00439-P,Kaggle- pigeonpeas -439,PH,6.62,pH,NORMAL,OPTIMAL — ideal for crops,2026-05-20
KAGGLE-00439-T,Kaggle- pigeonpeas -439,TEMPERATURE,18.4,C,WARNING,COOL — suboptimal for crops,2026-05-20
KAGGLE-00439-M,Kaggle- pigeonpeas -439,MOISTURE,0.176,VWC,ALERT,CRITICAL DRY — irrigate immediately,2026-05-20
KAGGLE-00438-P,Kaggle- pigeonpeas -438,PH,7.16,pH,WARNING,ALKALINE — nutrient availability reduced,2026-05-20
KAGGLE-00438-T,Kaggle- pigeonpeas -438,TEMPERATURE,31.0,C,WARNING,WARM — monitor crop stress,2026-05-20
KAGGLE-00442-T,Kaggle- pigeonpeas -442,TEMPERATURE,29.5,C,NORMAL,OPTIMAL — ideal temperature,2026-05-20
KAGGLE-00442-M,Kaggle- pigeonpeas -442,MOISTURE,0.285,VWC,WARNING,DRY — schedule irrigation within 24hrs,2026-05-20
KAGGLE-00441-P,Kaggle- pigeonpeas -441,PH,6.35,pH,NORMAL,OPTIMAL — ideal for crops,2026-05-20
KAGGLE-00441-T,Kaggle- pigeonpeas -441,TEMPERATURE,34.9,C,WARNING,WARM — monitor crop stress,2026-05-20
KAGGLE-00441-M,Kaggle- pigeonpeas -441,MOISTURE,0.131,VWC,ALERT,CRITICAL DRY — irrigate immediately,2026-05-20
KAGGLE-00440-P,Kaggle- pigeonpeas -440,PH,5.0,pH,WARNING,ACIDIC — consider lime treatment,2026-05-20
KAGGLE-00440-T,Kaggle- pigeonpeas -440,TEMPERATURE,35.1,C,ALERT,HEAT STRESS — crops at risk,2026-05-20
KAGGLE-00443-T,Kaggle- pigeonpeas -443,TEMPERATURE,34.5,C,WARNING,WARM — monitor crop stress,2026-05-20
KAGGLE-00443-M,Kaggle- pigeonpeas -443,MOISTURE,0.241,VWC,WARNING,DRY — schedule irrigation within 24hrs,2026-05-20
KAGGLE-00442-P,Kaggle- pigeonpeas -442,PH,6.22,pH,NORMAL,OPTIMAL — ideal for crops,2026-05-20
KAGGLE-00444-P,Kaggle- pigeonpeas -444,PH,6.01,pH,NORMAL,OPTIMAL — ideal for crops,2026-05-20
KAGGLE-00444-T,Kaggle- pigeonpeas -444,TEMPERATURE,28.4,C,NORMAL,OPTIMAL — ideal temperature,2026-05-20
KAGGLE-00444-M,Kaggle- pigeonpeas -444,MOISTURE,0.103,VWC,ALERT,CRITICAL DRY — irrigate immediately,2026-05-20
KAGGLE-00443-P,Kaggle- pigeonpeas -443,PH,5.92,pH,NORMAL,OPTIMAL — ideal for crops,2026-05-20
KAGGLE-00445-P,Kaggle- pigeonpeas -445,PH,4.68,pH,WARNING,ACIDIC — consider lime treatment,2026-05-20
KAGGLE-00448-M,Kaggle- pigeonpeas -448,MOISTURE,0.181,VWC,ALERT,CRITICAL DRY — irrigate immediately,2026-05-20
KAGGLE-00445-M,Kaggle- pigeonpeas -445,MOISTURE,0.176,VWC,ALERT,CRITICAL DRY — irrigate immediately,2026-05-20
KAGGLE-00446-M,Kaggle- pigeonpeas -446,MOISTURE,0.218,VWC,WARNING,DRY — schedule irrigation within 24hrs,2026-05-20
KAGGLE-00447-M,Kaggle- pigeonpeas -447,MOISTURE,0.16,VWC,ALERT,CRITICAL DRY — irrigate immediately,2026-05-20
KAGGLE-00446-P,Kaggle- pigeonpeas -446,PH,7.08,pH,WARNING,ALKALINE — nutrient availability reduced,2026-05-20
KAGGLE-00446-T,Kaggle- pigeonpeas -446,TEMPERATURE,31.1,C,WARNING,WARM — monitor crop stress,2026-05-20
KAGGLE-00447-T,Kaggle- pigeonpeas -447,TEMPERATURE,20.9,C,NORMAL,OPTIMAL — ideal temperature,2026-05-20
KAGGLE-00448-T,Kaggle- pigeonpeas -448,TEMPERATURE,30.9,C,WARNING,WARM — monitor crop stress,2026-05-20
KAGGLE-00445-T,Kaggle- pigeonpeas -445,TEMPERATURE,18.4,C,WARNING,COOL — suboptimal for crops,2026-05-20
KAGGLE-00447-P,Kaggle- pigeonpeas -447,PH,6.21,pH,NORMAL,OPTIMAL — ideal for crops,2026-05-20
KAGGLE-00449-T,Kaggle- pigeonpeas -449,TEMPERATURE,27.9,C,NORMAL,OPTIMAL — ideal temperature,2026-05-20
KAGGLE-00449-P,Kaggle- pigeonpeas -449,PH,4.72,pH,WARNING,ACIDIC — consider lime treatment,2026-05-20
KAGGLE-00449-M,Kaggle- pigeonpeas -449,MOISTURE,0.209,VWC,WARNING,DRY — schedule irrigation within 24hrs,2026-05-20
KAGGLE-00448-P,Kaggle- pigeonpeas -448,PH,7.05,pH,WARNING,ALKALINE — nutrient availability reduced,2026-05-20
KAGGLE-00450-P,Kaggle- pigeonpeas -450,PH,6.42,pH,NORMAL,OPTIMAL — ideal for crops,2026-05-20
KAGGLE-00450-T,Kaggle- pigeonpeas -450,TEMPERATURE,36.0,C,ALERT,HEAT STRESS — crops at risk,2026-05-20
KAGGLE-00450-M,Kaggle- pigeonpeas -450,MOISTURE,0.174,VWC,ALERT,CRITICAL DRY — irrigate immediately,2026-05-20
KAGGLE-00452-M,Kaggle- pigeonpeas -452,MOISTURE,0.223,VWC,WARNING,DRY — schedule irrigation within 24hrs,2026-05-20
KAGGLE-00455-M,Kaggle- pigeonpeas -455,MOISTURE,0.141,VWC,ALERT,CRITICAL DRY — irrigate immediately,2026-05-20
KAGGLE-00456-T,Kaggle- pigeonpeas -456,TEMPERATURE,36.2,C,ALERT,HEAT STRESS — crops at risk,2026-05-20
KAGGLE-00455-P,Kaggle- pigeonpeas -455,PH,5.02,pH,WARNING,ACIDIC — consider lime treatment,2026-05-20
KAGGLE-00452-T,Kaggle- pigeonpeas -452,TEMPERATURE,19.6,C,WARNING,COOL — suboptimal for crops,2026-05-20
KAGGLE-00453-T,Kaggle- pigeonpeas -453,TEMPERATURE,31.2,C,WARNING,WARM — monitor crop stress,2026-05-20
KAGGLE-00453-M,Kaggle- pigeonpeas -453,MOISTURE,0.286,VWC,WARNING,DRY — schedule irrigation within 24hrs,2026-05-20
KAGGLE-00452-P,Kaggle- pigeonpeas -452,PH,4.61,pH,WARNING,ACIDIC — consider lime treatment,2026-05-20
KAGGLE-00459-T,Kaggle- pigeonpeas -459,TEMPERATURE,31.5,C,WARNING,WARM — monitor crop stress,2026-05-20
KAGGLE-00454-T,Kaggle- pigeonpeas -454,TEMPERATURE,33.5,C,WARNING,WARM — monitor crop stress,2026-05-20
KAGGLE-00454-M,Kaggle- pigeonpeas -454,MOISTURE,0.268,VWC,WARNING,DRY — schedule irrigation within 24hrs,2026-05-20
KAGGLE-00454-P,Kaggle- pigeonpeas -454,PH,7.32,pH,WARNING,ALKALINE — nutrient availability reduced,2026-05-20
KAGGLE-00451-P,Kaggle- pigeonpeas -451,PH,4.8,pH,WARNING,ACIDIC — consider lime treatment,2026-05-20
KAGGLE-00464-P,Kaggle- pigeonpeas -464,PH,6.44,pH,NORMAL,OPTIMAL — ideal for crops,2026-05-20
KAGGLE-00451-T,Kaggle- pigeonpeas -451,TEMPERATURE,19.5,C,WARNING,COOL — suboptimal for crops,2026-05-20
KAGGLE-00456-M,Kaggle- pigeonpeas -456,MOISTURE,0.234,VWC,WARNING,DRY — schedule irrigation within 24hrs,2026-05-20
KAGGLE-00451-M,Kaggle- pigeonpeas -451,MOISTURE,0.208,VWC,WARNING,DRY — schedule irrigation within 24hrs,2026-05-20
KAGGLE-00457-M,Kaggle- pigeonpeas -457,MOISTURE,0.246,VWC,WARNING,DRY — schedule irrigation within 24hrs,2026-05-20
KAGGLE-00456-P,Kaggle- pigeonpeas -456,PH,5.62,pH,NORMAL,OPTIMAL — ideal for crops,2026-05-20
KAGGLE-00464-T,Kaggle- pigeonpeas -464,TEMPERATURE,24.5,C,NORMAL,OPTIMAL — ideal temperature,2026-05-20
KAGGLE-00457-T,Kaggle- pigeonpeas -457,TEMPERATURE,30.5,C,WARNING,WARM — monitor crop stress,2026-05-20
KAGGLE-00458-M,Kaggle- pigeonpeas -458,MOISTURE,0.23,VWC,WARNING,DRY — schedule irrigation within 24hrs,2026-05-20
KAGGLE-00464-M,Kaggle- pigeonpeas -464,MOISTURE,0.164,VWC,ALERT,CRITICAL DRY — irrigate immediately,2026-05-20
KAGGLE-00458-P,Kaggle- pigeonpeas -458,PH,5.91,pH,NORMAL,OPTIMAL — ideal for crops,2026-05-20
KAGGLE-00459-P,Kaggle- pigeonpeas -459,PH,6.57,pH,NORMAL,OPTIMAL — ideal for crops,2026-05-20
KAGGLE-00453-P,Kaggle- pigeonpeas -453,PH,5.61,pH,NORMAL,OPTIMAL — ideal for crops,2026-05-20
KAGGLE-00459-M,Kaggle- pigeonpeas -459,MOISTURE,0.135,VWC,ALERT,CRITICAL DRY — irrigate immediately,2026-05-20
KAGGLE-00460-T,Kaggle- pigeonpeas -460,TEMPERATURE,33.2,C,WARNING,WARM — monitor crop stress,2026-05-20
KAGGLE-00460-P,Kaggle- pigeonpeas -460,PH,4.81,pH,WARNING,ACIDIC — consider lime treatment,2026-05-20
KAGGLE-00460-M,Kaggle- pigeonpeas -460,MOISTURE,0.111,VWC,ALERT,CRITICAL DRY — irrigate immediately,2026-05-20
KAGGLE-00461-P,Kaggle- pigeonpeas -461,PH,4.76,pH,WARNING,ACIDIC — consider lime treatment,2026-05-20
KAGGLE-00461-M,Kaggle- pigeonpeas -461,MOISTURE,0.109,VWC,ALERT,CRITICAL DRY — irrigate immediately,2026-05-20
KAGGLE-00462-M,Kaggle- pigeonpeas -462,MOISTURE,0.191,VWC,ALERT,CRITICAL DRY — irrigate immediately,2026-05-20
KAGGLE-00463-T,Kaggle- pigeonpeas -463,TEMPERATURE,28.1,C,NORMAL,OPTIMAL — ideal temperature,2026-05-20
KAGGLE-00455-T,Kaggle- pigeonpeas -455,TEMPERATURE,24.8,C,NORMAL,OPTIMAL — ideal temperature,2026-05-20
KAGGLE-00457-P,Kaggle- pigeonpeas -457,PH,5.39,pH,WARNING,ACIDIC — consider lime treatment,2026-05-20
KAGGLE-00458-T,Kaggle- pigeonpeas -458,TEMPERATURE,26.0,C,NORMAL,OPTIMAL — ideal temperature,2026-05-20
KAGGLE-00461-T,Kaggle- pigeonpeas -461,TEMPERATURE,23.5,C,NORMAL,OPTIMAL — ideal temperature,2026-05-20
KAGGLE-00462-P,Kaggle- pigeonpeas -462,PH,5.18,pH,WARNING,ACIDIC — consider lime treatment,2026-05-20
KAGGLE-00462-T,Kaggle- pigeonpeas -462,TEMPERATURE,34.9,C,WARNING,WARM — monitor crop stress,2026-05-20
KAGGLE-00463-P,Kaggle- pigeonpeas -463,PH,4.9,pH,WARNING,ACIDIC — consider lime treatment,2026-05-20
KAGGLE-00463-M,Kaggle- pigeonpeas -463,MOISTURE,0.21,VWC,WARNING,DRY — schedule irrigation within 24hrs,2026-05-20
KAGGLE-00466-M,Kaggle- pigeonpeas -466,MOISTURE,0.188,VWC,ALERT,CRITICAL DRY — irrigate immediately,2026-05-20
KAGGLE-00465-P,Kaggle- pigeonpeas -465,PH,7.07,pH,WARNING,ALKALINE — nutrient availability reduced,2026-05-20
KAGGLE-00465-T,Kaggle- pigeonpeas -465,TEMPERATURE,33.6,C,WARNING,WARM — monitor crop stress,2026-05-20
KAGGLE-00465-M,Kaggle- pigeonpeas -465,MOISTURE,0.203,VWC,WARNING,DRY — schedule irrigation within 24hrs,2026-05-20
KAGGLE-00466-T,Kaggle- pigeonpeas -466,TEMPERATURE,20.6,C,NORMAL,OPTIMAL — ideal temperature,2026-05-20
KAGGLE-00467-M,Kaggle- pigeonpeas -467,MOISTURE,0.296,VWC,WARNING,DRY — schedule irrigation within 24hrs,2026-05-20
KAGGLE-00466-P,Kaggle- pigeonpeas -466,PH,6.66,pH,NORMAL,OPTIMAL — ideal for crops,2026-05-20
KAGGLE-00467-T,Kaggle- pigeonpeas -467,TEMPERATURE,20.0,C,NORMAL,OPTIMAL — ideal temperature,2026-05-20
KAGGLE-00467-P,Kaggle- pigeonpeas -467,PH,5.98,pH,NORMAL,OPTIMAL — ideal for crops,2026-05-20
KAGGLE-00468-M,Kaggle- pigeonpeas -468,MOISTURE,0.156,VWC,ALERT,CRITICAL DRY — irrigate immediately,2026-05-20
KAGGLE-00468-P,Kaggle- pigeonpeas -468,PH,5.46,pH,WARNING,ACIDIC — consider lime treatment,2026-05-20
KAGGLE-00468-T,Kaggle- pigeonpeas -468,TEMPERATURE,28.9,C,NORMAL,OPTIMAL — ideal temperature,2026-05-20
KAGGLE-00469-M,Kaggle- pigeonpeas -469,MOISTURE,0.168,VWC,ALERT,CRITICAL DRY — irrigate immediately,2026-05-20
KAGGLE-00470-M,Kaggle- pigeonpeas -470,MOISTURE,0.247,VWC,WARNING,DRY — schedule irrigation within 24hrs,2026-05-20
KAGGLE-00469-P,Kaggle- pigeonpeas -469,PH,4.76,pH,WARNING,ACIDIC — consider lime treatment,2026-05-20
KAGGLE-00469-T,Kaggle- pigeonpeas -469,TEMPERATURE,36.0,C,ALERT,HEAT STRESS — crops at risk,2026-05-20
KAGGLE-00470-P,Kaggle- pigeonpeas -470,PH,7.34,pH,WARNING,ALKALINE — nutrient availability reduced,2026-05-20
KAGGLE-00470-T,Kaggle- pigeonpeas -470,TEMPERATURE,23.7,C,NORMAL,OPTIMAL — ideal temperature,2026-05-20
KAGGLE-00471-T,Kaggle- pigeonpeas -471,TEMPERATURE,25.7,C,NORMAL,OPTIMAL — ideal temperature,2026-05-20
KAGGLE-00471-M,Kaggle- pigeonpeas -471,MOISTURE,0.229,VWC,WARNING,DRY — schedule irrigation within 24hrs,2026-05-20
KAGGLE-00472-P,Kaggle- pigeonpeas -472,PH,6.24,pH,NORMAL,OPTIMAL — ideal for crops,2026-05-20
KAGGLE-00472-T,Kaggle- pigeonpeas -472,TEMPERATURE,31.1,C,WARNING,WARM — monitor crop stress,2026-05-20
KAGGLE-00472-M,Kaggle- pigeonpeas -472,MOISTURE,0.284,VWC,WARNING,DRY — schedule irrigation within 24hrs,2026-05-20
KAGGLE-00471-P,Kaggle- pigeonpeas -471,PH,4.82,pH,WARNING,ACIDIC — consider lime treatment,2026-05-20
KAGGLE-00473-P,Kaggle- pigeonpeas -473,PH,5.0,pH,WARNING,ACIDIC — consider lime treatment,2026-05-20
KAGGLE-00473-T,Kaggle- pigeonpeas -473,TEMPERATURE,18.7,C,WARNING,COOL — suboptimal for crops,2026-05-20
KAGGLE-00473-M,Kaggle- pigeonpeas -473,MOISTURE,0.18,VWC,ALERT,CRITICAL DRY — irrigate immediately,2026-05-20
KAGGLE-00474-M,Kaggle- pigeonpeas -474,MOISTURE,0.162,VWC,ALERT,CRITICAL DRY — irrigate immediately,2026-05-20
KAGGLE-00474-T,Kaggle- pigeonpeas -474,TEMPERATURE,29.5,C,NORMAL,OPTIMAL — ideal temperature,2026-05-20
KAGGLE-00474-P,Kaggle- pigeonpeas -474,PH,5.56,pH,NORMAL,OPTIMAL — ideal for crops,2026-05-20
KAGGLE-00475-M,Kaggle- pigeonpeas -475,MOISTURE,0.241,VWC,WARNING,DRY — schedule irrigation within 24hrs,2026-05-20
KAGGLE-00475-T,Kaggle- pigeonpeas -475,TEMPERATURE,20.4,C,NORMAL,OPTIMAL — ideal temperature,2026-05-20
KAGGLE-00475-P,Kaggle- pigeonpeas -475,PH,4.75,pH,WARNING,ACIDIC — consider lime treatment,2026-05-20
KAGGLE-00476-M,Kaggle- pigeonpeas -476,MOISTURE,0.227,VWC,WARNING,DRY — schedule irrigation within 24hrs,2026-05-20
KAGGLE-00476-T,Kaggle- pigeonpeas -476,TEMPERATURE,36.0,C,ALERT,HEAT STRESS — crops at risk,2026-05-20
KAGGLE-00476-P,Kaggle- pigeonpeas -476,PH,7.31,pH,WARNING,ALKALINE — nutrient availability reduced,2026-05-20
KAGGLE-00477-M,Kaggle- pigeonpeas -477,MOISTURE,0.155,VWC,ALERT,CRITICAL DRY — irrigate immediately,2026-05-20
KAGGLE-00477-T,Kaggle- pigeonpeas -477,TEMPERATURE,31.5,C,WARNING,WARM — monitor crop stress,2026-05-20
KAGGLE-00477-P,Kaggle- pigeonpeas -477,PH,5.66,pH,NORMAL,OPTIMAL — ideal for crops,2026-05-20
KAGGLE-00478-M,Kaggle- pigeonpeas -478,MOISTURE,0.172,VWC,ALERT,CRITICAL DRY — irrigate immediately,2026-05-20
KAGGLE-00478-T,Kaggle- pigeonpeas -478,TEMPERATURE,36.3,C,ALERT,HEAT STRESS — crops at risk,2026-05-20
KAGGLE-00479-M,Kaggle- pigeonpeas -479,MOISTURE,0.142,VWC,ALERT,CRITICAL DRY — irrigate immediately,2026-05-20
KAGGLE-00478-P,Kaggle- pigeonpeas -478,PH,4.67,pH,WARNING,ACIDIC — consider lime treatment,2026-05-20
KAGGLE-00479-P,Kaggle- pigeonpeas -479,PH,6.47,pH,NORMAL,OPTIMAL — ideal for crops,2026-05-20
KAGGLE-00479-T,Kaggle- pigeonpeas -479,TEMPERATURE,29.5,C,NORMAL,OPTIMAL — ideal temperature,2026-05-20
KAGGLE-00480-T,Kaggle- pigeonpeas -480,TEMPERATURE,30.6,C,WARNING,WARM — monitor crop stress,2026-05-20
KAGGLE-00480-P,Kaggle- pigeonpeas -480,PH,5.38,pH,WARNING,ACIDIC — consider lime treatment,2026-05-20
KAGGLE-00480-M,Kaggle- pigeonpeas -480,MOISTURE,0.229,VWC,WARNING,DRY — schedule irrigation within 24hrs,2026-05-20
KAGGLE-00481-M,Kaggle- pigeonpeas -481,MOISTURE,0.137,VWC,ALERT,CRITICAL DRY — irrigate immediately,2026-05-20
KAGGLE-00481-T,Kaggle- pigeonpeas -481,TEMPERATURE,24.7,C,NORMAL,OPTIMAL — ideal temperature,2026-05-20
KAGGLE-00481-P,Kaggle- pigeonpeas -481,PH,5.86,pH,NORMAL,OPTIMAL — ideal for crops,2026-05-20
KAGGLE-00482-M,Kaggle- pigeonpeas -482,MOISTURE,0.274,VWC,WARNING,DRY — schedule irrigation within 24hrs,2026-05-20
KAGGLE-00482-T,Kaggle- pigeonpeas -482,TEMPERATURE,23.2,C,NORMAL,OPTIMAL — ideal temperature,2026-05-20
KAGGLE-00482-P,Kaggle- pigeonpeas -482,PH,6.96,pH,WARNING,ALKALINE — nutrient availability reduced,2026-05-20
KAGGLE-00483-M,Kaggle- pigeonpeas -483,MOISTURE,0.1,VWC,ALERT,CRITICAL DRY — irrigate immediately,2026-05-20
KAGGLE-00483-T,Kaggle- pigeonpeas -483,TEMPERATURE,19.0,C,WARNING,COOL — suboptimal for crops,2026-05-20
KAGGLE-00483-P,Kaggle- pigeonpeas -483,PH,6.12,pH,NORMAL,OPTIMAL — ideal for crops,2026-05-20
KAGGLE-00484-P,Kaggle- pigeonpeas -484,PH,6.42,pH,NORMAL,OPTIMAL — ideal for crops,2026-05-20
KAGGLE-00484-T,Kaggle- pigeonpeas -484,TEMPERATURE,29.3,C,NORMAL,OPTIMAL — ideal temperature,2026-05-20
KAGGLE-00484-M,Kaggle- pigeonpeas -484,MOISTURE,0.222,VWC,WARNING,DRY — schedule irrigation within 24hrs,2026-05-20
KAGGLE-00485-T,Kaggle- pigeonpeas -485,TEMPERATURE,34.6,C,WARNING,WARM — monitor crop stress,2026-05-20
KAGGLE-00485-M,Kaggle- pigeonpeas -485,MOISTURE,0.147,VWC,ALERT,CRITICAL DRY — irrigate immediately,2026-05-20
KAGGLE-00486-M,Kaggle- pigeonpeas -486,MOISTURE,0.147,VWC,ALERT,CRITICAL DRY — irrigate immediately,2026-05-20
KAGGLE-00485-P,Kaggle- pigeonpeas -485,PH,4.83,pH,WARNING,ACIDIC — consider lime treatment,2026-05-20
KAGGLE-00486-T,Kaggle- pigeonpeas -486,TEMPERATURE,22.0,C,NORMAL,OPTIMAL — ideal temperature,2026-05-20
KAGGLE-00487-M,Kaggle- pigeonpeas -487,MOISTURE,0.295,VWC,WARNING,DRY — schedule irrigation within 24hrs,2026-05-20
KAGGLE-00486-P,Kaggle- pigeonpeas -486,PH,6.99,pH,WARNING,ALKALINE — nutrient availability reduced,2026-05-20
KAGGLE-00487-P,Kaggle- pigeonpeas -487,PH,4.6,pH,WARNING,ACIDIC — consider lime treatment,2026-05-20
KAGGLE-00487-T,Kaggle- pigeonpeas -487,TEMPERATURE,23.0,C,NORMAL,OPTIMAL — ideal temperature,2026-05-20
KAGGLE-00488-M,Kaggle- pigeonpeas -488,MOISTURE,0.12,VWC,ALERT,CRITICAL DRY — irrigate immediately,2026-05-20
KAGGLE-00488-P,Kaggle- pigeonpeas -488,PH,6.98,pH,WARNING,ALKALINE — nutrient availability reduced,2026-05-20
KAGGLE-00488-T,Kaggle- pigeonpeas -488,TEMPERATURE,30.6,C,WARNING,WARM — monitor crop stress,2026-05-20
KAGGLE-00489-T,Kaggle- pigeonpeas -489,TEMPERATURE,31.5,C,WARNING,WARM — monitor crop stress,2026-05-20
KAGGLE-00489-M,Kaggle- pigeonpeas -489,MOISTURE,0.168,VWC,ALERT,CRITICAL DRY — irrigate immediately,2026-05-20
KAGGLE-00489-P,Kaggle- pigeonpeas -489,PH,7.06,pH,WARNING,ALKALINE — nutrient availability reduced,2026-05-20
KAGGLE-00490-M,Kaggle- pigeonpeas -490,MOISTURE,0.243,VWC,WARNING,DRY — schedule irrigation within 24hrs,2026-05-20
KAGGLE-00490-P,Kaggle- pigeonpeas -490,PH,5.17,pH,WARNING,ACIDIC — consider lime treatment,2026-05-20
KAGGLE-00491-M,Kaggle- pigeonpeas -491,MOISTURE,0.16,VWC,ALERT,CRITICAL DRY — irrigate immediately,2026-05-20
KAGGLE-00490-T,Kaggle- pigeonpeas -490,TEMPERATURE,26.0,C,NORMAL,OPTIMAL — ideal temperature,2026-05-20
KAGGLE-00492-M,Kaggle- pigeonpeas -492,MOISTURE,0.259,VWC,WARNING,DRY — schedule irrigation within 24hrs,2026-05-20
KAGGLE-00491-P,Kaggle- pigeonpeas -491,PH,5.11,pH,WARNING,ACIDIC — consider lime treatment,2026-05-20
KAGGLE-00491-T,Kaggle- pigeonpeas -491,TEMPERATURE,21.0,C,NORMAL,OPTIMAL — ideal temperature,2026-05-20
KAGGLE-00492-T,Kaggle- pigeonpeas -492,TEMPERATURE,19.3,C,WARNING,COOL — suboptimal for crops,2026-05-20
KAGGLE-00492-P,Kaggle- pigeonpeas -492,PH,5.37,pH,WARNING,ACIDIC — consider lime treatment,2026-05-20
KAGGLE-00493-M,Kaggle- pigeonpeas -493,MOISTURE,0.148,VWC,ALERT,CRITICAL DRY — irrigate immediately,2026-05-20
KAGGLE-00493-T,Kaggle- pigeonpeas -493,TEMPERATURE,19.2,C,WARNING,COOL — suboptimal for crops,2026-05-20
KAGGLE-00494-P,Kaggle- pigeonpeas -494,PH,5.67,pH,NORMAL,OPTIMAL — ideal for crops,2026-05-20
KAGGLE-00495-P,Kaggle- pigeonpeas -495,PH,6.08,pH,NORMAL,OPTIMAL — ideal for crops,2026-05-20
KAGGLE-00494-T,Kaggle- pigeonpeas -494,TEMPERATURE,22.5,C,NORMAL,OPTIMAL — ideal temperature,2026-05-20
KAGGLE-00494-M,Kaggle- pigeonpeas -494,MOISTURE,0.296,VWC,WARNING,DRY — schedule irrigation within 24hrs,2026-05-20
KAGGLE-00493-P,Kaggle- pigeonpeas -493,PH,5.67,pH,NORMAL,OPTIMAL — ideal for crops,2026-05-20
KAGGLE-00495-T,Kaggle- pigeonpeas -495,TEMPERATURE,36.8,C,ALERT,HEAT STRESS — crops at risk,2026-05-20
KAGGLE-00495-M,Kaggle- pigeonpeas -495,MOISTURE,0.135,VWC,ALERT,CRITICAL DRY — irrigate immediately,2026-05-20
KAGGLE-00496-T,Kaggle- pigeonpeas -496,TEMPERATURE,29.9,C,NORMAL,OPTIMAL — ideal temperature,2026-05-20
KAGGLE-00496-M,Kaggle- pigeonpeas -496,MOISTURE,0.197,VWC,ALERT,CRITICAL DRY — irrigate immediately,2026-05-20
KAGGLE-00497-T,Kaggle- pigeonpeas -497,TEMPERATURE,29.4,C,NORMAL,OPTIMAL — ideal temperature,2026-05-20
KAGGLE-00497-M,Kaggle- pigeonpeas -497,MOISTURE,0.112,VWC,ALERT,CRITICAL DRY — irrigate immediately,2026-05-20
KAGGLE-00496-P,Kaggle- pigeonpeas -496,PH,6.93,pH,WARNING,ALKALINE — nutrient availability reduced,2026-05-20
KAGGLE-00498-P,Kaggle- pigeonpeas -498,PH,6.88,pH,WARNING,ALKALINE — nutrient availability reduced,2026-05-20
KAGGLE-00498-T,Kaggle- pigeonpeas -498,TEMPERATURE,29.7,C,NORMAL,OPTIMAL — ideal temperature,2026-05-20
KAGGLE-00498-M,Kaggle- pigeonpeas -498,MOISTURE,0.282,VWC,WARNING,DRY — schedule irrigation within 24hrs,2026-05-20
KAGGLE-00497-P,Kaggle- pigeonpeas -497,PH,6.84,pH,WARNING,ALKALINE — nutrient availability reduced,2026-05-20
KAGGLE-00499-T,Kaggle- pigeonpeas -499,TEMPERATURE,19.5,C,WARNING,COOL — suboptimal for crops,2026-05-20
KAGGLE-00499-M,Kaggle- pigeonpeas -499,MOISTURE,0.279,VWC,WARNING,DRY — schedule irrigation within 24hrs,2026-05-20
KAGGLE-00499-P,Kaggle- pigeonpeas -499,PH,6.15,pH,NORMAL,OPTIMAL — ideal for crops,2026-05-20
KAGGLE-00500-P,Kaggle- pigeonpeas -500,PH,4.57,pH,WARNING,ACIDIC — consider lime treatment,2026-05-20
KAGGLE-00500-T,Kaggle- pigeonpeas -500,TEMPERATURE,20.0,C,NORMAL,OPTIMAL — ideal temperature,2026-05-20
KAGGLE-00500-M,Kaggle- pigeonpeas -500,MOISTURE,0.278,VWC,WARNING,DRY — schedule irrigation within 24hrs,2026-05-20
KAGGLE-00501-M,Kaggle- mothbeans  -501,MOISTURE,0.176,VWC,ALERT,CRITICAL DRY — irrigate immediately,2026-05-20
KAGGLE-00502-M,Kaggle- mothbeans  -502,MOISTURE,0.26,VWC,WARNING,DRY — schedule irrigation within 24hrs,2026-05-20
KAGGLE-00501-P,Kaggle- mothbeans  -501,PH,3.69,pH,ALERT,HIGHLY ACIDIC — lime required urgently,2026-05-20
KAGGLE-00501-T,Kaggle- mothbeans  -501,TEMPERATURE,27.9,C,NORMAL,OPTIMAL — ideal temperature,2026-05-20
KAGGLE-00503-T,Kaggle- mothbeans  -503,TEMPERATURE,28.7,C,NORMAL,OPTIMAL — ideal temperature,2026-05-20
KAGGLE-00503-M,Kaggle- mothbeans  -503,MOISTURE,0.171,VWC,ALERT,CRITICAL DRY — irrigate immediately,2026-05-20
KAGGLE-00502-P,Kaggle- mothbeans  -502,PH,4.37,pH,ALERT,HIGHLY ACIDIC — lime required urgently,2026-05-20
KAGGLE-00502-T,Kaggle- mothbeans  -502,TEMPERATURE,27.3,C,NORMAL,OPTIMAL — ideal temperature,2026-05-20
KAGGLE-00505-T,Kaggle- mothbeans  -505,TEMPERATURE,27.8,C,NORMAL,OPTIMAL — ideal temperature,2026-05-20
KAGGLE-00505-M,Kaggle- mothbeans  -505,MOISTURE,0.116,VWC,ALERT,CRITICAL DRY — irrigate immediately,2026-05-20
KAGGLE-00504-P,Kaggle- mothbeans  -504,PH,8.84,pH,ALERT,HIGHLY ALKALINE — soil amendment required,2026-05-20
KAGGLE-00504-T,Kaggle- mothbeans  -504,TEMPERATURE,29.0,C,NORMAL,OPTIMAL — ideal temperature,2026-05-20
KAGGLE-00504-M,Kaggle- mothbeans  -504,MOISTURE,0.126,VWC,ALERT,CRITICAL DRY — irrigate immediately,2026-05-20
KAGGLE-00503-P,Kaggle- mothbeans  -503,PH,8.4,pH,ALERT,HIGHLY ALKALINE — soil amendment required,2026-05-20
KAGGLE-00507-T,Kaggle- mothbeans  -507,TEMPERATURE,27.3,C,NORMAL,OPTIMAL — ideal temperature,2026-05-20
KAGGLE-00507-M,Kaggle- mothbeans  -507,MOISTURE,0.115,VWC,ALERT,CRITICAL DRY — irrigate immediately,2026-05-20
KAGGLE-00506-P,Kaggle- mothbeans  -506,PH,5.27,pH,WARNING,ACIDIC — consider lime treatment,2026-05-20
KAGGLE-00506-T,Kaggle- mothbeans  -506,TEMPERATURE,32.0,C,WARNING,WARM — monitor crop stress,2026-05-20
KAGGLE-00506-M,Kaggle- mothbeans  -506,MOISTURE,0.248,VWC,WARNING,DRY — schedule irrigation within 24hrs,2026-05-20
KAGGLE-00505-P,Kaggle- mothbeans  -505,PH,8.15,pH,ALERT,HIGHLY ALKALINE — soil amendment required,2026-05-20
KAGGLE-00509-T,Kaggle- mothbeans  -509,TEMPERATURE,27.7,C,NORMAL,OPTIMAL — ideal temperature,2026-05-20
KAGGLE-00509-M,Kaggle- mothbeans  -509,MOISTURE,0.211,VWC,WARNING,DRY — schedule irrigation within 24hrs,2026-05-20
KAGGLE-00508-P,Kaggle- mothbeans  -508,PH,9.68,pH,ALERT,HIGHLY ALKALINE — soil amendment required,2026-05-20
KAGGLE-00508-T,Kaggle- mothbeans  -508,TEMPERATURE,28.9,C,NORMAL,OPTIMAL — ideal temperature,2026-05-20
KAGGLE-00508-M,Kaggle- mothbeans  -508,MOISTURE,0.269,VWC,WARNING,DRY — schedule irrigation within 24hrs,2026-05-20
KAGGLE-00507-P,Kaggle- mothbeans  -507,PH,8.05,pH,ALERT,HIGHLY ALKALINE — soil amendment required,2026-05-20
KAGGLE-00511-T,Kaggle- mothbeans  -511,TEMPERATURE,31.0,C,WARNING,WARM — monitor crop stress,2026-05-20
KAGGLE-00511-M,Kaggle- mothbeans  -511,MOISTURE,0.17,VWC,ALERT,CRITICAL DRY — irrigate immediately,2026-05-20
KAGGLE-00510-P,Kaggle- mothbeans  -510,PH,7.39,pH,WARNING,ALKALINE — nutrient availability reduced,2026-05-20
KAGGLE-00510-T,Kaggle- mothbeans  -510,TEMPERATURE,28.5,C,NORMAL,OPTIMAL — ideal temperature,2026-05-20
KAGGLE-00510-M,Kaggle- mothbeans  -510,MOISTURE,0.183,VWC,ALERT,CRITICAL DRY — irrigate immediately,2026-05-20
KAGGLE-00512-P,Kaggle- mothbeans  -512,PH,7.88,pH,ALERT,HIGHLY ALKALINE — soil amendment required,2026-05-20
KAGGLE-00511-P,Kaggle- mothbeans  -511,PH,6.69,pH,NORMAL,OPTIMAL — ideal for crops,2026-05-20
KAGGLE-00513-M,Kaggle- mothbeans  -513,MOISTURE,0.278,VWC,WARNING,DRY — schedule irrigation within 24hrs,2026-05-20
KAGGLE-00512-T,Kaggle- mothbeans  -512,TEMPERATURE,25.7,C,NORMAL,OPTIMAL — ideal temperature,2026-05-20
KAGGLE-00509-P,Kaggle- mothbeans  -509,PH,6.97,pH,WARNING,ALKALINE — nutrient availability reduced,2026-05-20
KAGGLE-00512-M,Kaggle- mothbeans  -512,MOISTURE,0.249,VWC,WARNING,DRY — schedule irrigation within 24hrs,2026-05-20
KAGGLE-00513-T,Kaggle- mothbeans  -513,TEMPERATURE,31.7,C,WARNING,WARM — monitor crop stress,2026-05-20
KAGGLE-00515-P,Kaggle- mothbeans  -515,PH,8.99,pH,ALERT,HIGHLY ALKALINE — soil amendment required,2026-05-20
KAGGLE-00515-T,Kaggle- mothbeans  -515,TEMPERATURE,31.5,C,WARNING,WARM — monitor crop stress,2026-05-20
KAGGLE-00513-P,Kaggle- mothbeans  -513,PH,5.88,pH,NORMAL,OPTIMAL — ideal for crops,2026-05-20
KAGGLE-00514-P,Kaggle- mothbeans  -514,PH,8.2,pH,ALERT,HIGHLY ALKALINE — soil amendment required,2026-05-20
KAGGLE-00514-T,Kaggle- mothbeans  -514,TEMPERATURE,24.5,C,NORMAL,OPTIMAL — ideal temperature,2026-05-20
KAGGLE-00515-M,Kaggle- mothbeans  -515,MOISTURE,0.181,VWC,ALERT,CRITICAL DRY — irrigate immediately,2026-05-20
KAGGLE-00514-M,Kaggle- mothbeans  -514,MOISTURE,0.233,VWC,WARNING,DRY — schedule irrigation within 24hrs,2026-05-20
KAGGLE-00517-T,Kaggle- mothbeans  -517,TEMPERATURE,30.3,C,WARNING,WARM — monitor crop stress,2026-05-20
KAGGLE-00516-P,Kaggle- mothbeans  -516,PH,5.88,pH,NORMAL,OPTIMAL — ideal for crops,2026-05-20
KAGGLE-00516-T,Kaggle- mothbeans  -516,TEMPERATURE,25.6,C,NORMAL,OPTIMAL — ideal temperature,2026-05-20
KAGGLE-00516-M,Kaggle- mothbeans  -516,MOISTURE,0.292,VWC,WARNING,DRY — schedule irrigation within 24hrs,2026-05-20
KAGGLE-00517-M,Kaggle- mothbeans  -517,MOISTURE,0.254,VWC,WARNING,DRY — schedule irrigation within 24hrs,2026-05-20
KAGGLE-00517-P,Kaggle- mothbeans  -517,PH,7.71,pH,ALERT,HIGHLY ALKALINE — soil amendment required,2026-05-20
KAGGLE-00518-M,Kaggle- mothbeans  -518,MOISTURE,0.281,VWC,WARNING,DRY — schedule irrigation within 24hrs,2026-05-20
KAGGLE-00518-T,Kaggle- mothbeans  -518,TEMPERATURE,28.2,C,NORMAL,OPTIMAL — ideal temperature,2026-05-20
KAGGLE-00519-M,Kaggle- mothbeans  -519,MOISTURE,0.109,VWC,ALERT,CRITICAL DRY — irrigate immediately,2026-05-20
KAGGLE-00518-P,Kaggle- mothbeans  -518,PH,4.52,pH,WARNING,ACIDIC — consider lime treatment,2026-05-20
KAGGLE-00519-T,Kaggle- mothbeans  -519,TEMPERATURE,25.5,C,NORMAL,OPTIMAL — ideal temperature,2026-05-20
KAGGLE-00519-P,Kaggle- mothbeans  -519,PH,9.93,pH,ALERT,HIGHLY ALKALINE — soil amendment required,2026-05-20
KAGGLE-00520-M,Kaggle- mothbeans  -520,MOISTURE,0.241,VWC,WARNING,DRY — schedule irrigation within 24hrs,2026-05-20
KAGGLE-00520-P,Kaggle- mothbeans  -520,PH,6.46,pH,NORMAL,OPTIMAL — ideal for crops,2026-05-20
KAGGLE-00520-T,Kaggle- mothbeans  -520,TEMPERATURE,31.1,C,WARNING,WARM — monitor crop stress,2026-05-20
KAGGLE-00521-P,Kaggle- mothbeans  -521,PH,8.02,pH,ALERT,HIGHLY ALKALINE — soil amendment required,2026-05-20
KAGGLE-00521-M,Kaggle- mothbeans  -521,MOISTURE,0.116,VWC,ALERT,CRITICAL DRY — irrigate immediately,2026-05-20
KAGGLE-00521-T,Kaggle- mothbeans  -521,TEMPERATURE,26.3,C,NORMAL,OPTIMAL — ideal temperature,2026-05-20
KAGGLE-00522-M,Kaggle- mothbeans  -522,MOISTURE,0.113,VWC,ALERT,CRITICAL DRY — irrigate immediately,2026-05-20
KAGGLE-00522-P,Kaggle- mothbeans  -522,PH,3.71,pH,ALERT,HIGHLY ACIDIC — lime required urgently,2026-05-20
KAGGLE-00522-T,Kaggle- mothbeans  -522,TEMPERATURE,28.2,C,NORMAL,OPTIMAL — ideal temperature,2026-05-20
KAGGLE-00523-M,Kaggle- mothbeans  -523,MOISTURE,0.26,VWC,WARNING,DRY — schedule irrigation within 24hrs,2026-05-20
KAGGLE-00523-T,Kaggle- mothbeans  -523,TEMPERATURE,27.0,C,NORMAL,OPTIMAL — ideal temperature,2026-05-20
KAGGLE-00523-P,Kaggle- mothbeans  -523,PH,5.49,pH,WARNING,ACIDIC — consider lime treatment,2026-05-20
KAGGLE-00524-P,Kaggle- mothbeans  -524,PH,9.25,pH,ALERT,HIGHLY ALKALINE — soil amendment required,2026-05-20
KAGGLE-00524-M,Kaggle- mothbeans  -524,MOISTURE,0.135,VWC,ALERT,CRITICAL DRY — irrigate immediately,2026-05-20
KAGGLE-00524-T,Kaggle- mothbeans  -524,TEMPERATURE,25.2,C,NORMAL,OPTIMAL — ideal temperature,2026-05-20
KAGGLE-00526-M,Kaggle- mothbeans  -526,MOISTURE,0.194,VWC,ALERT,CRITICAL DRY — irrigate immediately,2026-05-20
KAGGLE-00525-P,Kaggle- mothbeans  -525,PH,6.01,pH,NORMAL,OPTIMAL — ideal for crops,2026-05-20
KAGGLE-00525-M,Kaggle- mothbeans  -525,MOISTURE,0.19,VWC,ALERT,CRITICAL DRY — irrigate immediately,2026-05-20
KAGGLE-00525-T,Kaggle- mothbeans  -525,TEMPERATURE,27.3,C,NORMAL,OPTIMAL — ideal temperature,2026-05-20
KAGGLE-00527-P,Kaggle- mothbeans  -527,PH,3.81,pH,ALERT,HIGHLY ACIDIC — lime required urgently,2026-05-20
KAGGLE-00527-T,Kaggle- mothbeans  -527,TEMPERATURE,31.2,C,WARNING,WARM — monitor crop stress,2026-05-20
KAGGLE-00527-M,Kaggle- mothbeans  -527,MOISTURE,0.135,VWC,ALERT,CRITICAL DRY — irrigate immediately,2026-05-20
KAGGLE-00526-P,Kaggle- mothbeans  -526,PH,7.44,pH,WARNING,ALKALINE — nutrient availability reduced,2026-05-20
KAGGLE-00526-T,Kaggle- mothbeans  -526,TEMPERATURE,25.4,C,NORMAL,OPTIMAL — ideal temperature,2026-05-20
KAGGLE-00529-T,Kaggle- mothbeans  -529,TEMPERATURE,25.4,C,NORMAL,OPTIMAL — ideal temperature,2026-05-20
KAGGLE-00531-T,Kaggle- mothbeans  -531,TEMPERATURE,24.3,C,NORMAL,OPTIMAL — ideal temperature,2026-05-20
KAGGLE-00529-P,Kaggle- mothbeans  -529,PH,4.52,pH,WARNING,ACIDIC — consider lime treatment,2026-05-20
KAGGLE-00528-P,Kaggle- mothbeans  -528,PH,5.82,pH,NORMAL,OPTIMAL — ideal for crops,2026-05-20
KAGGLE-00531-P,Kaggle- mothbeans  -531,PH,6.03,pH,NORMAL,OPTIMAL — ideal for crops,2026-05-20
KAGGLE-00528-M,Kaggle- mothbeans  -528,MOISTURE,0.253,VWC,WARNING,DRY — schedule irrigation within 24hrs,2026-05-20
KAGGLE-00534-P,Kaggle- mothbeans  -534,PH,5.55,pH,NORMAL,OPTIMAL — ideal for crops,2026-05-20
KAGGLE-00530-P,Kaggle- mothbeans  -530,PH,3.51,pH,ALERT,HIGHLY ACIDIC — lime required urgently,2026-05-20
KAGGLE-00530-T,Kaggle- mothbeans  -530,TEMPERATURE,27.1,C,NORMAL,OPTIMAL — ideal temperature,2026-05-20
KAGGLE-00529-M,Kaggle- mothbeans  -529,MOISTURE,0.104,VWC,ALERT,CRITICAL DRY — irrigate immediately,2026-05-20
KAGGLE-00530-M,Kaggle- mothbeans  -530,MOISTURE,0.296,VWC,WARNING,DRY — schedule irrigation within 24hrs,2026-05-20
KAGGLE-00533-T,Kaggle- mothbeans  -533,TEMPERATURE,28.1,C,NORMAL,OPTIMAL — ideal temperature,2026-05-20
KAGGLE-00533-M,Kaggle- mothbeans  -533,MOISTURE,0.245,VWC,WARNING,DRY — schedule irrigation within 24hrs,2026-05-20
KAGGLE-00532-P,Kaggle- mothbeans  -532,PH,5.5,pH,NORMAL,OPTIMAL — ideal for crops,2026-05-20
KAGGLE-00532-T,Kaggle- mothbeans  -532,TEMPERATURE,30.1,C,WARNING,WARM — monitor crop stress,2026-05-20
KAGGLE-00528-T,Kaggle- mothbeans  -528,TEMPERATURE,30.6,C,WARNING,WARM — monitor crop stress,2026-05-20
KAGGLE-00532-M,Kaggle- mothbeans  -532,MOISTURE,0.114,VWC,ALERT,CRITICAL DRY — irrigate immediately,2026-05-20
KAGGLE-00535-M,Kaggle- mothbeans  -535,MOISTURE,0.185,VWC,ALERT,CRITICAL DRY — irrigate immediately,2026-05-20
KAGGLE-00531-M,Kaggle- mothbeans  -531,MOISTURE,0.279,VWC,WARNING,DRY — schedule irrigation within 24hrs,2026-05-20
KAGGLE-00534-T,Kaggle- mothbeans  -534,TEMPERATURE,26.3,C,NORMAL,OPTIMAL — ideal temperature,2026-05-20
KAGGLE-00534-M,Kaggle- mothbeans  -534,MOISTURE,0.204,VWC,WARNING,DRY — schedule irrigation within 24hrs,2026-05-20
KAGGLE-00533-P,Kaggle- mothbeans  -533,PH,4.61,pH,WARNING,ACIDIC — consider lime treatment,2026-05-20
KAGGLE-00539-P,Kaggle- mothbeans  -539,PH,4.19,pH,ALERT,HIGHLY ACIDIC — lime required urgently,2026-05-20
KAGGLE-00536-T,Kaggle- mothbeans  -536,TEMPERATURE,28.7,C,NORMAL,OPTIMAL — ideal temperature,2026-05-20
KAGGLE-00538-P,Kaggle- mothbeans  -538,PH,3.79,pH,ALERT,HIGHLY ACIDIC — lime required urgently,2026-05-20
KAGGLE-00542-M,Kaggle- mothbeans  -542,MOISTURE,0.141,VWC,ALERT,CRITICAL DRY — irrigate immediately,2026-05-20
KAGGLE-00535-T,Kaggle- mothbeans  -535,TEMPERATURE,28.6,C,NORMAL,OPTIMAL — ideal temperature,2026-05-20
KAGGLE-00538-M,Kaggle- mothbeans  -538,MOISTURE,0.276,VWC,WARNING,DRY — schedule irrigation within 24hrs,2026-05-20
KAGGLE-00537-P,Kaggle- mothbeans  -537,PH,8.87,pH,ALERT,HIGHLY ALKALINE — soil amendment required,2026-05-20
KAGGLE-00537-T,Kaggle- mothbeans  -537,TEMPERATURE,24.2,C,NORMAL,OPTIMAL — ideal temperature,2026-05-20
KAGGLE-00543-P,Kaggle- mothbeans  -543,PH,5.79,pH,NORMAL,OPTIMAL — ideal for crops,2026-05-20
KAGGLE-00536-P,Kaggle- mothbeans  -536,PH,3.83,pH,ALERT,HIGHLY ACIDIC — lime required urgently,2026-05-20
KAGGLE-00545-T,Kaggle- mothbeans  -545,TEMPERATURE,26.5,C,NORMAL,OPTIMAL — ideal temperature,2026-05-20
KAGGLE-00539-M,Kaggle- mothbeans  -539,MOISTURE,0.125,VWC,ALERT,CRITICAL DRY — irrigate immediately,2026-05-20
KAGGLE-00538-T,Kaggle- mothbeans  -538,TEMPERATURE,28.5,C,NORMAL,OPTIMAL — ideal temperature,2026-05-20
KAGGLE-00536-M,Kaggle- mothbeans  -536,MOISTURE,0.192,VWC,ALERT,CRITICAL DRY — irrigate immediately,2026-05-20
KAGGLE-00541-M,Kaggle- mothbeans  -541,MOISTURE,0.234,VWC,WARNING,DRY — schedule irrigation within 24hrs,2026-05-20
KAGGLE-00548-M,Kaggle- mothbeans  -548,MOISTURE,0.206,VWC,WARNING,DRY — schedule irrigation within 24hrs,2026-05-20
KAGGLE-00540-P,Kaggle- mothbeans  -540,PH,7.66,pH,ALERT,HIGHLY ALKALINE — soil amendment required,2026-05-20
KAGGLE-00542-T,Kaggle- mothbeans  -542,TEMPERATURE,25.1,C,NORMAL,OPTIMAL — ideal temperature,2026-05-20
KAGGLE-00535-P,Kaggle- mothbeans  -535,PH,8.29,pH,ALERT,HIGHLY ALKALINE — soil amendment required,2026-05-20
KAGGLE-00541-P,Kaggle- mothbeans  -541,PH,9.39,pH,ALERT,HIGHLY ALKALINE — soil amendment required,2026-05-20
KAGGLE-00541-T,Kaggle- mothbeans  -541,TEMPERATURE,25.5,C,NORMAL,OPTIMAL — ideal temperature,2026-05-20
KAGGLE-00549-P,Kaggle- mothbeans  -549,PH,5.41,pH,WARNING,ACIDIC — consider lime treatment,2026-05-20
KAGGLE-00543-M,Kaggle- mothbeans  -543,MOISTURE,0.212,VWC,WARNING,DRY — schedule irrigation within 24hrs,2026-05-20
KAGGLE-00537-M,Kaggle- mothbeans  -537,MOISTURE,0.244,VWC,WARNING,DRY — schedule irrigation within 24hrs,2026-05-20
KAGGLE-00544-M,Kaggle- mothbeans  -544,MOISTURE,0.143,VWC,ALERT,CRITICAL DRY — irrigate immediately,2026-05-20
KAGGLE-00544-P,Kaggle- mothbeans  -544,PH,7.35,pH,WARNING,ALKALINE — nutrient availability reduced,2026-05-20
KAGGLE-00544-T,Kaggle- mothbeans  -544,TEMPERATURE,31.1,C,WARNING,WARM — monitor crop stress,2026-05-20
KAGGLE-00539-T,Kaggle- mothbeans  -539,TEMPERATURE,26.0,C,NORMAL,OPTIMAL — ideal temperature,2026-05-20
KAGGLE-00545-M,Kaggle- mothbeans  -545,MOISTURE,0.252,VWC,WARNING,DRY — schedule irrigation within 24hrs,2026-05-20
KAGGLE-00545-P,Kaggle- mothbeans  -545,PH,5.99,pH,NORMAL,OPTIMAL — ideal for crops,2026-05-20
KAGGLE-00546-P,Kaggle- mothbeans  -546,PH,8.62,pH,ALERT,HIGHLY ALKALINE — soil amendment required,2026-05-20
KAGGLE-00546-T,Kaggle- mothbeans  -546,TEMPERATURE,30.0,C,NORMAL,OPTIMAL — ideal temperature,2026-05-20
KAGGLE-00547-T,Kaggle- mothbeans  -547,TEMPERATURE,27.8,C,NORMAL,OPTIMAL — ideal temperature,2026-05-20
KAGGLE-00546-M,Kaggle- mothbeans  -546,MOISTURE,0.194,VWC,ALERT,CRITICAL DRY — irrigate immediately,2026-05-20
KAGGLE-00548-T,Kaggle- mothbeans  -548,TEMPERATURE,31.0,C,WARNING,WARM — monitor crop stress,2026-05-20
KAGGLE-00547-M,Kaggle- mothbeans  -547,MOISTURE,0.121,VWC,ALERT,CRITICAL DRY — irrigate immediately,2026-05-20
KAGGLE-00540-T,Kaggle- mothbeans  -540,TEMPERATURE,30.9,C,WARNING,WARM — monitor crop stress,2026-05-20
KAGGLE-00547-P,Kaggle- mothbeans  -547,PH,9.46,pH,ALERT,HIGHLY ALKALINE — soil amendment required,2026-05-20
KAGGLE-00549-T,Kaggle- mothbeans  -549,TEMPERATURE,26.5,C,NORMAL,OPTIMAL — ideal temperature,2026-05-20
KAGGLE-00549-M,Kaggle- mothbeans  -549,MOISTURE,0.102,VWC,ALERT,CRITICAL DRY — irrigate immediately,2026-05-20
KAGGLE-00548-P,Kaggle- mothbeans  -548,PH,8.03,pH,ALERT,HIGHLY ALKALINE — soil amendment required,2026-05-20
KAGGLE-00540-M,Kaggle- mothbeans  -540,MOISTURE,0.249,VWC,WARNING,DRY — schedule irrigation within 24hrs,2026-05-20
KAGGLE-00542-P,Kaggle- mothbeans  -542,PH,4.52,pH,WARNING,ACIDIC — consider lime treatment,2026-05-20
KAGGLE-00550-T,Kaggle- mothbeans  -550,TEMPERATURE,32.0,C,WARNING,WARM — monitor crop stress,2026-05-20
KAGGLE-00550-M,Kaggle- mothbeans  -550,MOISTURE,0.138,VWC,ALERT,CRITICAL DRY — irrigate immediately,2026-05-20
KAGGLE-00543-T,Kaggle- mothbeans  -543,TEMPERATURE,27.1,C,NORMAL,OPTIMAL — ideal temperature,2026-05-20
KAGGLE-00551-T,Kaggle- mothbeans  -551,TEMPERATURE,25.4,C,NORMAL,OPTIMAL — ideal temperature,2026-05-20
KAGGLE-00551-M,Kaggle- mothbeans  -551,MOISTURE,0.164,VWC,ALERT,CRITICAL DRY — irrigate immediately,2026-05-20
KAGGLE-00550-P,Kaggle- mothbeans  -550,PH,6.28,pH,NORMAL,OPTIMAL — ideal for crops,2026-05-20
KAGGLE-00553-M,Kaggle- mothbeans  -553,MOISTURE,0.191,VWC,ALERT,CRITICAL DRY — irrigate immediately,2026-05-20
KAGGLE-00552-P,Kaggle- mothbeans  -552,PH,7.89,pH,ALERT,HIGHLY ALKALINE — soil amendment required,2026-05-20
KAGGLE-00555-T,Kaggle- mothbeans  -555,TEMPERATURE,28.6,C,NORMAL,OPTIMAL — ideal temperature,2026-05-20
KAGGLE-00552-M,Kaggle- mothbeans  -552,MOISTURE,0.26,VWC,WARNING,DRY — schedule irrigation within 24hrs,2026-05-20
KAGGLE-00551-P,Kaggle- mothbeans  -551,PH,9.16,pH,ALERT,HIGHLY ALKALINE — soil amendment required,2026-05-20
KAGGLE-00555-M,Kaggle- mothbeans  -555,MOISTURE,0.253,VWC,WARNING,DRY — schedule irrigation within 24hrs,2026-05-20
KAGGLE-00554-P,Kaggle- mothbeans  -554,PH,9.07,pH,ALERT,HIGHLY ALKALINE — soil amendment required,2026-05-20
KAGGLE-00552-T,Kaggle- mothbeans  -552,TEMPERATURE,25.5,C,NORMAL,OPTIMAL — ideal temperature,2026-05-20
KAGGLE-00554-T,Kaggle- mothbeans  -554,TEMPERATURE,29.3,C,NORMAL,OPTIMAL — ideal temperature,2026-05-20
KAGGLE-00554-M,Kaggle- mothbeans  -554,MOISTURE,0.237,VWC,WARNING,DRY — schedule irrigation within 24hrs,2026-05-20
KAGGLE-00553-T,Kaggle- mothbeans  -553,TEMPERATURE,29.0,C,NORMAL,OPTIMAL — ideal temperature,2026-05-20
KAGGLE-00553-P,Kaggle- mothbeans  -553,PH,8.18,pH,ALERT,HIGHLY ALKALINE — soil amendment required,2026-05-20
KAGGLE-00556-T,Kaggle- mothbeans  -556,TEMPERATURE,24.8,C,NORMAL,OPTIMAL — ideal temperature,2026-05-20
KAGGLE-00556-M,Kaggle- mothbeans  -556,MOISTURE,0.156,VWC,ALERT,CRITICAL DRY — irrigate immediately,2026-05-20
KAGGLE-00555-P,Kaggle- mothbeans  -555,PH,7.7,pH,ALERT,HIGHLY ALKALINE — soil amendment required,2026-05-20
KAGGLE-00556-P,Kaggle- mothbeans  -556,PH,5.89,pH,NORMAL,OPTIMAL — ideal for crops,2026-05-20
KAGGLE-00557-M,Kaggle- mothbeans  -557,MOISTURE,0.125,VWC,ALERT,CRITICAL DRY — irrigate immediately,2026-05-20
KAGGLE-00557-T,Kaggle- mothbeans  -557,TEMPERATURE,25.4,C,NORMAL,OPTIMAL — ideal temperature,2026-05-20
KAGGLE-00557-P,Kaggle- mothbeans  -557,PH,6.16,pH,NORMAL,OPTIMAL — ideal for crops,2026-05-20
KAGGLE-00558-M,Kaggle- mothbeans  -558,MOISTURE,0.153,VWC,ALERT,CRITICAL DRY — irrigate immediately,2026-05-20
KAGGLE-00558-T,Kaggle- mothbeans  -558,TEMPERATURE,31.0,C,WARNING,WARM — monitor crop stress,2026-05-20
KAGGLE-00558-P,Kaggle- mothbeans  -558,PH,3.5,pH,ALERT,HIGHLY ACIDIC — lime required urgently,2026-05-20
KAGGLE-00559-M,Kaggle- mothbeans  -559,MOISTURE,0.191,VWC,ALERT,CRITICAL DRY — irrigate immediately,2026-05-20
KAGGLE-00559-T,Kaggle- mothbeans  -559,TEMPERATURE,27.1,C,NORMAL,OPTIMAL — ideal temperature,2026-05-20
KAGGLE-00559-P,Kaggle- mothbeans  -559,PH,7.39,pH,WARNING,ALKALINE — nutrient availability reduced,2026-05-20
KAGGLE-00560-M,Kaggle- mothbeans  -560,MOISTURE,0.236,VWC,WARNING,DRY — schedule irrigation within 24hrs,2026-05-20
KAGGLE-00560-T,Kaggle- mothbeans  -560,TEMPERATURE,27.1,C,NORMAL,OPTIMAL — ideal temperature,2026-05-20
KAGGLE-00560-P,Kaggle- mothbeans  -560,PH,8.34,pH,ALERT,HIGHLY ALKALINE — soil amendment required,2026-05-20
KAGGLE-00561-M,Kaggle- mothbeans  -561,MOISTURE,0.221,VWC,WARNING,DRY — schedule irrigation within 24hrs,2026-05-20
KAGGLE-00561-T,Kaggle- mothbeans  -561,TEMPERATURE,28.6,C,NORMAL,OPTIMAL — ideal temperature,2026-05-20
KAGGLE-00561-P,Kaggle- mothbeans  -561,PH,8.66,pH,ALERT,HIGHLY ALKALINE — soil amendment required,2026-05-20
KAGGLE-00562-M,Kaggle- mothbeans  -562,MOISTURE,0.276,VWC,WARNING,DRY — schedule irrigation within 24hrs,2026-05-20
KAGGLE-00562-T,Kaggle- mothbeans  -562,TEMPERATURE,28.8,C,NORMAL,OPTIMAL — ideal temperature,2026-05-20
KAGGLE-00562-P,Kaggle- mothbeans  -562,PH,3.56,pH,ALERT,HIGHLY ACIDIC — lime required urgently,2026-05-20
KAGGLE-00563-M,Kaggle- mothbeans  -563,MOISTURE,0.134,VWC,ALERT,CRITICAL DRY — irrigate immediately,2026-05-20
KAGGLE-00563-T,Kaggle- mothbeans  -563,TEMPERATURE,27.9,C,NORMAL,OPTIMAL — ideal temperature,2026-05-20
KAGGLE-00563-P,Kaggle- mothbeans  -563,PH,5.96,pH,NORMAL,OPTIMAL — ideal for crops,2026-05-20
KAGGLE-00564-M,Kaggle- mothbeans  -564,MOISTURE,0.117,VWC,ALERT,CRITICAL DRY — irrigate immediately,2026-05-20
KAGGLE-00564-T,Kaggle- mothbeans  -564,TEMPERATURE,30.5,C,WARNING,WARM — monitor crop stress,2026-05-20
KAGGLE-00564-P,Kaggle- mothbeans  -564,PH,9.42,pH,ALERT,HIGHLY ALKALINE — soil amendment required,2026-05-20
KAGGLE-00565-M,Kaggle- mothbeans  -565,MOISTURE,0.165,VWC,ALERT,CRITICAL DRY — irrigate immediately,2026-05-20
KAGGLE-00565-T,Kaggle- mothbeans  -565,TEMPERATURE,30.6,C,WARNING,WARM — monitor crop stress,2026-05-20
KAGGLE-00565-P,Kaggle- mothbeans  -565,PH,8.18,pH,ALERT,HIGHLY ALKALINE — soil amendment required,2026-05-20
KAGGLE-00566-M,Kaggle- mothbeans  -566,MOISTURE,0.292,VWC,WARNING,DRY — schedule irrigation within 24hrs,2026-05-20
KAGGLE-00566-T,Kaggle- mothbeans  -566,TEMPERATURE,26.9,C,NORMAL,OPTIMAL — ideal temperature,2026-05-20
KAGGLE-00566-P,Kaggle- mothbeans  -566,PH,5.13,pH,WARNING,ACIDIC — consider lime treatment,2026-05-20
KAGGLE-00567-M,Kaggle- mothbeans  -567,MOISTURE,0.233,VWC,WARNING,DRY — schedule irrigation within 24hrs,2026-05-20
KAGGLE-00567-T,Kaggle- mothbeans  -567,TEMPERATURE,26.3,C,NORMAL,OPTIMAL — ideal temperature,2026-05-20
KAGGLE-00567-P,Kaggle- mothbeans  -567,PH,6.29,pH,NORMAL,OPTIMAL — ideal for crops,2026-05-20
KAGGLE-00568-M,Kaggle- mothbeans  -568,MOISTURE,0.236,VWC,WARNING,DRY — schedule irrigation within 24hrs,2026-05-20
KAGGLE-00568-T,Kaggle- mothbeans  -568,TEMPERATURE,28.8,C,NORMAL,OPTIMAL — ideal temperature,2026-05-20
KAGGLE-00568-P,Kaggle- mothbeans  -568,PH,7.99,pH,ALERT,HIGHLY ALKALINE — soil amendment required,2026-05-20
KAGGLE-00569-M,Kaggle- mothbeans  -569,MOISTURE,0.163,VWC,ALERT,CRITICAL DRY — irrigate immediately,2026-05-20
KAGGLE-00569-T,Kaggle- mothbeans  -569,TEMPERATURE,28.9,C,NORMAL,OPTIMAL — ideal temperature,2026-05-20
KAGGLE-00569-P,Kaggle- mothbeans  -569,PH,8.92,pH,ALERT,HIGHLY ALKALINE — soil amendment required,2026-05-20
KAGGLE-00570-M,Kaggle- mothbeans  -570,MOISTURE,0.266,VWC,WARNING,DRY — schedule irrigation within 24hrs,2026-05-20
KAGGLE-00571-P,Kaggle- mothbeans  -571,PH,5.24,pH,WARNING,ACIDIC — consider lime treatment,2026-05-20
KAGGLE-00571-M,Kaggle- mothbeans  -571,MOISTURE,0.295,VWC,WARNING,DRY — schedule irrigation within 24hrs,2026-05-20
KAGGLE-00570-P,Kaggle- mothbeans  -570,PH,6.88,pH,WARNING,ALKALINE — nutrient availability reduced,2026-05-20
KAGGLE-00570-T,Kaggle- mothbeans  -570,TEMPERATURE,29.4,C,NORMAL,OPTIMAL — ideal temperature,2026-05-20
KAGGLE-00571-T,Kaggle- mothbeans  -571,TEMPERATURE,24.2,C,NORMAL,OPTIMAL — ideal temperature,2026-05-20
KAGGLE-00573-M,Kaggle- mothbeans  -573,MOISTURE,0.195,VWC,ALERT,CRITICAL DRY — irrigate immediately,2026-05-20
KAGGLE-00572-T,Kaggle- mothbeans  -572,TEMPERATURE,26.7,C,NORMAL,OPTIMAL — ideal temperature,2026-05-20
KAGGLE-00572-P,Kaggle- mothbeans  -572,PH,7.55,pH,ALERT,HIGHLY ALKALINE — soil amendment required,2026-05-20
KAGGLE-00572-M,Kaggle- mothbeans  -572,MOISTURE,0.219,VWC,WARNING,DRY — schedule irrigation within 24hrs,2026-05-20
KAGGLE-00574-P,Kaggle- mothbeans  -574,PH,7.79,pH,ALERT,HIGHLY ALKALINE — soil amendment required,2026-05-20
KAGGLE-00574-T,Kaggle- mothbeans  -574,TEMPERATURE,28.8,C,NORMAL,OPTIMAL — ideal temperature,2026-05-20
KAGGLE-00573-P,Kaggle- mothbeans  -573,PH,8.71,pH,ALERT,HIGHLY ALKALINE — soil amendment required,2026-05-20
KAGGLE-00573-T,Kaggle- mothbeans  -573,TEMPERATURE,28.2,C,NORMAL,OPTIMAL — ideal temperature,2026-05-20
KAGGLE-00574-M,Kaggle- mothbeans  -574,MOISTURE,0.101,VWC,ALERT,CRITICAL DRY — irrigate immediately,2026-05-20
KAGGLE-00576-M,Kaggle- mothbeans  -576,MOISTURE,0.198,VWC,ALERT,CRITICAL DRY — irrigate immediately,2026-05-20
KAGGLE-00575-P,Kaggle- mothbeans  -575,PH,8.06,pH,ALERT,HIGHLY ALKALINE — soil amendment required,2026-05-20
KAGGLE-00575-T,Kaggle- mothbeans  -575,TEMPERATURE,29.3,C,NORMAL,OPTIMAL — ideal temperature,2026-05-20
KAGGLE-00575-M,Kaggle- mothbeans  -575,MOISTURE,0.238,VWC,WARNING,DRY — schedule irrigation within 24hrs,2026-05-20
KAGGLE-00578-M,Kaggle- mothbeans  -578,MOISTURE,0.177,VWC,ALERT,CRITICAL DRY — irrigate immediately,2026-05-20
KAGGLE-00577-P,Kaggle- mothbeans  -577,PH,5.95,pH,NORMAL,OPTIMAL — ideal for crops,2026-05-20
KAGGLE-00577-T,Kaggle- mothbeans  -577,TEMPERATURE,26.9,C,NORMAL,OPTIMAL — ideal temperature,2026-05-20
KAGGLE-00577-M,Kaggle- mothbeans  -577,MOISTURE,0.179,VWC,ALERT,CRITICAL DRY — irrigate immediately,2026-05-20
KAGGLE-00576-P,Kaggle- mothbeans  -576,PH,4.4,pH,ALERT,HIGHLY ACIDIC — lime required urgently,2026-05-20
KAGGLE-00576-T,Kaggle- mothbeans  -576,TEMPERATURE,28.0,C,NORMAL,OPTIMAL — ideal temperature,2026-05-20
KAGGLE-00578-P,Kaggle- mothbeans  -578,PH,8.53,pH,ALERT,HIGHLY ALKALINE — soil amendment required,2026-05-20
KAGGLE-00578-T,Kaggle- mothbeans  -578,TEMPERATURE,31.2,C,WARNING,WARM — monitor crop stress,2026-05-20
KAGGLE-00579-M,Kaggle- mothbeans  -579,MOISTURE,0.17,VWC,ALERT,CRITICAL DRY — irrigate immediately,2026-05-20
KAGGLE-00579-T,Kaggle- mothbeans  -579,TEMPERATURE,24.2,C,NORMAL,OPTIMAL — ideal temperature,2026-05-20
KAGGLE-00580-M,Kaggle- mothbeans  -580,MOISTURE,0.292,VWC,WARNING,DRY — schedule irrigation within 24hrs,2026-05-20
KAGGLE-00579-P,Kaggle- mothbeans  -579,PH,7.22,pH,WARNING,ALKALINE — nutrient availability reduced,2026-05-20
KAGGLE-00580-T,Kaggle- mothbeans  -580,TEMPERATURE,30.0,C,NORMAL,OPTIMAL — ideal temperature,2026-05-20
KAGGLE-00581-M,Kaggle- mothbeans  -581,MOISTURE,0.267,VWC,WARNING,DRY — schedule irrigation within 24hrs,2026-05-20
KAGGLE-00580-P,Kaggle- mothbeans  -580,PH,4.93,pH,WARNING,ACIDIC — consider lime treatment,2026-05-20
KAGGLE-00581-P,Kaggle- mothbeans  -581,PH,4.63,pH,WARNING,ACIDIC — consider lime treatment,2026-05-20
KAGGLE-00581-T,Kaggle- mothbeans  -581,TEMPERATURE,29.9,C,NORMAL,OPTIMAL — ideal temperature,2026-05-20
KAGGLE-00582-T,Kaggle- mothbeans  -582,TEMPERATURE,31.2,C,WARNING,WARM — monitor crop stress,2026-05-20
KAGGLE-00582-M,Kaggle- mothbeans  -582,MOISTURE,0.17,VWC,ALERT,CRITICAL DRY — irrigate immediately,2026-05-20
KAGGLE-00583-T,Kaggle- mothbeans  -583,TEMPERATURE,26.8,C,NORMAL,OPTIMAL — ideal temperature,2026-05-20
KAGGLE-00583-M,Kaggle- mothbeans  -583,MOISTURE,0.159,VWC,ALERT,CRITICAL DRY — irrigate immediately,2026-05-20
KAGGLE-00582-P,Kaggle- mothbeans  -582,PH,5.03,pH,WARNING,ACIDIC — consider lime treatment,2026-05-20
KAGGLE-00583-P,Kaggle- mothbeans  -583,PH,3.53,pH,ALERT,HIGHLY ACIDIC — lime required urgently,2026-05-20
KAGGLE-00585-T,Kaggle- mothbeans  -585,TEMPERATURE,31.0,C,WARNING,WARM — monitor crop stress,2026-05-20
KAGGLE-00585-M,Kaggle- mothbeans  -585,MOISTURE,0.137,VWC,ALERT,CRITICAL DRY — irrigate immediately,2026-05-20
KAGGLE-00584-P,Kaggle- mothbeans  -584,PH,8.87,pH,ALERT,HIGHLY ALKALINE — soil amendment required,2026-05-20
KAGGLE-00584-T,Kaggle- mothbeans  -584,TEMPERATURE,31.5,C,WARNING,WARM — monitor crop stress,2026-05-20
KAGGLE-00584-M,Kaggle- mothbeans  -584,MOISTURE,0.193,VWC,ALERT,CRITICAL DRY — irrigate immediately,2026-05-20
KAGGLE-00585-P,Kaggle- mothbeans  -585,PH,9.41,pH,ALERT,HIGHLY ALKALINE — soil amendment required,2026-05-20
KAGGLE-00586-T,Kaggle- mothbeans  -586,TEMPERATURE,29.6,C,NORMAL,OPTIMAL — ideal temperature,2026-05-20
KAGGLE-00587-P,Kaggle- mothbeans  -587,PH,8.35,pH,ALERT,HIGHLY ALKALINE — soil amendment required,2026-05-20
KAGGLE-00587-T,Kaggle- mothbeans  -587,TEMPERATURE,30.0,C,NORMAL,OPTIMAL — ideal temperature,2026-05-20
KAGGLE-00587-M,Kaggle- mothbeans  -587,MOISTURE,0.177,VWC,ALERT,CRITICAL DRY — irrigate immediately,2026-05-20
KAGGLE-00586-P,Kaggle- mothbeans  -586,PH,5.8,pH,NORMAL,OPTIMAL — ideal for crops,2026-05-20
KAGGLE-00588-T,Kaggle- mothbeans  -588,TEMPERATURE,30.9,C,WARNING,WARM — monitor crop stress,2026-05-20
KAGGLE-00588-M,Kaggle- mothbeans  -588,MOISTURE,0.139,VWC,ALERT,CRITICAL DRY — irrigate immediately,2026-05-20
KAGGLE-00586-M,Kaggle- mothbeans  -586,MOISTURE,0.194,VWC,ALERT,CRITICAL DRY — irrigate immediately,2026-05-20
KAGGLE-00589-T,Kaggle- mothbeans  -589,TEMPERATURE,30.4,C,WARNING,WARM — monitor crop stress,2026-05-20
KAGGLE-00589-M,Kaggle- mothbeans  -589,MOISTURE,0.269,VWC,WARNING,DRY — schedule irrigation within 24hrs,2026-05-20
KAGGLE-00588-P,Kaggle- mothbeans  -588,PH,8.63,pH,ALERT,HIGHLY ALKALINE — soil amendment required,2026-05-20
KAGGLE-00590-M,Kaggle- mothbeans  -590,MOISTURE,0.194,VWC,ALERT,CRITICAL DRY — irrigate immediately,2026-05-20
KAGGLE-00589-P,Kaggle- mothbeans  -589,PH,7.7,pH,ALERT,HIGHLY ALKALINE — soil amendment required,2026-05-20
KAGGLE-00590-T,Kaggle- mothbeans  -590,TEMPERATURE,30.4,C,WARNING,WARM — monitor crop stress,2026-05-20
KAGGLE-00591-T,Kaggle- mothbeans  -591,TEMPERATURE,25.3,C,NORMAL,OPTIMAL — ideal temperature,2026-05-20
KAGGLE-00591-M,Kaggle- mothbeans  -591,MOISTURE,0.23,VWC,WARNING,DRY — schedule irrigation within 24hrs,2026-05-20
KAGGLE-00590-P,Kaggle- mothbeans  -590,PH,5.26,pH,WARNING,ACIDIC — consider lime treatment,2026-05-20
KAGGLE-00591-P,Kaggle- mothbeans  -591,PH,9.11,pH,ALERT,HIGHLY ALKALINE — soil amendment required,2026-05-20
KAGGLE-00592-T,Kaggle- mothbeans  -592,TEMPERATURE,30.5,C,WARNING,WARM — monitor crop stress,2026-05-20
KAGGLE-00592-M,Kaggle- mothbeans  -592,MOISTURE,0.16,VWC,ALERT,CRITICAL DRY — irrigate immediately,2026-05-20
KAGGLE-00592-P,Kaggle- mothbeans  -592,PH,4.61,pH,WARNING,ACIDIC — consider lime treatment,2026-05-20
KAGGLE-00593-M,Kaggle- mothbeans  -593,MOISTURE,0.173,VWC,ALERT,CRITICAL DRY — irrigate immediately,2026-05-20
KAGGLE-00593-T,Kaggle- mothbeans  -593,TEMPERATURE,30.4,C,WARNING,WARM — monitor crop stress,2026-05-20
KAGGLE-00594-T,Kaggle- mothbeans  -594,TEMPERATURE,24.0,C,NORMAL,OPTIMAL — ideal temperature,2026-05-20
KAGGLE-00594-M,Kaggle- mothbeans  -594,MOISTURE,0.298,VWC,WARNING,DRY — schedule irrigation within 24hrs,2026-05-20
KAGGLE-00593-P,Kaggle- mothbeans  -593,PH,7.12,pH,WARNING,ALKALINE — nutrient availability reduced,2026-05-20
KAGGLE-00595-P,Kaggle- mothbeans  -595,PH,9.94,pH,ALERT,HIGHLY ALKALINE — soil amendment required,2026-05-20
KAGGLE-00595-T,Kaggle- mothbeans  -595,TEMPERATURE,28.7,C,NORMAL,OPTIMAL — ideal temperature,2026-05-20
KAGGLE-00595-M,Kaggle- mothbeans  -595,MOISTURE,0.193,VWC,ALERT,CRITICAL DRY — irrigate immediately,2026-05-20
KAGGLE-00594-P,Kaggle- mothbeans  -594,PH,7.21,pH,WARNING,ALKALINE — nutrient availability reduced,2026-05-20
KAGGLE-00597-M,Kaggle- mothbeans  -597,MOISTURE,0.217,VWC,WARNING,DRY — schedule irrigation within 24hrs,2026-05-20
KAGGLE-00596-P,Kaggle- mothbeans  -596,PH,8.91,pH,ALERT,HIGHLY ALKALINE — soil amendment required,2026-05-20
KAGGLE-00596-T,Kaggle- mothbeans  -596,TEMPERATURE,29.3,C,NORMAL,OPTIMAL — ideal temperature,2026-05-20
KAGGLE-00596-M,Kaggle- mothbeans  -596,MOISTURE,0.218,VWC,WARNING,DRY — schedule irrigation within 24hrs,2026-05-20
KAGGLE-00598-T,Kaggle- mothbeans  -598,TEMPERATURE,24.9,C,NORMAL,OPTIMAL — ideal temperature,2026-05-20
KAGGLE-00598-M,Kaggle- mothbeans  -598,MOISTURE,0.202,VWC,WARNING,DRY — schedule irrigation within 24hrs,2026-05-20
KAGGLE-00597-P,Kaggle- mothbeans  -597,PH,8.64,pH,ALERT,HIGHLY ALKALINE — soil amendment required,2026-05-20
KAGGLE-00597-T,Kaggle- mothbeans  -597,TEMPERATURE,28.0,C,NORMAL,OPTIMAL — ideal temperature,2026-05-20
KAGGLE-00600-M,Kaggle- mothbeans  -600,MOISTURE,0.163,VWC,ALERT,CRITICAL DRY — irrigate immediately,2026-05-20
KAGGLE-00599-P,Kaggle- mothbeans  -599,PH,5.84,pH,NORMAL,OPTIMAL — ideal for crops,2026-05-20
KAGGLE-00599-T,Kaggle- mothbeans  -599,TEMPERATURE,25.9,C,NORMAL,OPTIMAL — ideal temperature,2026-05-20
KAGGLE-00599-M,Kaggle- mothbeans  -599,MOISTURE,0.262,VWC,WARNING,DRY — schedule irrigation within 24hrs,2026-05-20
KAGGLE-00598-P,Kaggle- mothbeans  -598,PH,8.62,pH,ALERT,HIGHLY ALKALINE — soil amendment required,2026-05-20
KAGGLE-00602-T,Kaggle- mungbean   -602,TEMPERATURE,28.3,C,NORMAL,OPTIMAL — ideal temperature,2026-05-20
KAGGLE-00602-M,Kaggle- mungbean   -602,MOISTURE,0.26,VWC,WARNING,DRY — schedule irrigation within 24hrs,2026-05-20
KAGGLE-00601-P,Kaggle- mungbean   -601,PH,7.19,pH,WARNING,ALKALINE — nutrient availability reduced,2026-05-20
KAGGLE-00601-T,Kaggle- mungbean   -601,TEMPERATURE,27.4,C,NORMAL,OPTIMAL — ideal temperature,2026-05-20
KAGGLE-00600-P,Kaggle- mothbeans  -600,PH,3.53,pH,ALERT,HIGHLY ACIDIC — lime required urgently,2026-05-20
KAGGLE-00600-T,Kaggle- mothbeans  -600,TEMPERATURE,31.0,C,WARNING,WARM — monitor crop stress,2026-05-20
KAGGLE-00601-M,Kaggle- mungbean   -601,MOISTURE,0.185,VWC,ALERT,CRITICAL DRY — irrigate immediately,2026-05-20
KAGGLE-00604-T,Kaggle- mungbean   -604,TEMPERATURE,28.2,C,NORMAL,OPTIMAL — ideal temperature,2026-05-20
KAGGLE-00603-P,Kaggle- mungbean   -603,PH,6.64,pH,NORMAL,OPTIMAL — ideal for crops,2026-05-20
KAGGLE-00603-T,Kaggle- mungbean   -603,TEMPERATURE,27.0,C,NORMAL,OPTIMAL — ideal temperature,2026-05-20
KAGGLE-00603-M,Kaggle- mungbean   -603,MOISTURE,0.203,VWC,WARNING,DRY — schedule irrigation within 24hrs,2026-05-20
KAGGLE-00602-P,Kaggle- mungbean   -602,PH,7.03,pH,WARNING,ALKALINE — nutrient availability reduced,2026-05-20
KAGGLE-00604-M,Kaggle- mungbean   -604,MOISTURE,0.164,VWC,ALERT,CRITICAL DRY — irrigate immediately,2026-05-20
KAGGLE-00606-T,Kaggle- mungbean   -606,TEMPERATURE,29.9,C,NORMAL,OPTIMAL — ideal temperature,2026-05-20
KAGGLE-00606-M,Kaggle- mungbean   -606,MOISTURE,0.149,VWC,ALERT,CRITICAL DRY — irrigate immediately,2026-05-20
KAGGLE-00605-P,Kaggle- mungbean   -605,PH,6.89,pH,WARNING,ALKALINE — nutrient availability reduced,2026-05-20
KAGGLE-00605-T,Kaggle- mungbean   -605,TEMPERATURE,29.9,C,NORMAL,OPTIMAL — ideal temperature,2026-05-20
KAGGLE-00605-M,Kaggle- mungbean   -605,MOISTURE,0.148,VWC,ALERT,CRITICAL DRY — irrigate immediately,2026-05-20
KAGGLE-00604-P,Kaggle- mungbean   -604,PH,6.83,pH,WARNING,ALKALINE — nutrient availability reduced,2026-05-20
KAGGLE-00608-M,Kaggle- mungbean   -608,MOISTURE,0.223,VWC,WARNING,DRY — schedule irrigation within 24hrs,2026-05-20
KAGGLE-00607-P,Kaggle- mungbean   -607,PH,6.94,pH,WARNING,ALKALINE — nutrient availability reduced,2026-05-20
KAGGLE-00607-T,Kaggle- mungbean   -607,TEMPERATURE,28.6,C,NORMAL,OPTIMAL — ideal temperature,2026-05-20
KAGGLE-00607-M,Kaggle- mungbean   -607,MOISTURE,0.235,VWC,WARNING,DRY — schedule irrigation within 24hrs,2026-05-20
KAGGLE-00606-P,Kaggle- mungbean   -606,PH,7.17,pH,WARNING,ALKALINE — nutrient availability reduced,2026-05-20
KAGGLE-00610-M,Kaggle- mungbean   -610,MOISTURE,0.27,VWC,WARNING,DRY — schedule irrigation within 24hrs,2026-05-20
KAGGLE-00609-P,Kaggle- mungbean   -609,PH,6.99,pH,WARNING,ALKALINE — nutrient availability reduced,2026-05-20
KAGGLE-00609-T,Kaggle- mungbean   -609,TEMPERATURE,29.7,C,NORMAL,OPTIMAL — ideal temperature,2026-05-20
KAGGLE-00609-M,Kaggle- mungbean   -609,MOISTURE,0.152,VWC,ALERT,CRITICAL DRY — irrigate immediately,2026-05-20
KAGGLE-00608-P,Kaggle- mungbean   -608,PH,7.2,pH,WARNING,ALKALINE — nutrient availability reduced,2026-05-20
KAGGLE-00608-T,Kaggle- mungbean   -608,TEMPERATURE,27.5,C,NORMAL,OPTIMAL — ideal temperature,2026-05-20
KAGGLE-00611-T,Kaggle- mungbean   -611,TEMPERATURE,29.5,C,NORMAL,OPTIMAL — ideal temperature,2026-05-20
KAGGLE-00611-M,Kaggle- mungbean   -611,MOISTURE,0.258,VWC,WARNING,DRY — schedule irrigation within 24hrs,2026-05-20
KAGGLE-00610-P,Kaggle- mungbean   -610,PH,7.06,pH,WARNING,ALKALINE — nutrient availability reduced,2026-05-20
KAGGLE-00610-T,Kaggle- mungbean   -610,TEMPERATURE,28.1,C,NORMAL,OPTIMAL — ideal temperature,2026-05-20
KAGGLE-00613-M,Kaggle- mungbean   -613,MOISTURE,0.103,VWC,ALERT,CRITICAL DRY — irrigate immediately,2026-05-20
KAGGLE-00612-P,Kaggle- mungbean   -612,PH,6.36,pH,NORMAL,OPTIMAL — ideal for crops,2026-05-20
KAGGLE-00612-T,Kaggle- mungbean   -612,TEMPERATURE,27.9,C,NORMAL,OPTIMAL — ideal temperature,2026-05-20
KAGGLE-00612-M,Kaggle- mungbean   -612,MOISTURE,0.29,VWC,WARNING,DRY — schedule irrigation within 24hrs,2026-05-20
KAGGLE-00611-P,Kaggle- mungbean   -611,PH,7.16,pH,WARNING,ALKALINE — nutrient availability reduced,2026-05-20
KAGGLE-00615-T,Kaggle- mungbean   -615,TEMPERATURE,29.8,C,NORMAL,OPTIMAL — ideal temperature,2026-05-20
KAGGLE-00615-M,Kaggle- mungbean   -615,MOISTURE,0.255,VWC,WARNING,DRY — schedule irrigation within 24hrs,2026-05-20
KAGGLE-00614-T,Kaggle- mungbean   -614,TEMPERATURE,29.0,C,NORMAL,OPTIMAL — ideal temperature,2026-05-20
KAGGLE-00613-P,Kaggle- mungbean   -613,PH,6.43,pH,NORMAL,OPTIMAL — ideal for crops,2026-05-20
KAGGLE-00613-T,Kaggle- mungbean   -613,TEMPERATURE,28.2,C,NORMAL,OPTIMAL — ideal temperature,2026-05-20
KAGGLE-00616-P,Kaggle- mungbean   -616,PH,6.79,pH,NORMAL,OPTIMAL — ideal for crops,2026-05-20
KAGGLE-00614-P,Kaggle- mungbean   -614,PH,6.66,pH,NORMAL,OPTIMAL — ideal for crops,2026-05-20
KAGGLE-00614-M,Kaggle- mungbean   -614,MOISTURE,0.165,VWC,ALERT,CRITICAL DRY — irrigate immediately,2026-05-20
KAGGLE-00615-P,Kaggle- mungbean   -615,PH,6.64,pH,NORMAL,OPTIMAL — ideal for crops,2026-05-20
KAGGLE-00616-M,Kaggle- mungbean   -616,MOISTURE,0.273,VWC,WARNING,DRY — schedule irrigation within 24hrs,2026-05-20
KAGGLE-00617-M,Kaggle- mungbean   -617,MOISTURE,0.2,VWC,WARNING,DRY — schedule irrigation within 24hrs,2026-05-20
KAGGLE-00616-T,Kaggle- mungbean   -616,TEMPERATURE,29.8,C,NORMAL,OPTIMAL — ideal temperature,2026-05-20
KAGGLE-00617-P,Kaggle- mungbean   -617,PH,6.85,pH,WARNING,ALKALINE — nutrient availability reduced,2026-05-20
KAGGLE-00617-T,Kaggle- mungbean   -617,TEMPERATURE,27.9,C,NORMAL,OPTIMAL — ideal temperature,2026-05-20
KAGGLE-00618-M,Kaggle- mungbean   -618,MOISTURE,0.223,VWC,WARNING,DRY — schedule irrigation within 24hrs,2026-05-20
KAGGLE-00618-T,Kaggle- mungbean   -618,TEMPERATURE,27.1,C,NORMAL,OPTIMAL — ideal temperature,2026-05-20
KAGGLE-00618-P,Kaggle- mungbean   -618,PH,7.12,pH,WARNING,ALKALINE — nutrient availability reduced,2026-05-20
KAGGLE-00619-T,Kaggle- mungbean   -619,TEMPERATURE,27.1,C,NORMAL,OPTIMAL — ideal temperature,2026-05-20
KAGGLE-00619-M,Kaggle- mungbean   -619,MOISTURE,0.218,VWC,WARNING,DRY — schedule irrigation within 24hrs,2026-05-20
KAGGLE-00620-M,Kaggle- mungbean   -620,MOISTURE,0.269,VWC,WARNING,DRY — schedule irrigation within 24hrs,2026-05-20
KAGGLE-00619-P,Kaggle- mungbean   -619,PH,6.88,pH,WARNING,ALKALINE — nutrient availability reduced,2026-05-20
KAGGLE-00620-T,Kaggle- mungbean   -620,TEMPERATURE,29.0,C,NORMAL,OPTIMAL — ideal temperature,2026-05-20
KAGGLE-00621-M,Kaggle- mungbean   -621,MOISTURE,0.292,VWC,WARNING,DRY — schedule irrigation within 24hrs,2026-05-20
KAGGLE-00620-P,Kaggle- mungbean   -620,PH,6.42,pH,NORMAL,OPTIMAL — ideal for crops,2026-05-20
KAGGLE-00622-M,Kaggle- mungbean   -622,MOISTURE,0.253,VWC,WARNING,DRY — schedule irrigation within 24hrs,2026-05-20
KAGGLE-00621-P,Kaggle- mungbean   -621,PH,6.54,pH,NORMAL,OPTIMAL — ideal for crops,2026-05-20
KAGGLE-00621-T,Kaggle- mungbean   -621,TEMPERATURE,29.2,C,NORMAL,OPTIMAL — ideal temperature,2026-05-20
KAGGLE-00622-P,Kaggle- mungbean   -622,PH,6.45,pH,NORMAL,OPTIMAL — ideal for crops,2026-05-20
KAGGLE-00622-T,Kaggle- mungbean   -622,TEMPERATURE,28.7,C,NORMAL,OPTIMAL — ideal temperature,2026-05-20
KAGGLE-00623-M,Kaggle- mungbean   -623,MOISTURE,0.139,VWC,ALERT,CRITICAL DRY — irrigate immediately,2026-05-20
KAGGLE-00623-T,Kaggle- mungbean   -623,TEMPERATURE,29.7,C,NORMAL,OPTIMAL — ideal temperature,2026-05-20
KAGGLE-00623-P,Kaggle- mungbean   -623,PH,6.49,pH,NORMAL,OPTIMAL — ideal for crops,2026-05-20
KAGGLE-00624-T,Kaggle- mungbean   -624,TEMPERATURE,27.2,C,NORMAL,OPTIMAL — ideal temperature,2026-05-20
KAGGLE-00624-M,Kaggle- mungbean   -624,MOISTURE,0.244,VWC,WARNING,DRY — schedule irrigation within 24hrs,2026-05-20
KAGGLE-00624-P,Kaggle- mungbean   -624,PH,6.71,pH,NORMAL,OPTIMAL — ideal for crops,2026-05-20
KAGGLE-00625-M,Kaggle- mungbean   -625,MOISTURE,0.231,VWC,WARNING,DRY — schedule irrigation within 24hrs,2026-05-20
KAGGLE-00625-T,Kaggle- mungbean   -625,TEMPERATURE,29.0,C,NORMAL,OPTIMAL — ideal temperature,2026-05-20
KAGGLE-00626-P,Kaggle- mungbean   -626,PH,6.29,pH,NORMAL,OPTIMAL — ideal for crops,2026-05-20
KAGGLE-00626-T,Kaggle- mungbean   -626,TEMPERATURE,28.2,C,NORMAL,OPTIMAL — ideal temperature,2026-05-20
KAGGLE-00626-M,Kaggle- mungbean   -626,MOISTURE,0.108,VWC,ALERT,CRITICAL DRY — irrigate immediately,2026-05-20
KAGGLE-00625-P,Kaggle- mungbean   -625,PH,6.51,pH,NORMAL,OPTIMAL — ideal for crops,2026-05-20
KAGGLE-00628-M,Kaggle- mungbean   -628,MOISTURE,0.242,VWC,WARNING,DRY — schedule irrigation within 24hrs,2026-05-20
KAGGLE-00627-M,Kaggle- mungbean   -627,MOISTURE,0.124,VWC,ALERT,CRITICAL DRY — irrigate immediately,2026-05-20
KAGGLE-00627-P,Kaggle- mungbean   -627,PH,6.86,pH,WARNING,ALKALINE — nutrient availability reduced,2026-05-20
KAGGLE-00627-T,Kaggle- mungbean   -627,TEMPERATURE,28.3,C,NORMAL,OPTIMAL — ideal temperature,2026-05-20
KAGGLE-00629-P,Kaggle- mungbean   -629,PH,6.77,pH,NORMAL,OPTIMAL — ideal for crops,2026-05-20
KAGGLE-00628-P,Kaggle- mungbean   -628,PH,6.78,pH,NORMAL,OPTIMAL — ideal for crops,2026-05-20
KAGGLE-00628-T,Kaggle- mungbean   -628,TEMPERATURE,27.9,C,NORMAL,OPTIMAL — ideal temperature,2026-05-20
KAGGLE-00629-T,Kaggle- mungbean   -629,TEMPERATURE,28.7,C,NORMAL,OPTIMAL — ideal temperature,2026-05-20
KAGGLE-00629-M,Kaggle- mungbean   -629,MOISTURE,0.139,VWC,ALERT,CRITICAL DRY — irrigate immediately,2026-05-20
KAGGLE-00631-P,Kaggle- mungbean   -631,PH,6.71,pH,NORMAL,OPTIMAL — ideal for crops,2026-05-20
KAGGLE-00630-P,Kaggle- mungbean   -630,PH,6.32,pH,NORMAL,OPTIMAL — ideal for crops,2026-05-20
KAGGLE-00630-T,Kaggle- mungbean   -630,TEMPERATURE,27.8,C,NORMAL,OPTIMAL — ideal temperature,2026-05-20
KAGGLE-00631-T,Kaggle- mungbean   -631,TEMPERATURE,28.7,C,NORMAL,OPTIMAL — ideal temperature,2026-05-20
KAGGLE-00631-M,Kaggle- mungbean   -631,MOISTURE,0.108,VWC,ALERT,CRITICAL DRY — irrigate immediately,2026-05-20
KAGGLE-00630-M,Kaggle- mungbean   -630,MOISTURE,0.237,VWC,WARNING,DRY — schedule irrigation within 24hrs,2026-05-20
KAGGLE-00632-M,Kaggle- mungbean   -632,MOISTURE,0.239,VWC,WARNING,DRY — schedule irrigation within 24hrs,2026-05-20
KAGGLE-00632-T,Kaggle- mungbean   -632,TEMPERATURE,28.6,C,NORMAL,OPTIMAL — ideal temperature,2026-05-20
KAGGLE-00632-P,Kaggle- mungbean   -632,PH,6.79,pH,NORMAL,OPTIMAL — ideal for crops,2026-05-20
KAGGLE-00633-M,Kaggle- mungbean   -633,MOISTURE,0.257,VWC,WARNING,DRY — schedule irrigation within 24hrs,2026-05-20
KAGGLE-00633-P,Kaggle- mungbean   -633,PH,7.13,pH,WARNING,ALKALINE — nutrient availability reduced,2026-05-20
KAGGLE-00633-T,Kaggle- mungbean   -633,TEMPERATURE,28.3,C,NORMAL,OPTIMAL — ideal temperature,2026-05-20
KAGGLE-00634-P,Kaggle- mungbean   -634,PH,7.01,pH,WARNING,ALKALINE — nutrient availability reduced,2026-05-20
KAGGLE-00634-T,Kaggle- mungbean   -634,TEMPERATURE,27.6,C,NORMAL,OPTIMAL — ideal temperature,2026-05-20
KAGGLE-00634-M,Kaggle- mungbean   -634,MOISTURE,0.165,VWC,ALERT,CRITICAL DRY — irrigate immediately,2026-05-20
KAGGLE-00635-T,Kaggle- mungbean   -635,TEMPERATURE,28.6,C,NORMAL,OPTIMAL — ideal temperature,2026-05-20
KAGGLE-00635-M,Kaggle- mungbean   -635,MOISTURE,0.236,VWC,WARNING,DRY — schedule irrigation within 24hrs,2026-05-20
KAGGLE-00636-M,Kaggle- mungbean   -636,MOISTURE,0.196,VWC,ALERT,CRITICAL DRY — irrigate immediately,2026-05-20
KAGGLE-00635-P,Kaggle- mungbean   -635,PH,7.16,pH,WARNING,ALKALINE — nutrient availability reduced,2026-05-20
KAGGLE-00636-T,Kaggle- mungbean   -636,TEMPERATURE,29.2,C,NORMAL,OPTIMAL — ideal temperature,2026-05-20
KAGGLE-00636-P,Kaggle- mungbean   -636,PH,6.99,pH,WARNING,ALKALINE — nutrient availability reduced,2026-05-20
KAGGLE-00637-M,Kaggle- mungbean   -637,MOISTURE,0.279,VWC,WARNING,DRY — schedule irrigation within 24hrs,2026-05-20
KAGGLE-00637-T,Kaggle- mungbean   -637,TEMPERATURE,28.6,C,NORMAL,OPTIMAL — ideal temperature,2026-05-20
KAGGLE-00637-P,Kaggle- mungbean   -637,PH,6.22,pH,NORMAL,OPTIMAL — ideal for crops,2026-05-20
KAGGLE-00638-M,Kaggle- mungbean   -638,MOISTURE,0.248,VWC,WARNING,DRY — schedule irrigation within 24hrs,2026-05-20
KAGGLE-00638-T,Kaggle- mungbean   -638,TEMPERATURE,29.6,C,NORMAL,OPTIMAL — ideal temperature,2026-05-20
KAGGLE-00638-P,Kaggle- mungbean   -638,PH,7.2,pH,WARNING,ALKALINE — nutrient availability reduced,2026-05-20
KAGGLE-00639-M,Kaggle- mungbean   -639,MOISTURE,0.216,VWC,WARNING,DRY — schedule irrigation within 24hrs,2026-05-20
KAGGLE-00639-T,Kaggle- mungbean   -639,TEMPERATURE,27.8,C,NORMAL,OPTIMAL — ideal temperature,2026-05-20
KAGGLE-00640-M,Kaggle- mungbean   -640,MOISTURE,0.226,VWC,WARNING,DRY — schedule irrigation within 24hrs,2026-05-20
KAGGLE-00639-P,Kaggle- mungbean   -639,PH,6.39,pH,NORMAL,OPTIMAL — ideal for crops,2026-05-20
KAGGLE-00641-M,Kaggle- mungbean   -641,MOISTURE,0.17,VWC,ALERT,CRITICAL DRY — irrigate immediately,2026-05-20
KAGGLE-00640-T,Kaggle- mungbean   -640,TEMPERATURE,29.9,C,NORMAL,OPTIMAL — ideal temperature,2026-05-20
KAGGLE-00640-P,Kaggle- mungbean   -640,PH,6.62,pH,NORMAL,OPTIMAL — ideal for crops,2026-05-20
KAGGLE-00641-P,Kaggle- mungbean   -641,PH,7.03,pH,WARNING,ALKALINE — nutrient availability reduced,2026-05-20
KAGGLE-00641-T,Kaggle- mungbean   -641,TEMPERATURE,27.3,C,NORMAL,OPTIMAL — ideal temperature,2026-05-20
KAGGLE-00643-M,Kaggle- mungbean   -643,MOISTURE,0.155,VWC,ALERT,CRITICAL DRY — irrigate immediately,2026-05-20
KAGGLE-00642-P,Kaggle- mungbean   -642,PH,6.32,pH,NORMAL,OPTIMAL — ideal for crops,2026-05-20
KAGGLE-00642-T,Kaggle- mungbean   -642,TEMPERATURE,29.8,C,NORMAL,OPTIMAL — ideal temperature,2026-05-20
KAGGLE-00642-M,Kaggle- mungbean   -642,MOISTURE,0.183,VWC,ALERT,CRITICAL DRY — irrigate immediately,2026-05-20
KAGGLE-00643-P,Kaggle- mungbean   -643,PH,6.4,pH,NORMAL,OPTIMAL — ideal for crops,2026-05-20
KAGGLE-00643-T,Kaggle- mungbean   -643,TEMPERATURE,28.3,C,NORMAL,OPTIMAL — ideal temperature,2026-05-20
KAGGLE-00644-M,Kaggle- mungbean   -644,MOISTURE,0.285,VWC,WARNING,DRY — schedule irrigation within 24hrs,2026-05-20
KAGGLE-00644-T,Kaggle- mungbean   -644,TEMPERATURE,29.9,C,NORMAL,OPTIMAL — ideal temperature,2026-05-20
KAGGLE-00644-P,Kaggle- mungbean   -644,PH,6.4,pH,NORMAL,OPTIMAL — ideal for crops,2026-05-20
KAGGLE-00645-P,Kaggle- mungbean   -645,PH,6.9,pH,WARNING,ALKALINE — nutrient availability reduced,2026-05-20
KAGGLE-00645-T,Kaggle- mungbean   -645,TEMPERATURE,29.6,C,NORMAL,OPTIMAL — ideal temperature,2026-05-20
KAGGLE-00645-M,Kaggle- mungbean   -645,MOISTURE,0.27,VWC,WARNING,DRY — schedule irrigation within 24hrs,2026-05-20
KAGGLE-00646-M,Kaggle- mungbean   -646,MOISTURE,0.233,VWC,WARNING,DRY — schedule irrigation within 24hrs,2026-05-20
KAGGLE-00646-T,Kaggle- mungbean   -646,TEMPERATURE,28.1,C,NORMAL,OPTIMAL — ideal temperature,2026-05-20
KAGGLE-00647-T,Kaggle- mungbean   -647,TEMPERATURE,27.8,C,NORMAL,OPTIMAL — ideal temperature,2026-05-20
KAGGLE-00647-P,Kaggle- mungbean   -647,PH,7.06,pH,WARNING,ALKALINE — nutrient availability reduced,2026-05-20
KAGGLE-00647-M,Kaggle- mungbean   -647,MOISTURE,0.278,VWC,WARNING,DRY — schedule irrigation within 24hrs,2026-05-20
KAGGLE-00646-P,Kaggle- mungbean   -646,PH,6.48,pH,NORMAL,OPTIMAL — ideal for crops,2026-05-20
KAGGLE-00648-T,Kaggle- mungbean   -648,TEMPERATURE,27.1,C,NORMAL,OPTIMAL — ideal temperature,2026-05-20
KAGGLE-00648-M,Kaggle- mungbean   -648,MOISTURE,0.109,VWC,ALERT,CRITICAL DRY — irrigate immediately,2026-05-20
KAGGLE-00649-T,Kaggle- mungbean   -649,TEMPERATURE,27.7,C,NORMAL,OPTIMAL — ideal temperature,2026-05-20
KAGGLE-00649-M,Kaggle- mungbean   -649,MOISTURE,0.233,VWC,WARNING,DRY — schedule irrigation within 24hrs,2026-05-20
KAGGLE-00648-P,Kaggle- mungbean   -648,PH,6.98,pH,WARNING,ALKALINE — nutrient availability reduced,2026-05-20
KAGGLE-00650-M,Kaggle- mungbean   -650,MOISTURE,0.203,VWC,WARNING,DRY — schedule irrigation within 24hrs,2026-05-20
KAGGLE-00649-P,Kaggle- mungbean   -649,PH,6.23,pH,NORMAL,OPTIMAL — ideal for crops,2026-05-20
KAGGLE-00650-P,Kaggle- mungbean   -650,PH,6.23,pH,NORMAL,OPTIMAL — ideal for crops,2026-05-20
KAGGLE-00650-T,Kaggle- mungbean   -650,TEMPERATURE,29.3,C,NORMAL,OPTIMAL — ideal temperature,2026-05-20
KAGGLE-00652-M,Kaggle- mungbean   -652,MOISTURE,0.219,VWC,WARNING,DRY — schedule irrigation within 24hrs,2026-05-20
KAGGLE-00651-P,Kaggle- mungbean   -651,PH,7.14,pH,WARNING,ALKALINE — nutrient availability reduced,2026-05-20
KAGGLE-00651-T,Kaggle- mungbean   -651,TEMPERATURE,28.4,C,NORMAL,OPTIMAL — ideal temperature,2026-05-20
KAGGLE-00651-M,Kaggle- mungbean   -651,MOISTURE,0.227,VWC,WARNING,DRY — schedule irrigation within 24hrs,2026-05-20
KAGGLE-00653-P,Kaggle- mungbean   -653,PH,6.57,pH,NORMAL,OPTIMAL — ideal for crops,2026-05-20
KAGGLE-00653-T,Kaggle- mungbean   -653,TEMPERATURE,27.3,C,NORMAL,OPTIMAL — ideal temperature,2026-05-20
KAGGLE-00653-M,Kaggle- mungbean   -653,MOISTURE,0.232,VWC,WARNING,DRY — schedule irrigation within 24hrs,2026-05-20
KAGGLE-00652-P,Kaggle- mungbean   -652,PH,6.46,pH,NORMAL,OPTIMAL — ideal for crops,2026-05-20
KAGGLE-00652-T,Kaggle- mungbean   -652,TEMPERATURE,27.7,C,NORMAL,OPTIMAL — ideal temperature,2026-05-20
KAGGLE-00654-P,Kaggle- mungbean   -654,PH,7.13,pH,WARNING,ALKALINE — nutrient availability reduced,2026-05-20
KAGGLE-00654-T,Kaggle- mungbean   -654,TEMPERATURE,27.1,C,NORMAL,OPTIMAL — ideal temperature,2026-05-20
KAGGLE-00654-M,Kaggle- mungbean   -654,MOISTURE,0.191,VWC,ALERT,CRITICAL DRY — irrigate immediately,2026-05-20
KAGGLE-00655-P,Kaggle- mungbean   -655,PH,6.43,pH,NORMAL,OPTIMAL — ideal for crops,2026-05-20
KAGGLE-00655-T,Kaggle- mungbean   -655,TEMPERATURE,28.1,C,NORMAL,OPTIMAL — ideal temperature,2026-05-20
KAGGLE-00655-M,Kaggle- mungbean   -655,MOISTURE,0.205,VWC,WARNING,DRY — schedule irrigation within 24hrs,2026-05-20
KAGGLE-00656-T,Kaggle- mungbean   -656,TEMPERATURE,27.7,C,NORMAL,OPTIMAL — ideal temperature,2026-05-20
KAGGLE-00656-M,Kaggle- mungbean   -656,MOISTURE,0.222,VWC,WARNING,DRY — schedule irrigation within 24hrs,2026-05-20
KAGGLE-00657-M,Kaggle- mungbean   -657,MOISTURE,0.226,VWC,WARNING,DRY — schedule irrigation within 24hrs,2026-05-20
KAGGLE-00656-P,Kaggle- mungbean   -656,PH,6.25,pH,NORMAL,OPTIMAL — ideal for crops,2026-05-20
KAGGLE-00658-P,Kaggle- mungbean   -658,PH,6.38,pH,NORMAL,OPTIMAL — ideal for crops,2026-05-20
KAGGLE-00658-T,Kaggle- mungbean   -658,TEMPERATURE,29.7,C,NORMAL,OPTIMAL — ideal temperature,2026-05-20
KAGGLE-00658-M,Kaggle- mungbean   -658,MOISTURE,0.249,VWC,WARNING,DRY — schedule irrigation within 24hrs,2026-05-20
KAGGLE-00657-P,Kaggle- mungbean   -657,PH,6.62,pH,NORMAL,OPTIMAL — ideal for crops,2026-05-20
KAGGLE-00657-T,Kaggle- mungbean   -657,TEMPERATURE,27.5,C,NORMAL,OPTIMAL — ideal temperature,2026-05-20
KAGGLE-00660-M,Kaggle- mungbean   -660,MOISTURE,0.104,VWC,ALERT,CRITICAL DRY — irrigate immediately,2026-05-20
KAGGLE-00659-P,Kaggle- mungbean   -659,PH,6.42,pH,NORMAL,OPTIMAL — ideal for crops,2026-05-20
KAGGLE-00659-T,Kaggle- mungbean   -659,TEMPERATURE,29.9,C,NORMAL,OPTIMAL — ideal temperature,2026-05-20
KAGGLE-00659-M,Kaggle- mungbean   -659,MOISTURE,0.192,VWC,ALERT,CRITICAL DRY — irrigate immediately,2026-05-20
KAGGLE-00661-M,Kaggle- mungbean   -661,MOISTURE,0.135,VWC,ALERT,CRITICAL DRY — irrigate immediately,2026-05-20
KAGGLE-00660-P,Kaggle- mungbean   -660,PH,6.32,pH,NORMAL,OPTIMAL — ideal for crops,2026-05-20
KAGGLE-00660-T,Kaggle- mungbean   -660,TEMPERATURE,28.4,C,NORMAL,OPTIMAL — ideal temperature,2026-05-20
KAGGLE-00661-P,Kaggle- mungbean   -661,PH,6.98,pH,WARNING,ALKALINE — nutrient availability reduced,2026-05-20
KAGGLE-00661-T,Kaggle- mungbean   -661,TEMPERATURE,29.5,C,NORMAL,OPTIMAL — ideal temperature,2026-05-20
KAGGLE-00662-M,Kaggle- mungbean   -662,MOISTURE,0.147,VWC,ALERT,CRITICAL DRY — irrigate immediately,2026-05-20
KAGGLE-00662-T,Kaggle- mungbean   -662,TEMPERATURE,29.7,C,NORMAL,OPTIMAL — ideal temperature,2026-05-20
KAGGLE-00663-M,Kaggle- mungbean   -663,MOISTURE,0.269,VWC,WARNING,DRY — schedule irrigation within 24hrs,2026-05-20
KAGGLE-00662-P,Kaggle- mungbean   -662,PH,6.44,pH,NORMAL,OPTIMAL — ideal for crops,2026-05-20
KAGGLE-00663-P,Kaggle- mungbean   -663,PH,7.18,pH,WARNING,ALKALINE — nutrient availability reduced,2026-05-20
KAGGLE-00663-T,Kaggle- mungbean   -663,TEMPERATURE,27.5,C,NORMAL,OPTIMAL — ideal temperature,2026-05-20
KAGGLE-00664-T,Kaggle- mungbean   -664,TEMPERATURE,27.8,C,NORMAL,OPTIMAL — ideal temperature,2026-05-20
KAGGLE-00664-M,Kaggle- mungbean   -664,MOISTURE,0.255,VWC,WARNING,DRY — schedule irrigation within 24hrs,2026-05-20
KAGGLE-00665-M,Kaggle- mungbean   -665,MOISTURE,0.247,VWC,WARNING,DRY — schedule irrigation within 24hrs,2026-05-20
KAGGLE-00664-P,Kaggle- mungbean   -664,PH,6.4,pH,NORMAL,OPTIMAL — ideal for crops,2026-05-20
KAGGLE-00665-P,Kaggle- mungbean   -665,PH,7.09,pH,WARNING,ALKALINE — nutrient availability reduced,2026-05-20
KAGGLE-00665-T,Kaggle- mungbean   -665,TEMPERATURE,29.1,C,NORMAL,OPTIMAL — ideal temperature,2026-05-20
KAGGLE-00666-T,Kaggle- mungbean   -666,TEMPERATURE,27.1,C,NORMAL,OPTIMAL — ideal temperature,2026-05-20
KAGGLE-00666-M,Kaggle- mungbean   -666,MOISTURE,0.225,VWC,WARNING,DRY — schedule irrigation within 24hrs,2026-05-20
KAGGLE-00666-P,Kaggle- mungbean   -666,PH,6.7,pH,NORMAL,OPTIMAL — ideal for crops,2026-05-20
KAGGLE-00667-P,Kaggle- mungbean   -667,PH,6.59,pH,NORMAL,OPTIMAL — ideal for crops,2026-05-20
KAGGLE-00667-T,Kaggle- mungbean   -667,TEMPERATURE,28.9,C,NORMAL,OPTIMAL — ideal temperature,2026-05-20
KAGGLE-00667-M,Kaggle- mungbean   -667,MOISTURE,0.114,VWC,ALERT,CRITICAL DRY — irrigate immediately,2026-05-20
KAGGLE-00668-M,Kaggle- mungbean   -668,MOISTURE,0.221,VWC,WARNING,DRY — schedule irrigation within 24hrs,2026-05-20
KAGGLE-00668-T,Kaggle- mungbean   -668,TEMPERATURE,28.1,C,NORMAL,OPTIMAL — ideal temperature,2026-05-20
KAGGLE-00668-P,Kaggle- mungbean   -668,PH,6.65,pH,NORMAL,OPTIMAL — ideal for crops,2026-05-20
KAGGLE-00669-M,Kaggle- mungbean   -669,MOISTURE,0.262,VWC,WARNING,DRY — schedule irrigation within 24hrs,2026-05-20
KAGGLE-00670-M,Kaggle- mungbean   -670,MOISTURE,0.189,VWC,ALERT,CRITICAL DRY — irrigate immediately,2026-05-20
KAGGLE-00669-P,Kaggle- mungbean   -669,PH,7.12,pH,WARNING,ALKALINE — nutrient availability reduced,2026-05-20
KAGGLE-00669-T,Kaggle- mungbean   -669,TEMPERATURE,29.9,C,NORMAL,OPTIMAL — ideal temperature,2026-05-20
KAGGLE-00670-T,Kaggle- mungbean   -670,TEMPERATURE,27.4,C,NORMAL,OPTIMAL — ideal temperature,2026-05-20
KAGGLE-00670-P,Kaggle- mungbean   -670,PH,6.91,pH,WARNING,ALKALINE — nutrient availability reduced,2026-05-20
KAGGLE-00671-P,Kaggle- mungbean   -671,PH,7.07,pH,WARNING,ALKALINE — nutrient availability reduced,2026-05-20
KAGGLE-00671-T,Kaggle- mungbean   -671,TEMPERATURE,29.3,C,NORMAL,OPTIMAL — ideal temperature,2026-05-20
KAGGLE-00671-M,Kaggle- mungbean   -671,MOISTURE,0.287,VWC,WARNING,DRY — schedule irrigation within 24hrs,2026-05-20
KAGGLE-00673-T,Kaggle- mungbean   -673,TEMPERATURE,28.4,C,NORMAL,OPTIMAL — ideal temperature,2026-05-20
KAGGLE-00673-M,Kaggle- mungbean   -673,MOISTURE,0.249,VWC,WARNING,DRY — schedule irrigation within 24hrs,2026-05-20
KAGGLE-00672-P,Kaggle- mungbean   -672,PH,6.53,pH,NORMAL,OPTIMAL — ideal for crops,2026-05-20
KAGGLE-00672-T,Kaggle- mungbean   -672,TEMPERATURE,29.7,C,NORMAL,OPTIMAL — ideal temperature,2026-05-20
KAGGLE-00672-M,Kaggle- mungbean   -672,MOISTURE,0.171,VWC,ALERT,CRITICAL DRY — irrigate immediately,2026-05-20
KAGGLE-00675-M,Kaggle- mungbean   -675,MOISTURE,0.236,VWC,WARNING,DRY — schedule irrigation within 24hrs,2026-05-20
KAGGLE-00675-T,Kaggle- mungbean   -675,TEMPERATURE,29.3,C,NORMAL,OPTIMAL — ideal temperature,2026-05-20
KAGGLE-00674-P,Kaggle- mungbean   -674,PH,6.58,pH,NORMAL,OPTIMAL — ideal for crops,2026-05-20
KAGGLE-00674-T,Kaggle- mungbean   -674,TEMPERATURE,28.0,C,NORMAL,OPTIMAL — ideal temperature,2026-05-20
KAGGLE-00673-P,Kaggle- mungbean   -673,PH,6.68,pH,NORMAL,OPTIMAL — ideal for crops,2026-05-20
KAGGLE-00674-M,Kaggle- mungbean   -674,MOISTURE,0.244,VWC,WARNING,DRY — schedule irrigation within 24hrs,2026-05-20
KAGGLE-00677-M,Kaggle- mungbean   -677,MOISTURE,0.24,VWC,WARNING,DRY — schedule irrigation within 24hrs,2026-05-20
KAGGLE-00676-T,Kaggle- mungbean   -676,TEMPERATURE,28.4,C,NORMAL,OPTIMAL — ideal temperature,2026-05-20
KAGGLE-00676-P,Kaggle- mungbean   -676,PH,6.49,pH,NORMAL,OPTIMAL — ideal for crops,2026-05-20
KAGGLE-00676-M,Kaggle- mungbean   -676,MOISTURE,0.274,VWC,WARNING,DRY — schedule irrigation within 24hrs,2026-05-20
KAGGLE-00675-P,Kaggle- mungbean   -675,PH,6.86,pH,WARNING,ALKALINE — nutrient availability reduced,2026-05-20
KAGGLE-00679-T,Kaggle- mungbean   -679,TEMPERATURE,29.2,C,NORMAL,OPTIMAL — ideal temperature,2026-05-20
KAGGLE-00677-P,Kaggle- mungbean   -677,PH,6.61,pH,NORMAL,OPTIMAL — ideal for crops,2026-05-20
KAGGLE-00679-M,Kaggle- mungbean   -679,MOISTURE,0.151,VWC,ALERT,CRITICAL DRY — irrigate immediately,2026-05-20
KAGGLE-00678-P,Kaggle- mungbean   -678,PH,6.86,pH,WARNING,ALKALINE — nutrient availability reduced,2026-05-20
KAGGLE-00678-T,Kaggle- mungbean   -678,TEMPERATURE,28.7,C,NORMAL,OPTIMAL — ideal temperature,2026-05-20
KAGGLE-00678-M,Kaggle- mungbean   -678,MOISTURE,0.297,VWC,WARNING,DRY — schedule irrigation within 24hrs,2026-05-20
KAGGLE-00677-T,Kaggle- mungbean   -677,TEMPERATURE,27.6,C,NORMAL,OPTIMAL — ideal temperature,2026-05-20
KAGGLE-00681-M,Kaggle- mungbean   -681,MOISTURE,0.105,VWC,ALERT,CRITICAL DRY — irrigate immediately,2026-05-20
KAGGLE-00680-P,Kaggle- mungbean   -680,PH,6.37,pH,NORMAL,OPTIMAL — ideal for crops,2026-05-20
KAGGLE-00680-T,Kaggle- mungbean   -680,TEMPERATURE,29.4,C,NORMAL,OPTIMAL — ideal temperature,2026-05-20
KAGGLE-00680-M,Kaggle- mungbean   -680,MOISTURE,0.296,VWC,WARNING,DRY — schedule irrigation within 24hrs,2026-05-20
KAGGLE-00679-P,Kaggle- mungbean   -679,PH,6.42,pH,NORMAL,OPTIMAL — ideal for crops,2026-05-20
KAGGLE-00681-P,Kaggle- mungbean   -681,PH,6.56,pH,NORMAL,OPTIMAL — ideal for crops,2026-05-20
KAGGLE-00681-T,Kaggle- mungbean   -681,TEMPERATURE,28.0,C,NORMAL,OPTIMAL — ideal temperature,2026-05-20
KAGGLE-00682-M,Kaggle- mungbean   -682,MOISTURE,0.294,VWC,WARNING,DRY — schedule irrigation within 24hrs,2026-05-20
KAGGLE-00682-T,Kaggle- mungbean   -682,TEMPERATURE,28.1,C,NORMAL,OPTIMAL — ideal temperature,2026-05-20
KAGGLE-00683-T,Kaggle- mungbean   -683,TEMPERATURE,29.2,C,NORMAL,OPTIMAL — ideal temperature,2026-05-20
KAGGLE-00683-M,Kaggle- mungbean   -683,MOISTURE,0.276,VWC,WARNING,DRY — schedule irrigation within 24hrs,2026-05-20
KAGGLE-00682-P,Kaggle- mungbean   -682,PH,6.76,pH,NORMAL,OPTIMAL — ideal for crops,2026-05-20
KAGGLE-00684-P,Kaggle- mungbean   -684,PH,6.67,pH,NORMAL,OPTIMAL — ideal for crops,2026-05-20
KAGGLE-00684-M,Kaggle- mungbean   -684,MOISTURE,0.291,VWC,WARNING,DRY — schedule irrigation within 24hrs,2026-05-20
KAGGLE-00683-P,Kaggle- mungbean   -683,PH,6.72,pH,NORMAL,OPTIMAL — ideal for crops,2026-05-20
KAGGLE-00684-T,Kaggle- mungbean   -684,TEMPERATURE,29.9,C,NORMAL,OPTIMAL — ideal temperature,2026-05-20
KAGGLE-00685-P,Kaggle- mungbean   -685,PH,6.63,pH,NORMAL,OPTIMAL — ideal for crops,2026-05-20
KAGGLE-00686-M,Kaggle- mungbean   -686,MOISTURE,0.234,VWC,WARNING,DRY — schedule irrigation within 24hrs,2026-05-20
KAGGLE-00685-T,Kaggle- mungbean   -685,TEMPERATURE,29.1,C,NORMAL,OPTIMAL — ideal temperature,2026-05-20
KAGGLE-00685-M,Kaggle- mungbean   -685,MOISTURE,0.142,VWC,ALERT,CRITICAL DRY — irrigate immediately,2026-05-20
KAGGLE-00687-M,Kaggle- mungbean   -687,MOISTURE,0.117,VWC,ALERT,CRITICAL DRY — irrigate immediately,2026-05-20
KAGGLE-00686-P,Kaggle- mungbean   -686,PH,6.7,pH,NORMAL,OPTIMAL — ideal for crops,2026-05-20
KAGGLE-00686-T,Kaggle- mungbean   -686,TEMPERATURE,27.4,C,NORMAL,OPTIMAL — ideal temperature,2026-05-20
KAGGLE-00688-T,Kaggle- mungbean   -688,TEMPERATURE,29.3,C,NORMAL,OPTIMAL — ideal temperature,2026-05-20
KAGGLE-00688-M,Kaggle- mungbean   -688,MOISTURE,0.23,VWC,WARNING,DRY — schedule irrigation within 24hrs,2026-05-20
KAGGLE-00687-P,Kaggle- mungbean   -687,PH,7.01,pH,WARNING,ALKALINE — nutrient availability reduced,2026-05-20
KAGGLE-00687-T,Kaggle- mungbean   -687,TEMPERATURE,27.9,C,NORMAL,OPTIMAL — ideal temperature,2026-05-20
KAGGLE-00689-P,Kaggle- mungbean   -689,PH,6.82,pH,WARNING,ALKALINE — nutrient availability reduced,2026-05-20
KAGGLE-00689-M,Kaggle- mungbean   -689,MOISTURE,0.29,VWC,WARNING,DRY — schedule irrigation within 24hrs,2026-05-20
KAGGLE-00689-T,Kaggle- mungbean   -689,TEMPERATURE,29.0,C,NORMAL,OPTIMAL — ideal temperature,2026-05-20
KAGGLE-00688-P,Kaggle- mungbean   -688,PH,6.89,pH,WARNING,ALKALINE — nutrient availability reduced,2026-05-20
KAGGLE-00690-P,Kaggle- mungbean   -690,PH,7.18,pH,WARNING,ALKALINE — nutrient availability reduced,2026-05-20
KAGGLE-00690-T,Kaggle- mungbean   -690,TEMPERATURE,27.9,C,NORMAL,OPTIMAL — ideal temperature,2026-05-20
KAGGLE-00690-M,Kaggle- mungbean   -690,MOISTURE,0.153,VWC,ALERT,CRITICAL DRY — irrigate immediately,2026-05-20
KAGGLE-00692-T,Kaggle- mungbean   -692,TEMPERATURE,29.4,C,NORMAL,OPTIMAL — ideal temperature,2026-05-20
KAGGLE-00692-M,Kaggle- mungbean   -692,MOISTURE,0.177,VWC,ALERT,CRITICAL DRY — irrigate immediately,2026-05-20
KAGGLE-00691-P,Kaggle- mungbean   -691,PH,6.27,pH,NORMAL,OPTIMAL — ideal for crops,2026-05-20
KAGGLE-00691-T,Kaggle- mungbean   -691,TEMPERATURE,28.5,C,NORMAL,OPTIMAL — ideal temperature,2026-05-20
KAGGLE-00691-M,Kaggle- mungbean   -691,MOISTURE,0.203,VWC,WARNING,DRY — schedule irrigation within 24hrs,2026-05-20
KAGGLE-00694-T,Kaggle- mungbean   -694,TEMPERATURE,28.4,C,NORMAL,OPTIMAL — ideal temperature,2026-05-20
KAGGLE-00694-M,Kaggle- mungbean   -694,MOISTURE,0.143,VWC,ALERT,CRITICAL DRY — irrigate immediately,2026-05-20
KAGGLE-00693-P,Kaggle- mungbean   -693,PH,6.69,pH,NORMAL,OPTIMAL — ideal for crops,2026-05-20
KAGGLE-00693-T,Kaggle- mungbean   -693,TEMPERATURE,28.6,C,NORMAL,OPTIMAL — ideal temperature,2026-05-20
KAGGLE-00693-M,Kaggle- mungbean   -693,MOISTURE,0.257,VWC,WARNING,DRY — schedule irrigation within 24hrs,2026-05-20
KAGGLE-00692-P,Kaggle- mungbean   -692,PH,6.68,pH,NORMAL,OPTIMAL — ideal for crops,2026-05-20
KAGGLE-00695-P,Kaggle- mungbean   -695,PH,6.73,pH,NORMAL,OPTIMAL — ideal for crops,2026-05-20
KAGGLE-00695-T,Kaggle- mungbean   -695,TEMPERATURE,28.8,C,NORMAL,OPTIMAL — ideal temperature,2026-05-20
KAGGLE-00695-M,Kaggle- mungbean   -695,MOISTURE,0.119,VWC,ALERT,CRITICAL DRY — irrigate immediately,2026-05-20
KAGGLE-00694-P,Kaggle- mungbean   -694,PH,6.58,pH,NORMAL,OPTIMAL — ideal for crops,2026-05-20
KAGGLE-00696-P,Kaggle- mungbean   -696,PH,7.07,pH,WARNING,ALKALINE — nutrient availability reduced,2026-05-20
KAGGLE-00696-T,Kaggle- mungbean   -696,TEMPERATURE,28.7,C,NORMAL,OPTIMAL — ideal temperature,2026-05-20
KAGGLE-00696-M,Kaggle- mungbean   -696,MOISTURE,0.178,VWC,ALERT,CRITICAL DRY — irrigate immediately,2026-05-20
KAGGLE-00697-P,Kaggle- mungbean   -697,PH,6.92,pH,WARNING,ALKALINE — nutrient availability reduced,2026-05-20
KAGGLE-00697-T,Kaggle- mungbean   -697,TEMPERATURE,28.0,C,NORMAL,OPTIMAL — ideal temperature,2026-05-20
KAGGLE-00697-M,Kaggle- mungbean   -697,MOISTURE,0.287,VWC,WARNING,DRY — schedule irrigation within 24hrs,2026-05-20
KAGGLE-00699-M,Kaggle- mungbean   -699,MOISTURE,0.27,VWC,WARNING,DRY — schedule irrigation within 24hrs,2026-05-20
KAGGLE-00698-P,Kaggle- mungbean   -698,PH,6.77,pH,NORMAL,OPTIMAL — ideal for crops,2026-05-20
KAGGLE-00698-T,Kaggle- mungbean   -698,TEMPERATURE,28.2,C,NORMAL,OPTIMAL — ideal temperature,2026-05-20
KAGGLE-00698-M,Kaggle- mungbean   -698,MOISTURE,0.124,VWC,ALERT,CRITICAL DRY — irrigate immediately,2026-05-20
KAGGLE-00699-T,Kaggle- mungbean   -699,TEMPERATURE,28.8,C,NORMAL,OPTIMAL — ideal temperature,2026-05-20
KAGGLE-00699-P,Kaggle- mungbean   -699,PH,6.98,pH,WARNING,ALKALINE — nutrient availability reduced,2026-05-20
KAGGLE-00700-T,Kaggle- mungbean   -700,TEMPERATURE,28.4,C,NORMAL,OPTIMAL — ideal temperature,2026-05-20
KAGGLE-00700-M,Kaggle- mungbean   -700,MOISTURE,0.186,VWC,ALERT,CRITICAL DRY — irrigate immediately,2026-05-20
KAGGLE-00700-P,Kaggle- mungbean   -700,PH,6.27,pH,NORMAL,OPTIMAL — ideal for crops,2026-05-20
KAGGLE-00701-M,Kaggle- blackgram  -701,MOISTURE,0.189,VWC,ALERT,CRITICAL DRY — irrigate immediately,2026-05-20
KAGGLE-00701-P,Kaggle- blackgram  -701,PH,7.45,pH,WARNING,ALKALINE — nutrient availability reduced,2026-05-20
KAGGLE-00701-T,Kaggle- blackgram  -701,TEMPERATURE,29.5,C,NORMAL,OPTIMAL — ideal temperature,2026-05-20
KAGGLE-00702-M,Kaggle- blackgram  -702,MOISTURE,0.265,VWC,WARNING,DRY — schedule irrigation within 24hrs,2026-05-20
KAGGLE-00702-T,Kaggle- blackgram  -702,TEMPERATURE,26.7,C,NORMAL,OPTIMAL — ideal temperature,2026-05-20
KAGGLE-00702-P,Kaggle- blackgram  -702,PH,7.04,pH,WARNING,ALKALINE — nutrient availability reduced,2026-05-20
KAGGLE-00703-M,Kaggle- blackgram  -703,MOISTURE,0.178,VWC,ALERT,CRITICAL DRY — irrigate immediately,2026-05-20
KAGGLE-00703-T,Kaggle- blackgram  -703,TEMPERATURE,26.3,C,NORMAL,OPTIMAL — ideal temperature,2026-05-20
KAGGLE-00703-P,Kaggle- blackgram  -703,PH,7.42,pH,WARNING,ALKALINE — nutrient availability reduced,2026-05-20
KAGGLE-00704-M,Kaggle- blackgram  -704,MOISTURE,0.206,VWC,WARNING,DRY — schedule irrigation within 24hrs,2026-05-20
KAGGLE-00704-P,Kaggle- blackgram  -704,PH,6.5,pH,NORMAL,OPTIMAL — ideal for crops,2026-05-20
KAGGLE-00704-T,Kaggle- blackgram  -704,TEMPERATURE,34.0,C,WARNING,WARM — monitor crop stress,2026-05-20
KAGGLE-00705-M,Kaggle- blackgram  -705,MOISTURE,0.268,VWC,WARNING,DRY — schedule irrigation within 24hrs,2026-05-20
KAGGLE-00705-T,Kaggle- blackgram  -705,TEMPERATURE,28.0,C,NORMAL,OPTIMAL — ideal temperature,2026-05-20
KAGGLE-00705-P,Kaggle- blackgram  -705,PH,6.81,pH,WARNING,ALKALINE — nutrient availability reduced,2026-05-20
KAGGLE-00706-M,Kaggle- blackgram  -706,MOISTURE,0.233,VWC,WARNING,DRY — schedule irrigation within 24hrs,2026-05-20
KAGGLE-00706-T,Kaggle- blackgram  -706,TEMPERATURE,28.8,C,NORMAL,OPTIMAL — ideal temperature,2026-05-20
KAGGLE-00707-M,Kaggle- blackgram  -707,MOISTURE,0.165,VWC,ALERT,CRITICAL DRY — irrigate immediately,2026-05-20
KAGGLE-00706-P,Kaggle- blackgram  -706,PH,7.58,pH,ALERT,HIGHLY ALKALINE — soil amendment required,2026-05-20
KAGGLE-00707-T,Kaggle- blackgram  -707,TEMPERATURE,34.0,C,WARNING,WARM — monitor crop stress,2026-05-20
KAGGLE-00711-M,Kaggle- blackgram  -711,MOISTURE,0.272,VWC,WARNING,DRY — schedule irrigation within 24hrs,2026-05-20
KAGGLE-00707-P,Kaggle- blackgram  -707,PH,7.74,pH,ALERT,HIGHLY ALKALINE — soil amendment required,2026-05-20
KAGGLE-00708-M,Kaggle- blackgram  -708,MOISTURE,0.156,VWC,ALERT,CRITICAL DRY — irrigate immediately,2026-05-20
KAGGLE-00709-M,Kaggle- blackgram  -709,MOISTURE,0.111,VWC,ALERT,CRITICAL DRY — irrigate immediately,2026-05-20
KAGGLE-00708-P,Kaggle- blackgram  -708,PH,6.57,pH,NORMAL,OPTIMAL — ideal for crops,2026-05-20
KAGGLE-00709-T,Kaggle- blackgram  -709,TEMPERATURE,32.8,C,WARNING,WARM — monitor crop stress,2026-05-20
KAGGLE-00710-M,Kaggle- blackgram  -710,MOISTURE,0.154,VWC,ALERT,CRITICAL DRY — irrigate immediately,2026-05-20
KAGGLE-00709-P,Kaggle- blackgram  -709,PH,7.54,pH,ALERT,HIGHLY ALKALINE — soil amendment required,2026-05-20
KAGGLE-00710-T,Kaggle- blackgram  -710,TEMPERATURE,27.1,C,NORMAL,OPTIMAL — ideal temperature,2026-05-20
KAGGLE-00710-P,Kaggle- blackgram  -710,PH,6.54,pH,NORMAL,OPTIMAL — ideal for crops,2026-05-20
KAGGLE-00708-T,Kaggle- blackgram  -708,TEMPERATURE,33.9,C,WARNING,WARM — monitor crop stress,2026-05-20
KAGGLE-00711-P,Kaggle- blackgram  -711,PH,7.22,pH,WARNING,ALKALINE — nutrient availability reduced,2026-05-20
KAGGLE-00711-T,Kaggle- blackgram  -711,TEMPERATURE,25.7,C,NORMAL,OPTIMAL — ideal temperature,2026-05-20
KAGGLE-00712-M,Kaggle- blackgram  -712,MOISTURE,0.246,VWC,WARNING,DRY — schedule irrigation within 24hrs,2026-05-20
KAGGLE-00712-T,Kaggle- blackgram  -712,TEMPERATURE,32.3,C,WARNING,WARM — monitor crop stress,2026-05-20
KAGGLE-00713-M,Kaggle- blackgram  -713,MOISTURE,0.272,VWC,WARNING,DRY — schedule irrigation within 24hrs,2026-05-20
KAGGLE-00712-P,Kaggle- blackgram  -712,PH,7.55,pH,ALERT,HIGHLY ALKALINE — soil amendment required,2026-05-20
KAGGLE-00713-T,Kaggle- blackgram  -713,TEMPERATURE,29.6,C,NORMAL,OPTIMAL — ideal temperature,2026-05-20
KAGGLE-00713-P,Kaggle- blackgram  -713,PH,6.93,pH,WARNING,ALKALINE — nutrient availability reduced,2026-05-20
KAGGLE-00714-M,Kaggle- blackgram  -714,MOISTURE,0.299,VWC,WARNING,DRY — schedule irrigation within 24hrs,2026-05-20
KAGGLE-00714-P,Kaggle- blackgram  -714,PH,7.75,pH,ALERT,HIGHLY ALKALINE — soil amendment required,2026-05-20
KAGGLE-00714-T,Kaggle- blackgram  -714,TEMPERATURE,30.9,C,WARNING,WARM — monitor crop stress,2026-05-20
KAGGLE-00715-M,Kaggle- blackgram  -715,MOISTURE,0.144,VWC,ALERT,CRITICAL DRY — irrigate immediately,2026-05-20
KAGGLE-00715-T,Kaggle- blackgram  -715,TEMPERATURE,28.1,C,NORMAL,OPTIMAL — ideal temperature,2026-05-20
KAGGLE-00715-P,Kaggle- blackgram  -715,PH,6.71,pH,NORMAL,OPTIMAL — ideal for crops,2026-05-20
KAGGLE-00716-P,Kaggle- blackgram  -716,PH,6.67,pH,NORMAL,OPTIMAL — ideal for crops,2026-05-20
KAGGLE-00716-T,Kaggle- blackgram  -716,TEMPERATURE,30.1,C,WARNING,WARM — monitor crop stress,2026-05-20
KAGGLE-00716-M,Kaggle- blackgram  -716,MOISTURE,0.191,VWC,ALERT,CRITICAL DRY — irrigate immediately,2026-05-20
KAGGLE-00717-P,Kaggle- blackgram  -717,PH,7.33,pH,WARNING,ALKALINE — nutrient availability reduced,2026-05-20
KAGGLE-00717-T,Kaggle- blackgram  -717,TEMPERATURE,31.7,C,WARNING,WARM — monitor crop stress,2026-05-20
KAGGLE-00717-M,Kaggle- blackgram  -717,MOISTURE,0.184,VWC,ALERT,CRITICAL DRY — irrigate immediately,2026-05-20
KAGGLE-00718-M,Kaggle- blackgram  -718,MOISTURE,0.256,VWC,WARNING,DRY — schedule irrigation within 24hrs,2026-05-20
KAGGLE-00718-T,Kaggle- blackgram  -718,TEMPERATURE,27.8,C,NORMAL,OPTIMAL — ideal temperature,2026-05-20
KAGGLE-00719-M,Kaggle- blackgram  -719,MOISTURE,0.101,VWC,ALERT,CRITICAL DRY — irrigate immediately,2026-05-20
KAGGLE-00718-P,Kaggle- blackgram  -718,PH,7.6,pH,ALERT,HIGHLY ALKALINE — soil amendment required,2026-05-20
KAGGLE-00719-P,Kaggle- blackgram  -719,PH,7.71,pH,ALERT,HIGHLY ALKALINE — soil amendment required,2026-05-20
KAGGLE-00719-T,Kaggle- blackgram  -719,TEMPERATURE,32.9,C,WARNING,WARM — monitor crop stress,2026-05-20
KAGGLE-00720-M,Kaggle- blackgram  -720,MOISTURE,0.136,VWC,ALERT,CRITICAL DRY — irrigate immediately,2026-05-20
KAGGLE-00720-P,Kaggle- blackgram  -720,PH,7.37,pH,WARNING,ALKALINE — nutrient availability reduced,2026-05-20
KAGGLE-00720-T,Kaggle- blackgram  -720,TEMPERATURE,29.4,C,NORMAL,OPTIMAL — ideal temperature,2026-05-20
KAGGLE-00721-T,Kaggle- blackgram  -721,TEMPERATURE,27.8,C,NORMAL,OPTIMAL — ideal temperature,2026-05-20
KAGGLE-00721-M,Kaggle- blackgram  -721,MOISTURE,0.165,VWC,ALERT,CRITICAL DRY — irrigate immediately,2026-05-20
KAGGLE-00722-T,Kaggle- blackgram  -722,TEMPERATURE,28.5,C,NORMAL,OPTIMAL — ideal temperature,2026-05-20
KAGGLE-00722-M,Kaggle- blackgram  -722,MOISTURE,0.136,VWC,ALERT,CRITICAL DRY — irrigate immediately,2026-05-20
KAGGLE-00721-P,Kaggle- blackgram  -721,PH,6.92,pH,WARNING,ALKALINE — nutrient availability reduced,2026-05-20
KAGGLE-00723-P,Kaggle- blackgram  -723,PH,7.08,pH,WARNING,ALKALINE — nutrient availability reduced,2026-05-20
KAGGLE-00723-T,Kaggle- blackgram  -723,TEMPERATURE,27.7,C,NORMAL,OPTIMAL — ideal temperature,2026-05-20
KAGGLE-00723-M,Kaggle- blackgram  -723,MOISTURE,0.183,VWC,ALERT,CRITICAL DRY — irrigate immediately,2026-05-20
KAGGLE-00722-P,Kaggle- blackgram  -722,PH,7.19,pH,WARNING,ALKALINE — nutrient availability reduced,2026-05-20
KAGGLE-00725-T,Kaggle- blackgram  -725,TEMPERATURE,27.3,C,NORMAL,OPTIMAL — ideal temperature,2026-05-20
KAGGLE-00725-M,Kaggle- blackgram  -725,MOISTURE,0.183,VWC,ALERT,CRITICAL DRY — irrigate immediately,2026-05-20
KAGGLE-00724-M,Kaggle- blackgram  -724,MOISTURE,0.176,VWC,ALERT,CRITICAL DRY — irrigate immediately,2026-05-20
KAGGLE-00724-T,Kaggle- blackgram  -724,TEMPERATURE,30.4,C,WARNING,WARM — monitor crop stress,2026-05-20
KAGGLE-00724-P,Kaggle- blackgram  -724,PH,6.74,pH,NORMAL,OPTIMAL — ideal for crops,2026-05-20
KAGGLE-00727-T,Kaggle- blackgram  -727,TEMPERATURE,28.6,C,NORMAL,OPTIMAL — ideal temperature,2026-05-20
KAGGLE-00727-M,Kaggle- blackgram  -727,MOISTURE,0.26,VWC,WARNING,DRY — schedule irrigation within 24hrs,2026-05-20
KAGGLE-00726-P,Kaggle- blackgram  -726,PH,6.63,pH,NORMAL,OPTIMAL — ideal for crops,2026-05-20
KAGGLE-00726-T,Kaggle- blackgram  -726,TEMPERATURE,30.3,C,WARNING,WARM — monitor crop stress,2026-05-20
KAGGLE-00726-M,Kaggle- blackgram  -726,MOISTURE,0.16,VWC,ALERT,CRITICAL DRY — irrigate immediately,2026-05-20
KAGGLE-00725-P,Kaggle- blackgram  -725,PH,6.73,pH,NORMAL,OPTIMAL — ideal for crops,2026-05-20
KAGGLE-00729-T,Kaggle- blackgram  -729,TEMPERATURE,34.9,C,WARNING,WARM — monitor crop stress,2026-05-20
KAGGLE-00729-M,Kaggle- blackgram  -729,MOISTURE,0.221,VWC,WARNING,DRY — schedule irrigation within 24hrs,2026-05-20
KAGGLE-00728-P,Kaggle- blackgram  -728,PH,7.54,pH,ALERT,HIGHLY ALKALINE — soil amendment required,2026-05-20
KAGGLE-00728-T,Kaggle- blackgram  -728,TEMPERATURE,25.4,C,NORMAL,OPTIMAL — ideal temperature,2026-05-20
KAGGLE-00728-M,Kaggle- blackgram  -728,MOISTURE,0.268,VWC,WARNING,DRY — schedule irrigation within 24hrs,2026-05-20
KAGGLE-00727-P,Kaggle- blackgram  -727,PH,7.13,pH,WARNING,ALKALINE — nutrient availability reduced,2026-05-20
KAGGLE-00731-T,Kaggle- blackgram  -731,TEMPERATURE,32.5,C,WARNING,WARM — monitor crop stress,2026-05-20
KAGGLE-00731-M,Kaggle- blackgram  -731,MOISTURE,0.27,VWC,WARNING,DRY — schedule irrigation within 24hrs,2026-05-20
KAGGLE-00730-P,Kaggle- blackgram  -730,PH,6.86,pH,WARNING,ALKALINE — nutrient availability reduced,2026-05-20
KAGGLE-00730-T,Kaggle- blackgram  -730,TEMPERATURE,25.1,C,NORMAL,OPTIMAL — ideal temperature,2026-05-20
KAGGLE-00730-M,Kaggle- blackgram  -730,MOISTURE,0.281,VWC,WARNING,DRY — schedule irrigation within 24hrs,2026-05-20
KAGGLE-00729-P,Kaggle- blackgram  -729,PH,7.16,pH,WARNING,ALKALINE — nutrient availability reduced,2026-05-20
KAGGLE-00733-T,Kaggle- blackgram  -733,TEMPERATURE,25.2,C,NORMAL,OPTIMAL — ideal temperature,2026-05-20
KAGGLE-00733-M,Kaggle- blackgram  -733,MOISTURE,0.215,VWC,WARNING,DRY — schedule irrigation within 24hrs,2026-05-20
KAGGLE-00732-T,Kaggle- blackgram  -732,TEMPERATURE,33.9,C,WARNING,WARM — monitor crop stress,2026-05-20
KAGGLE-00732-M,Kaggle- blackgram  -732,MOISTURE,0.27,VWC,WARNING,DRY — schedule irrigation within 24hrs,2026-05-20
KAGGLE-00731-P,Kaggle- blackgram  -731,PH,7.4,pH,WARNING,ALKALINE — nutrient availability reduced,2026-05-20
KAGGLE-00734-M,Kaggle- blackgram  -734,MOISTURE,0.299,VWC,WARNING,DRY — schedule irrigation within 24hrs,2026-05-20
KAGGLE-00735-M,Kaggle- blackgram  -735,MOISTURE,0.289,VWC,WARNING,DRY — schedule irrigation within 24hrs,2026-05-20
KAGGLE-00734-P,Kaggle- blackgram  -734,PH,7.3,pH,WARNING,ALKALINE — nutrient availability reduced,2026-05-20
KAGGLE-00734-T,Kaggle- blackgram  -734,TEMPERATURE,31.8,C,WARNING,WARM — monitor crop stress,2026-05-20
KAGGLE-00738-P,Kaggle- blackgram  -738,PH,7.5,pH,WARNING,ALKALINE — nutrient availability reduced,2026-05-20
KAGGLE-00741-P,Kaggle- blackgram  -741,PH,6.81,pH,WARNING,ALKALINE — nutrient availability reduced,2026-05-20
KAGGLE-00736-P,Kaggle- blackgram  -736,PH,7.24,pH,WARNING,ALKALINE — nutrient availability reduced,2026-05-20
KAGGLE-00740-P,Kaggle- blackgram  -740,PH,7.14,pH,WARNING,ALKALINE — nutrient availability reduced,2026-05-20
KAGGLE-00736-M,Kaggle- blackgram  -736,MOISTURE,0.203,VWC,WARNING,DRY — schedule irrigation within 24hrs,2026-05-20
KAGGLE-00742-T,Kaggle- blackgram  -742,TEMPERATURE,27.1,C,NORMAL,OPTIMAL — ideal temperature,2026-05-20
KAGGLE-00744-P,Kaggle- blackgram  -744,PH,6.6,pH,NORMAL,OPTIMAL — ideal for crops,2026-05-20
KAGGLE-00738-T,Kaggle- blackgram  -738,TEMPERATURE,26.2,C,NORMAL,OPTIMAL — ideal temperature,2026-05-20
KAGGLE-00738-M,Kaggle- blackgram  -738,MOISTURE,0.224,VWC,WARNING,DRY — schedule irrigation within 24hrs,2026-05-20
KAGGLE-00737-P,Kaggle- blackgram  -737,PH,6.92,pH,WARNING,ALKALINE — nutrient availability reduced,2026-05-20
KAGGLE-00737-T,Kaggle- blackgram  -737,TEMPERATURE,27.2,C,NORMAL,OPTIMAL — ideal temperature,2026-05-20
KAGGLE-00737-M,Kaggle- blackgram  -737,MOISTURE,0.242,VWC,WARNING,DRY — schedule irrigation within 24hrs,2026-05-20
KAGGLE-00739-P,Kaggle- blackgram  -739,PH,7.15,pH,WARNING,ALKALINE — nutrient availability reduced,2026-05-20
KAGGLE-00739-T,Kaggle- blackgram  -739,TEMPERATURE,30.2,C,WARNING,WARM — monitor crop stress,2026-05-20
KAGGLE-00732-P,Kaggle- blackgram  -732,PH,6.88,pH,WARNING,ALKALINE — nutrient availability reduced,2026-05-20
KAGGLE-00739-M,Kaggle- blackgram  -739,MOISTURE,0.265,VWC,WARNING,DRY — schedule irrigation within 24hrs,2026-05-20
KAGGLE-00733-P,Kaggle- blackgram  -733,PH,6.58,pH,NORMAL,OPTIMAL — ideal for crops,2026-05-20
KAGGLE-00741-T,Kaggle- blackgram  -741,TEMPERATURE,29.7,C,NORMAL,OPTIMAL — ideal temperature,2026-05-20
KAGGLE-00741-M,Kaggle- blackgram  -741,MOISTURE,0.278,VWC,WARNING,DRY — schedule irrigation within 24hrs,2026-05-20
KAGGLE-00736-T,Kaggle- blackgram  -736,TEMPERATURE,31.7,C,WARNING,WARM — monitor crop stress,2026-05-20
KAGGLE-00740-T,Kaggle- blackgram  -740,TEMPERATURE,31.6,C,WARNING,WARM — monitor crop stress,2026-05-20
KAGGLE-00743-P,Kaggle- blackgram  -743,PH,7.7,pH,ALERT,HIGHLY ALKALINE — soil amendment required,2026-05-20
KAGGLE-00743-T,Kaggle- blackgram  -743,TEMPERATURE,34.6,C,WARNING,WARM — monitor crop stress,2026-05-20
KAGGLE-00743-M,Kaggle- blackgram  -743,MOISTURE,0.249,VWC,WARNING,DRY — schedule irrigation within 24hrs,2026-05-20
KAGGLE-00742-P,Kaggle- blackgram  -742,PH,7.39,pH,WARNING,ALKALINE — nutrient availability reduced,2026-05-20
KAGGLE-00735-P,Kaggle- blackgram  -735,PH,6.97,pH,WARNING,ALKALINE — nutrient availability reduced,2026-05-20
KAGGLE-00742-M,Kaggle- blackgram  -742,MOISTURE,0.149,VWC,ALERT,CRITICAL DRY — irrigate immediately,2026-05-20
KAGGLE-00745-M,Kaggle- blackgram  -745,MOISTURE,0.299,VWC,WARNING,DRY — schedule irrigation within 24hrs,2026-05-20
KAGGLE-00735-T,Kaggle- blackgram  -735,TEMPERATURE,34.9,C,WARNING,WARM — monitor crop stress,2026-05-20
KAGGLE-00744-T,Kaggle- blackgram  -744,TEMPERATURE,33.4,C,WARNING,WARM — monitor crop stress,2026-05-20
KAGGLE-00744-M,Kaggle- blackgram  -744,MOISTURE,0.287,VWC,WARNING,DRY — schedule irrigation within 24hrs,2026-05-20
KAGGLE-00745-T,Kaggle- blackgram  -745,TEMPERATURE,28.8,C,NORMAL,OPTIMAL — ideal temperature,2026-05-20
KAGGLE-00740-M,Kaggle- blackgram  -740,MOISTURE,0.11,VWC,ALERT,CRITICAL DRY — irrigate immediately,2026-05-20
KAGGLE-00746-M,Kaggle- blackgram  -746,MOISTURE,0.275,VWC,WARNING,DRY — schedule irrigation within 24hrs,2026-05-20
KAGGLE-00745-P,Kaggle- blackgram  -745,PH,6.73,pH,NORMAL,OPTIMAL — ideal for crops,2026-05-20
KAGGLE-00746-P,Kaggle- blackgram  -746,PH,6.52,pH,NORMAL,OPTIMAL — ideal for crops,2026-05-20
KAGGLE-00746-T,Kaggle- blackgram  -746,TEMPERATURE,31.5,C,WARNING,WARM — monitor crop stress,2026-05-20
KAGGLE-00747-M,Kaggle- blackgram  -747,MOISTURE,0.178,VWC,ALERT,CRITICAL DRY — irrigate immediately,2026-05-20
KAGGLE-00747-T,Kaggle- blackgram  -747,TEMPERATURE,25.5,C,NORMAL,OPTIMAL — ideal temperature,2026-05-20
KAGGLE-00748-T,Kaggle- blackgram  -748,TEMPERATURE,34.4,C,WARNING,WARM — monitor crop stress,2026-05-20
KAGGLE-00748-M,Kaggle- blackgram  -748,MOISTURE,0.251,VWC,WARNING,DRY — schedule irrigation within 24hrs,2026-05-20
KAGGLE-00747-P,Kaggle- blackgram  -747,PH,7.71,pH,ALERT,HIGHLY ALKALINE — soil amendment required,2026-05-20
KAGGLE-00750-M,Kaggle- blackgram  -750,MOISTURE,0.148,VWC,ALERT,CRITICAL DRY — irrigate immediately,2026-05-20
KAGGLE-00749-P,Kaggle- blackgram  -749,PH,7.4,pH,WARNING,ALKALINE — nutrient availability reduced,2026-05-20
KAGGLE-00749-T,Kaggle- blackgram  -749,TEMPERATURE,34.6,C,WARNING,WARM — monitor crop stress,2026-05-20
KAGGLE-00749-M,Kaggle- blackgram  -749,MOISTURE,0.296,VWC,WARNING,DRY — schedule irrigation within 24hrs,2026-05-20
KAGGLE-00748-P,Kaggle- blackgram  -748,PH,6.6,pH,NORMAL,OPTIMAL — ideal for crops,2026-05-20
KAGGLE-00750-T,Kaggle- blackgram  -750,TEMPERATURE,29.4,C,NORMAL,OPTIMAL — ideal temperature,2026-05-20
KAGGLE-00750-P,Kaggle- blackgram  -750,PH,7.52,pH,ALERT,HIGHLY ALKALINE — soil amendment required,2026-05-20
KAGGLE-00751-M,Kaggle- blackgram  -751,MOISTURE,0.182,VWC,ALERT,CRITICAL DRY — irrigate immediately,2026-05-20
KAGGLE-00751-T,Kaggle- blackgram  -751,TEMPERATURE,29.1,C,NORMAL,OPTIMAL — ideal temperature,2026-05-20
KAGGLE-00751-P,Kaggle- blackgram  -751,PH,7.18,pH,WARNING,ALKALINE — nutrient availability reduced,2026-05-20
KAGGLE-00752-M,Kaggle- blackgram  -752,MOISTURE,0.121,VWC,ALERT,CRITICAL DRY — irrigate immediately,2026-05-20
KAGGLE-00752-P,Kaggle- blackgram  -752,PH,6.59,pH,NORMAL,OPTIMAL — ideal for crops,2026-05-20
KAGGLE-00752-T,Kaggle- blackgram  -752,TEMPERATURE,28.6,C,NORMAL,OPTIMAL — ideal temperature,2026-05-20
KAGGLE-00753-M,Kaggle- blackgram  -753,MOISTURE,0.129,VWC,ALERT,CRITICAL DRY — irrigate immediately,2026-05-20
KAGGLE-00755-M,Kaggle- blackgram  -755,MOISTURE,0.108,VWC,ALERT,CRITICAL DRY — irrigate immediately,2026-05-20
KAGGLE-00754-P,Kaggle- blackgram  -754,PH,6.69,pH,NORMAL,OPTIMAL — ideal for crops,2026-05-20
KAGGLE-00754-T,Kaggle- blackgram  -754,TEMPERATURE,33.0,C,WARNING,WARM — monitor crop stress,2026-05-20
KAGGLE-00754-M,Kaggle- blackgram  -754,MOISTURE,0.126,VWC,ALERT,CRITICAL DRY — irrigate immediately,2026-05-20
KAGGLE-00753-P,Kaggle- blackgram  -753,PH,7.14,pH,WARNING,ALKALINE — nutrient availability reduced,2026-05-20
KAGGLE-00753-T,Kaggle- blackgram  -753,TEMPERATURE,27.5,C,NORMAL,OPTIMAL — ideal temperature,2026-05-20
KAGGLE-00755-P,Kaggle- blackgram  -755,PH,7.42,pH,WARNING,ALKALINE — nutrient availability reduced,2026-05-20
KAGGLE-00755-T,Kaggle- blackgram  -755,TEMPERATURE,34.0,C,WARNING,WARM — monitor crop stress,2026-05-20
KAGGLE-00756-M,Kaggle- blackgram  -756,MOISTURE,0.108,VWC,ALERT,CRITICAL DRY — irrigate immediately,2026-05-20
KAGGLE-00756-T,Kaggle- blackgram  -756,TEMPERATURE,30.1,C,WARNING,WARM — monitor crop stress,2026-05-20
KAGGLE-00756-P,Kaggle- blackgram  -756,PH,6.58,pH,NORMAL,OPTIMAL — ideal for crops,2026-05-20
KAGGLE-00758-M,Kaggle- blackgram  -758,MOISTURE,0.18,VWC,ALERT,CRITICAL DRY — irrigate immediately,2026-05-20
KAGGLE-00757-P,Kaggle- blackgram  -757,PH,7.5,pH,WARNING,ALKALINE — nutrient availability reduced,2026-05-20
KAGGLE-00757-T,Kaggle- blackgram  -757,TEMPERATURE,29.6,C,NORMAL,OPTIMAL — ideal temperature,2026-05-20
KAGGLE-00757-M,Kaggle- blackgram  -757,MOISTURE,0.101,VWC,ALERT,CRITICAL DRY — irrigate immediately,2026-05-20
KAGGLE-00759-T,Kaggle- blackgram  -759,TEMPERATURE,31.4,C,WARNING,WARM — monitor crop stress,2026-05-20
KAGGLE-00761-M,Kaggle- blackgram  -761,MOISTURE,0.183,VWC,ALERT,CRITICAL DRY — irrigate immediately,2026-05-20
KAGGLE-00758-P,Kaggle- blackgram  -758,PH,7.78,pH,ALERT,HIGHLY ALKALINE — soil amendment required,2026-05-20
KAGGLE-00758-T,Kaggle- blackgram  -758,TEMPERATURE,27.3,C,NORMAL,OPTIMAL — ideal temperature,2026-05-20
KAGGLE-00759-M,Kaggle- blackgram  -759,MOISTURE,0.23,VWC,WARNING,DRY — schedule irrigation within 24hrs,2026-05-20
KAGGLE-00760-P,Kaggle- blackgram  -760,PH,7.58,pH,ALERT,HIGHLY ALKALINE — soil amendment required,2026-05-20
KAGGLE-00760-T,Kaggle- blackgram  -760,TEMPERATURE,31.5,C,WARNING,WARM — monitor crop stress,2026-05-20
KAGGLE-00760-M,Kaggle- blackgram  -760,MOISTURE,0.278,VWC,WARNING,DRY — schedule irrigation within 24hrs,2026-05-20
KAGGLE-00759-P,Kaggle- blackgram  -759,PH,7.32,pH,WARNING,ALKALINE — nutrient availability reduced,2026-05-20
KAGGLE-00762-M,Kaggle- blackgram  -762,MOISTURE,0.263,VWC,WARNING,DRY — schedule irrigation within 24hrs,2026-05-20
KAGGLE-00761-P,Kaggle- blackgram  -761,PH,7.11,pH,WARNING,ALKALINE — nutrient availability reduced,2026-05-20
KAGGLE-00761-T,Kaggle- blackgram  -761,TEMPERATURE,29.4,C,NORMAL,OPTIMAL — ideal temperature,2026-05-20
KAGGLE-00763-M,Kaggle- blackgram  -763,MOISTURE,0.229,VWC,WARNING,DRY — schedule irrigation within 24hrs,2026-05-20
KAGGLE-00762-P,Kaggle- blackgram  -762,PH,7.36,pH,WARNING,ALKALINE — nutrient availability reduced,2026-05-20
KAGGLE-00762-T,Kaggle- blackgram  -762,TEMPERATURE,29.4,C,NORMAL,OPTIMAL — ideal temperature,2026-05-20
KAGGLE-00763-P,Kaggle- blackgram  -763,PH,7.41,pH,WARNING,ALKALINE — nutrient availability reduced,2026-05-20
KAGGLE-00763-T,Kaggle- blackgram  -763,TEMPERATURE,28.4,C,NORMAL,OPTIMAL — ideal temperature,2026-05-20
KAGGLE-00764-M,Kaggle- blackgram  -764,MOISTURE,0.201,VWC,WARNING,DRY — schedule irrigation within 24hrs,2026-05-20
KAGGLE-00764-T,Kaggle- blackgram  -764,TEMPERATURE,28.5,C,NORMAL,OPTIMAL — ideal temperature,2026-05-20
KAGGLE-00765-M,Kaggle- blackgram  -765,MOISTURE,0.292,VWC,WARNING,DRY — schedule irrigation within 24hrs,2026-05-20
KAGGLE-00764-P,Kaggle- blackgram  -764,PH,6.5,pH,NORMAL,OPTIMAL — ideal for crops,2026-05-20
KAGGLE-00766-M,Kaggle- blackgram  -766,MOISTURE,0.237,VWC,WARNING,DRY — schedule irrigation within 24hrs,2026-05-20
KAGGLE-00765-P,Kaggle- blackgram  -765,PH,7.17,pH,WARNING,ALKALINE — nutrient availability reduced,2026-05-20
KAGGLE-00765-T,Kaggle- blackgram  -765,TEMPERATURE,30.6,C,WARNING,WARM — monitor crop stress,2026-05-20
KAGGLE-00766-T,Kaggle- blackgram  -766,TEMPERATURE,25.3,C,NORMAL,OPTIMAL — ideal temperature,2026-05-20
KAGGLE-00766-P,Kaggle- blackgram  -766,PH,7.26,pH,WARNING,ALKALINE — nutrient availability reduced,2026-05-20
KAGGLE-00767-M,Kaggle- blackgram  -767,MOISTURE,0.298,VWC,WARNING,DRY — schedule irrigation within 24hrs,2026-05-20
KAGGLE-00767-T,Kaggle- blackgram  -767,TEMPERATURE,33.0,C,WARNING,WARM — monitor crop stress,2026-05-20
KAGGLE-00768-M,Kaggle- blackgram  -768,MOISTURE,0.173,VWC,ALERT,CRITICAL DRY — irrigate immediately,2026-05-20
KAGGLE-00767-P,Kaggle- blackgram  -767,PH,7.59,pH,ALERT,HIGHLY ALKALINE — soil amendment required,2026-05-20
KAGGLE-00770-M,Kaggle- blackgram  -770,MOISTURE,0.111,VWC,ALERT,CRITICAL DRY — irrigate immediately,2026-05-20
KAGGLE-00769-P,Kaggle- blackgram  -769,PH,7.25,pH,WARNING,ALKALINE — nutrient availability reduced,2026-05-20
KAGGLE-00769-T,Kaggle- blackgram  -769,TEMPERATURE,32.8,C,WARNING,WARM — monitor crop stress,2026-05-20
KAGGLE-00769-M,Kaggle- blackgram  -769,MOISTURE,0.251,VWC,WARNING,DRY — schedule irrigation within 24hrs,2026-05-20
KAGGLE-00768-P,Kaggle- blackgram  -768,PH,7.53,pH,ALERT,HIGHLY ALKALINE — soil amendment required,2026-05-20
KAGGLE-00768-T,Kaggle- blackgram  -768,TEMPERATURE,33.7,C,WARNING,WARM — monitor crop stress,2026-05-20
KAGGLE-00771-P,Kaggle- blackgram  -771,PH,7.12,pH,WARNING,ALKALINE — nutrient availability reduced,2026-05-20
KAGGLE-00771-T,Kaggle- blackgram  -771,TEMPERATURE,25.7,C,NORMAL,OPTIMAL — ideal temperature,2026-05-20
KAGGLE-00771-M,Kaggle- blackgram  -771,MOISTURE,0.21,VWC,WARNING,DRY — schedule irrigation within 24hrs,2026-05-20
KAGGLE-00770-P,Kaggle- blackgram  -770,PH,6.51,pH,NORMAL,OPTIMAL — ideal for crops,2026-05-20
KAGGLE-00770-T,Kaggle- blackgram  -770,TEMPERATURE,27.5,C,NORMAL,OPTIMAL — ideal temperature,2026-05-20
KAGGLE-00773-M,Kaggle- blackgram  -773,MOISTURE,0.215,VWC,WARNING,DRY — schedule irrigation within 24hrs,2026-05-20
KAGGLE-00772-P,Kaggle- blackgram  -772,PH,7.57,pH,ALERT,HIGHLY ALKALINE — soil amendment required,2026-05-20
KAGGLE-00772-T,Kaggle- blackgram  -772,TEMPERATURE,30.0,C,NORMAL,OPTIMAL — ideal temperature,2026-05-20
KAGGLE-00772-M,Kaggle- blackgram  -772,MOISTURE,0.221,VWC,WARNING,DRY — schedule irrigation within 24hrs,2026-05-20
KAGGLE-00774-M,Kaggle- blackgram  -774,MOISTURE,0.237,VWC,WARNING,DRY — schedule irrigation within 24hrs,2026-05-20
KAGGLE-00773-P,Kaggle- blackgram  -773,PH,7.35,pH,WARNING,ALKALINE — nutrient availability reduced,2026-05-20
KAGGLE-00773-T,Kaggle- blackgram  -773,TEMPERATURE,28.2,C,NORMAL,OPTIMAL — ideal temperature,2026-05-20
KAGGLE-00774-T,Kaggle- blackgram  -774,TEMPERATURE,28.3,C,NORMAL,OPTIMAL — ideal temperature,2026-05-20
KAGGLE-00776-M,Kaggle- blackgram  -776,MOISTURE,0.167,VWC,ALERT,CRITICAL DRY — irrigate immediately,2026-05-20
KAGGLE-00775-P,Kaggle- blackgram  -775,PH,7.03,pH,WARNING,ALKALINE — nutrient availability reduced,2026-05-20
KAGGLE-00775-T,Kaggle- blackgram  -775,TEMPERATURE,28.5,C,NORMAL,OPTIMAL — ideal temperature,2026-05-20
KAGGLE-00775-M,Kaggle- blackgram  -775,MOISTURE,0.155,VWC,ALERT,CRITICAL DRY — irrigate immediately,2026-05-20
KAGGLE-00774-P,Kaggle- blackgram  -774,PH,7.51,pH,ALERT,HIGHLY ALKALINE — soil amendment required,2026-05-20
KAGGLE-00778-M,Kaggle- blackgram  -778,MOISTURE,0.267,VWC,WARNING,DRY — schedule irrigation within 24hrs,2026-05-20
KAGGLE-00777-P,Kaggle- blackgram  -777,PH,7.16,pH,WARNING,ALKALINE — nutrient availability reduced,2026-05-20
KAGGLE-00777-T,Kaggle- blackgram  -777,TEMPERATURE,32.8,C,WARNING,WARM — monitor crop stress,2026-05-20
KAGGLE-00777-M,Kaggle- blackgram  -777,MOISTURE,0.233,VWC,WARNING,DRY — schedule irrigation within 24hrs,2026-05-20
KAGGLE-00776-P,Kaggle- blackgram  -776,PH,6.8,pH,NORMAL,OPTIMAL — ideal for crops,2026-05-20
KAGGLE-00776-T,Kaggle- blackgram  -776,TEMPERATURE,26.9,C,NORMAL,OPTIMAL — ideal temperature,2026-05-20
KAGGLE-00780-M,Kaggle- blackgram  -780,MOISTURE,0.258,VWC,WARNING,DRY — schedule irrigation within 24hrs,2026-05-20
KAGGLE-00779-P,Kaggle- blackgram  -779,PH,6.62,pH,NORMAL,OPTIMAL — ideal for crops,2026-05-20
KAGGLE-00779-T,Kaggle- blackgram  -779,TEMPERATURE,29.8,C,NORMAL,OPTIMAL — ideal temperature,2026-05-20
KAGGLE-00779-M,Kaggle- blackgram  -779,MOISTURE,0.19,VWC,ALERT,CRITICAL DRY — irrigate immediately,2026-05-20
KAGGLE-00778-P,Kaggle- blackgram  -778,PH,7.34,pH,WARNING,ALKALINE — nutrient availability reduced,2026-05-20
KAGGLE-00781-M,Kaggle- blackgram  -781,MOISTURE,0.202,VWC,WARNING,DRY — schedule irrigation within 24hrs,2026-05-20
KAGGLE-00782-M,Kaggle- blackgram  -782,MOISTURE,0.18,VWC,ALERT,CRITICAL DRY — irrigate immediately,2026-05-20
KAGGLE-00784-M,Kaggle- blackgram  -784,MOISTURE,0.133,VWC,ALERT,CRITICAL DRY — irrigate immediately,2026-05-20
KAGGLE-00781-P,Kaggle- blackgram  -781,PH,7.73,pH,ALERT,HIGHLY ALKALINE — soil amendment required,2026-05-20
KAGGLE-00781-T,Kaggle- blackgram  -781,TEMPERATURE,34.1,C,WARNING,WARM — monitor crop stress,2026-05-20
KAGGLE-00783-T,Kaggle- blackgram  -783,TEMPERATURE,28.8,C,NORMAL,OPTIMAL — ideal temperature,2026-05-20
KAGGLE-00780-P,Kaggle- blackgram  -780,PH,6.66,pH,NORMAL,OPTIMAL — ideal for crops,2026-05-20
KAGGLE-00780-T,Kaggle- blackgram  -780,TEMPERATURE,27.4,C,NORMAL,OPTIMAL — ideal temperature,2026-05-20
KAGGLE-00783-P,Kaggle- blackgram  -783,PH,6.6,pH,NORMAL,OPTIMAL — ideal for crops,2026-05-20
KAGGLE-00778-T,Kaggle- blackgram  -778,TEMPERATURE,26.4,C,NORMAL,OPTIMAL — ideal temperature,2026-05-20
KAGGLE-00783-M,Kaggle- blackgram  -783,MOISTURE,0.266,VWC,WARNING,DRY — schedule irrigation within 24hrs,2026-05-20
KAGGLE-00782-P,Kaggle- blackgram  -782,PH,7.4,pH,WARNING,ALKALINE — nutrient availability reduced,2026-05-20
KAGGLE-00782-T,Kaggle- blackgram  -782,TEMPERATURE,30.9,C,WARNING,WARM — monitor crop stress,2026-05-20
KAGGLE-00784-T,Kaggle- blackgram  -784,TEMPERATURE,27.2,C,NORMAL,OPTIMAL — ideal temperature,2026-05-20
KAGGLE-00785-M,Kaggle- blackgram  -785,MOISTURE,0.226,VWC,WARNING,DRY — schedule irrigation within 24hrs,2026-05-20
KAGGLE-00784-P,Kaggle- blackgram  -784,PH,7.04,pH,WARNING,ALKALINE — nutrient availability reduced,2026-05-20
KAGGLE-00785-T,Kaggle- blackgram  -785,TEMPERATURE,28.6,C,NORMAL,OPTIMAL — ideal temperature,2026-05-20
KAGGLE-00785-P,Kaggle- blackgram  -785,PH,7.35,pH,WARNING,ALKALINE — nutrient availability reduced,2026-05-20
KAGGLE-00786-T,Kaggle- blackgram  -786,TEMPERATURE,26.4,C,NORMAL,OPTIMAL — ideal temperature,2026-05-20
KAGGLE-00786-M,Kaggle- blackgram  -786,MOISTURE,0.215,VWC,WARNING,DRY — schedule irrigation within 24hrs,2026-05-20
KAGGLE-00787-P,Kaggle- blackgram  -787,PH,6.81,pH,WARNING,ALKALINE — nutrient availability reduced,2026-05-20
KAGGLE-00787-T,Kaggle- blackgram  -787,TEMPERATURE,32.8,C,WARNING,WARM — monitor crop stress,2026-05-20
KAGGLE-00787-M,Kaggle- blackgram  -787,MOISTURE,0.113,VWC,ALERT,CRITICAL DRY — irrigate immediately,2026-05-20
KAGGLE-00786-P,Kaggle- blackgram  -786,PH,7.03,pH,WARNING,ALKALINE — nutrient availability reduced,2026-05-20
KAGGLE-00788-T,Kaggle- blackgram  -788,TEMPERATURE,29.6,C,NORMAL,OPTIMAL — ideal temperature,2026-05-20
KAGGLE-00788-M,Kaggle- blackgram  -788,MOISTURE,0.146,VWC,ALERT,CRITICAL DRY — irrigate immediately,2026-05-20
KAGGLE-00789-P,Kaggle- blackgram  -789,PH,6.85,pH,WARNING,ALKALINE — nutrient availability reduced,2026-05-20
KAGGLE-00789-T,Kaggle- blackgram  -789,TEMPERATURE,33.5,C,WARNING,WARM — monitor crop stress,2026-05-20
KAGGLE-00789-M,Kaggle- blackgram  -789,MOISTURE,0.256,VWC,WARNING,DRY — schedule irrigation within 24hrs,2026-05-20
KAGGLE-00788-P,Kaggle- blackgram  -788,PH,7.42,pH,WARNING,ALKALINE — nutrient availability reduced,2026-05-20
KAGGLE-00790-T,Kaggle- blackgram  -790,TEMPERATURE,31.9,C,WARNING,WARM — monitor crop stress,2026-05-20
KAGGLE-00790-M,Kaggle- blackgram  -790,MOISTURE,0.104,VWC,ALERT,CRITICAL DRY — irrigate immediately,2026-05-20
KAGGLE-00791-T,Kaggle- blackgram  -791,TEMPERATURE,30.3,C,WARNING,WARM — monitor crop stress,2026-05-20
KAGGLE-00791-M,Kaggle- blackgram  -791,MOISTURE,0.28,VWC,WARNING,DRY — schedule irrigation within 24hrs,2026-05-20
KAGGLE-00790-P,Kaggle- blackgram  -790,PH,7.19,pH,WARNING,ALKALINE — nutrient availability reduced,2026-05-20
KAGGLE-00791-P,Kaggle- blackgram  -791,PH,7.01,pH,WARNING,ALKALINE — nutrient availability reduced,2026-05-20
KAGGLE-00792-M,Kaggle- blackgram  -792,MOISTURE,0.273,VWC,WARNING,DRY — schedule irrigation within 24hrs,2026-05-20
KAGGLE-00793-M,Kaggle- blackgram  -793,MOISTURE,0.225,VWC,WARNING,DRY — schedule irrigation within 24hrs,2026-05-20
KAGGLE-00792-P,Kaggle- blackgram  -792,PH,7.37,pH,WARNING,ALKALINE — nutrient availability reduced,2026-05-20
KAGGLE-00792-T,Kaggle- blackgram  -792,TEMPERATURE,28.5,C,NORMAL,OPTIMAL — ideal temperature,2026-05-20
KAGGLE-00794-M,Kaggle- blackgram  -794,MOISTURE,0.134,VWC,ALERT,CRITICAL DRY — irrigate immediately,2026-05-20
KAGGLE-00793-P,Kaggle- blackgram  -793,PH,7.26,pH,WARNING,ALKALINE — nutrient availability reduced,2026-05-20
KAGGLE-00793-T,Kaggle- blackgram  -793,TEMPERATURE,30.0,C,NORMAL,OPTIMAL — ideal temperature,2026-05-20
KAGGLE-00794-T,Kaggle- blackgram  -794,TEMPERATURE,31.7,C,WARNING,WARM — monitor crop stress,2026-05-20
KAGGLE-00795-M,Kaggle- blackgram  -795,MOISTURE,0.126,VWC,ALERT,CRITICAL DRY — irrigate immediately,2026-05-20
KAGGLE-00794-P,Kaggle- blackgram  -794,PH,6.53,pH,NORMAL,OPTIMAL — ideal for crops,2026-05-20
KAGGLE-00796-P,Kaggle- blackgram  -796,PH,6.87,pH,WARNING,ALKALINE — nutrient availability reduced,2026-05-20
KAGGLE-00796-T,Kaggle- blackgram  -796,TEMPERATURE,33.4,C,WARNING,WARM — monitor crop stress,2026-05-20
KAGGLE-00796-M,Kaggle- blackgram  -796,MOISTURE,0.279,VWC,WARNING,DRY — schedule irrigation within 24hrs,2026-05-20
KAGGLE-00795-P,Kaggle- blackgram  -795,PH,6.87,pH,WARNING,ALKALINE — nutrient availability reduced,2026-05-20
KAGGLE-00795-T,Kaggle- blackgram  -795,TEMPERATURE,30.3,C,WARNING,WARM — monitor crop stress,2026-05-20
KAGGLE-00798-P,Kaggle- blackgram  -798,PH,6.78,pH,NORMAL,OPTIMAL — ideal for crops,2026-05-20
KAGGLE-00798-T,Kaggle- blackgram  -798,TEMPERATURE,27.7,C,NORMAL,OPTIMAL — ideal temperature,2026-05-20
KAGGLE-00798-M,Kaggle- blackgram  -798,MOISTURE,0.229,VWC,WARNING,DRY — schedule irrigation within 24hrs,2026-05-20
KAGGLE-00797-P,Kaggle- blackgram  -797,PH,7.76,pH,ALERT,HIGHLY ALKALINE — soil amendment required,2026-05-20
KAGGLE-00797-T,Kaggle- blackgram  -797,TEMPERATURE,31.4,C,WARNING,WARM — monitor crop stress,2026-05-20
KAGGLE-00797-M,Kaggle- blackgram  -797,MOISTURE,0.219,VWC,WARNING,DRY — schedule irrigation within 24hrs,2026-05-20
KAGGLE-00800-P,Kaggle- blackgram  -800,PH,7.45,pH,WARNING,ALKALINE — nutrient availability reduced,2026-05-20
KAGGLE-00800-T,Kaggle- blackgram  -800,TEMPERATURE,32.7,C,WARNING,WARM — monitor crop stress,2026-05-20
KAGGLE-00800-M,Kaggle- blackgram  -800,MOISTURE,0.175,VWC,ALERT,CRITICAL DRY — irrigate immediately,2026-05-20
KAGGLE-00799-P,Kaggle- blackgram  -799,PH,7.33,pH,WARNING,ALKALINE — nutrient availability reduced,2026-05-20
KAGGLE-00799-T,Kaggle- blackgram  -799,TEMPERATURE,32.6,C,WARNING,WARM — monitor crop stress,2026-05-20
KAGGLE-00799-M,Kaggle- blackgram  -799,MOISTURE,0.281,VWC,WARNING,DRY — schedule irrigation within 24hrs,2026-05-20
KAGGLE-00802-P,Kaggle- lentil     -802,PH,7.73,pH,ALERT,HIGHLY ALKALINE — soil amendment required,2026-05-20
KAGGLE-00802-T,Kaggle- lentil     -802,TEMPERATURE,19.4,C,WARNING,COOL — suboptimal for crops,2026-05-20
KAGGLE-00802-M,Kaggle- lentil     -802,MOISTURE,0.184,VWC,ALERT,CRITICAL DRY — irrigate immediately,2026-05-20
KAGGLE-00801-P,Kaggle- lentil     -801,PH,7.6,pH,ALERT,HIGHLY ALKALINE — soil amendment required,2026-05-20
KAGGLE-00801-T,Kaggle- lentil     -801,TEMPERATURE,28.1,C,NORMAL,OPTIMAL — ideal temperature,2026-05-20
KAGGLE-00801-M,Kaggle- lentil     -801,MOISTURE,0.193,VWC,ALERT,CRITICAL DRY — irrigate immediately,2026-05-20
KAGGLE-00803-T,Kaggle- lentil     -803,TEMPERATURE,29.8,C,NORMAL,OPTIMAL — ideal temperature,2026-05-20
KAGGLE-00803-M,Kaggle- lentil     -803,MOISTURE,0.25,VWC,WARNING,DRY — schedule irrigation within 24hrs,2026-05-20
KAGGLE-00803-P,Kaggle- lentil     -803,PH,7.49,pH,WARNING,ALKALINE — nutrient availability reduced,2026-05-20
KAGGLE-00804-M,Kaggle- lentil     -804,MOISTURE,0.232,VWC,WARNING,DRY — schedule irrigation within 24hrs,2026-05-20
KAGGLE-00805-M,Kaggle- lentil     -805,MOISTURE,0.145,VWC,ALERT,CRITICAL DRY — irrigate immediately,2026-05-20
KAGGLE-00804-P,Kaggle- lentil     -804,PH,6.63,pH,NORMAL,OPTIMAL — ideal for crops,2026-05-20
KAGGLE-00804-T,Kaggle- lentil     -804,TEMPERATURE,21.4,C,NORMAL,OPTIMAL — ideal temperature,2026-05-20
KAGGLE-00806-M,Kaggle- lentil     -806,MOISTURE,0.168,VWC,ALERT,CRITICAL DRY — irrigate immediately,2026-05-20
KAGGLE-00806-T,Kaggle- lentil     -806,TEMPERATURE,22.2,C,NORMAL,OPTIMAL — ideal temperature,2026-05-20
KAGGLE-00807-M,Kaggle- lentil     -807,MOISTURE,0.179,VWC,ALERT,CRITICAL DRY — irrigate immediately,2026-05-20
KAGGLE-00805-T,Kaggle- lentil     -805,TEMPERATURE,26.3,C,NORMAL,OPTIMAL — ideal temperature,2026-05-20
KAGGLE-00807-P,Kaggle- lentil     -807,PH,7.84,pH,ALERT,HIGHLY ALKALINE — soil amendment required,2026-05-20
KAGGLE-00807-T,Kaggle- lentil     -807,TEMPERATURE,26.6,C,NORMAL,OPTIMAL — ideal temperature,2026-05-20
KAGGLE-00806-P,Kaggle- lentil     -806,PH,6.41,pH,NORMAL,OPTIMAL — ideal for crops,2026-05-20
KAGGLE-00805-P,Kaggle- lentil     -805,PH,7.32,pH,WARNING,ALKALINE — nutrient availability reduced,2026-05-20
KAGGLE-00808-M,Kaggle- lentil     -808,MOISTURE,0.102,VWC,ALERT,CRITICAL DRY — irrigate immediately,2026-05-20
KAGGLE-00808-P,Kaggle- lentil     -808,PH,6.14,pH,NORMAL,OPTIMAL — ideal for crops,2026-05-20
KAGGLE-00808-T,Kaggle- lentil     -808,TEMPERATURE,26.6,C,NORMAL,OPTIMAL — ideal temperature,2026-05-20
KAGGLE-00810-M,Kaggle- lentil     -810,MOISTURE,0.21,VWC,WARNING,DRY — schedule irrigation within 24hrs,2026-05-20
KAGGLE-00809-P,Kaggle- lentil     -809,PH,6.59,pH,NORMAL,OPTIMAL — ideal for crops,2026-05-20
KAGGLE-00809-T,Kaggle- lentil     -809,TEMPERATURE,19.1,C,WARNING,COOL — suboptimal for crops,2026-05-20
KAGGLE-00809-M,Kaggle- lentil     -809,MOISTURE,0.263,VWC,WARNING,DRY — schedule irrigation within 24hrs,2026-05-20
KAGGLE-00811-P,Kaggle- lentil     -811,PH,6.06,pH,NORMAL,OPTIMAL — ideal for crops,2026-05-20
KAGGLE-00811-T,Kaggle- lentil     -811,TEMPERATURE,25.8,C,NORMAL,OPTIMAL — ideal temperature,2026-05-20
KAGGLE-00811-M,Kaggle- lentil     -811,MOISTURE,0.207,VWC,WARNING,DRY — schedule irrigation within 24hrs,2026-05-20
KAGGLE-00810-P,Kaggle- lentil     -810,PH,7.29,pH,WARNING,ALKALINE — nutrient availability reduced,2026-05-20
KAGGLE-00810-T,Kaggle- lentil     -810,TEMPERATURE,28.8,C,NORMAL,OPTIMAL — ideal temperature,2026-05-20
KAGGLE-00812-P,Kaggle- lentil     -812,PH,6.66,pH,NORMAL,OPTIMAL — ideal for crops,2026-05-20
KAGGLE-00812-T,Kaggle- lentil     -812,TEMPERATURE,23.9,C,NORMAL,OPTIMAL — ideal temperature,2026-05-20
KAGGLE-00812-M,Kaggle- lentil     -812,MOISTURE,0.287,VWC,WARNING,DRY — schedule irrigation within 24hrs,2026-05-20
KAGGLE-00814-P,Kaggle- lentil     -814,PH,7.82,pH,ALERT,HIGHLY ALKALINE — soil amendment required,2026-05-20
KAGGLE-00814-T,Kaggle- lentil     -814,TEMPERATURE,28.4,C,NORMAL,OPTIMAL — ideal temperature,2026-05-20
KAGGLE-00814-M,Kaggle- lentil     -814,MOISTURE,0.135,VWC,ALERT,CRITICAL DRY — irrigate immediately,2026-05-20
KAGGLE-00813-P,Kaggle- lentil     -813,PH,7.3,pH,WARNING,ALKALINE — nutrient availability reduced,2026-05-20
KAGGLE-00813-T,Kaggle- lentil     -813,TEMPERATURE,28.7,C,NORMAL,OPTIMAL — ideal temperature,2026-05-20
KAGGLE-00813-M,Kaggle- lentil     -813,MOISTURE,0.127,VWC,ALERT,CRITICAL DRY — irrigate immediately,2026-05-20
KAGGLE-00816-P,Kaggle- lentil     -816,PH,6.4,pH,NORMAL,OPTIMAL — ideal for crops,2026-05-20
KAGGLE-00816-T,Kaggle- lentil     -816,TEMPERATURE,21.1,C,NORMAL,OPTIMAL — ideal temperature,2026-05-20
KAGGLE-00816-M,Kaggle- lentil     -816,MOISTURE,0.185,VWC,ALERT,CRITICAL DRY — irrigate immediately,2026-05-20
KAGGLE-00815-P,Kaggle- lentil     -815,PH,5.93,pH,NORMAL,OPTIMAL — ideal for crops,2026-05-20
KAGGLE-00815-T,Kaggle- lentil     -815,TEMPERATURE,21.4,C,NORMAL,OPTIMAL — ideal temperature,2026-05-20
KAGGLE-00815-M,Kaggle- lentil     -815,MOISTURE,0.137,VWC,ALERT,CRITICAL DRY — irrigate immediately,2026-05-20
KAGGLE-00819-M,Kaggle- lentil     -819,MOISTURE,0.29,VWC,WARNING,DRY — schedule irrigation within 24hrs,2026-05-20
KAGGLE-00818-T,Kaggle- lentil     -818,TEMPERATURE,25.4,C,NORMAL,OPTIMAL — ideal temperature,2026-05-20
KAGGLE-00818-P,Kaggle- lentil     -818,PH,7.72,pH,ALERT,HIGHLY ALKALINE — soil amendment required,2026-05-20
KAGGLE-00818-M,Kaggle- lentil     -818,MOISTURE,0.22,VWC,WARNING,DRY — schedule irrigation within 24hrs,2026-05-20
KAGGLE-00817-P,Kaggle- lentil     -817,PH,7.4,pH,WARNING,ALKALINE — nutrient availability reduced,2026-05-20
KAGGLE-00817-T,Kaggle- lentil     -817,TEMPERATURE,24.0,C,NORMAL,OPTIMAL — ideal temperature,2026-05-20
KAGGLE-00817-M,Kaggle- lentil     -817,MOISTURE,0.169,VWC,ALERT,CRITICAL DRY — irrigate immediately,2026-05-20
KAGGLE-00821-M,Kaggle- lentil     -821,MOISTURE,0.128,VWC,ALERT,CRITICAL DRY — irrigate immediately,2026-05-20
KAGGLE-00820-P,Kaggle- lentil     -820,PH,6.89,pH,WARNING,ALKALINE — nutrient availability reduced,2026-05-20
KAGGLE-00820-T,Kaggle- lentil     -820,TEMPERATURE,20.2,C,NORMAL,OPTIMAL — ideal temperature,2026-05-20
KAGGLE-00820-M,Kaggle- lentil     -820,MOISTURE,0.279,VWC,WARNING,DRY — schedule irrigation within 24hrs,2026-05-20
KAGGLE-00819-P,Kaggle- lentil     -819,PH,7.48,pH,WARNING,ALKALINE — nutrient availability reduced,2026-05-20
KAGGLE-00819-T,Kaggle- lentil     -819,TEMPERATURE,29.0,C,NORMAL,OPTIMAL — ideal temperature,2026-05-20
KAGGLE-00821-T,Kaggle- lentil     -821,TEMPERATURE,29.2,C,NORMAL,OPTIMAL — ideal temperature,2026-05-20
KAGGLE-00821-P,Kaggle- lentil     -821,PH,7.44,pH,WARNING,ALKALINE — nutrient availability reduced,2026-05-20
KAGGLE-00822-M,Kaggle- lentil     -822,MOISTURE,0.152,VWC,ALERT,CRITICAL DRY — irrigate immediately,2026-05-20
KAGGLE-00822-T,Kaggle- lentil     -822,TEMPERATURE,18.3,C,WARNING,COOL — suboptimal for crops,2026-05-20
KAGGLE-00822-P,Kaggle- lentil     -822,PH,7.63,pH,ALERT,HIGHLY ALKALINE — soil amendment required,2026-05-20
KAGGLE-00823-M,Kaggle- lentil     -823,MOISTURE,0.262,VWC,WARNING,DRY — schedule irrigation within 24hrs,2026-05-20
KAGGLE-00823-T,Kaggle- lentil     -823,TEMPERATURE,27.4,C,NORMAL,OPTIMAL — ideal temperature,2026-05-20
KAGGLE-00823-P,Kaggle- lentil     -823,PH,7.34,pH,WARNING,ALKALINE — nutrient availability reduced,2026-05-20
KAGGLE-00824-P,Kaggle- lentil     -824,PH,6.75,pH,NORMAL,OPTIMAL — ideal for crops,2026-05-20
KAGGLE-00824-T,Kaggle- lentil     -824,TEMPERATURE,24.8,C,NORMAL,OPTIMAL — ideal temperature,2026-05-20
KAGGLE-00824-M,Kaggle- lentil     -824,MOISTURE,0.224,VWC,WARNING,DRY — schedule irrigation within 24hrs,2026-05-20
KAGGLE-00826-T,Kaggle- lentil     -826,TEMPERATURE,25.9,C,NORMAL,OPTIMAL — ideal temperature,2026-05-20
KAGGLE-00826-M,Kaggle- lentil     -826,MOISTURE,0.209,VWC,WARNING,DRY — schedule irrigation within 24hrs,2026-05-20
KAGGLE-00825-P,Kaggle- lentil     -825,PH,7.52,pH,ALERT,HIGHLY ALKALINE — soil amendment required,2026-05-20
KAGGLE-00825-T,Kaggle- lentil     -825,TEMPERATURE,29.9,C,NORMAL,OPTIMAL — ideal temperature,2026-05-20
KAGGLE-00825-M,Kaggle- lentil     -825,MOISTURE,0.229,VWC,WARNING,DRY — schedule irrigation within 24hrs,2026-05-20
KAGGLE-00828-T,Kaggle- lentil     -828,TEMPERATURE,23.0,C,NORMAL,OPTIMAL — ideal temperature,2026-05-20
KAGGLE-00828-M,Kaggle- lentil     -828,MOISTURE,0.249,VWC,WARNING,DRY — schedule irrigation within 24hrs,2026-05-20
KAGGLE-00827-P,Kaggle- lentil     -827,PH,7.14,pH,WARNING,ALKALINE — nutrient availability reduced,2026-05-20
KAGGLE-00827-T,Kaggle- lentil     -827,TEMPERATURE,20.0,C,NORMAL,OPTIMAL — ideal temperature,2026-05-20
KAGGLE-00827-M,Kaggle- lentil     -827,MOISTURE,0.204,VWC,WARNING,DRY — schedule irrigation within 24hrs,2026-05-20
KAGGLE-00826-P,Kaggle- lentil     -826,PH,6.35,pH,NORMAL,OPTIMAL — ideal for crops,2026-05-20
KAGGLE-00830-M,Kaggle- lentil     -830,MOISTURE,0.205,VWC,WARNING,DRY — schedule irrigation within 24hrs,2026-05-20
KAGGLE-00829-P,Kaggle- lentil     -829,PH,7.4,pH,WARNING,ALKALINE — nutrient availability reduced,2026-05-20
KAGGLE-00829-T,Kaggle- lentil     -829,TEMPERATURE,25.1,C,NORMAL,OPTIMAL — ideal temperature,2026-05-20
KAGGLE-00829-M,Kaggle- lentil     -829,MOISTURE,0.215,VWC,WARNING,DRY — schedule irrigation within 24hrs,2026-05-20
KAGGLE-00828-P,Kaggle- lentil     -828,PH,7.67,pH,ALERT,HIGHLY ALKALINE — soil amendment required,2026-05-20
KAGGLE-00832-M,Kaggle- lentil     -832,MOISTURE,0.29,VWC,WARNING,DRY — schedule irrigation within 24hrs,2026-05-20
KAGGLE-00831-P,Kaggle- lentil     -831,PH,6.25,pH,NORMAL,OPTIMAL — ideal for crops,2026-05-20
KAGGLE-00831-T,Kaggle- lentil     -831,TEMPERATURE,18.3,C,WARNING,COOL — suboptimal for crops,2026-05-20
KAGGLE-00831-M,Kaggle- lentil     -831,MOISTURE,0.162,VWC,ALERT,CRITICAL DRY — irrigate immediately,2026-05-20
KAGGLE-00830-P,Kaggle- lentil     -830,PH,7.84,pH,ALERT,HIGHLY ALKALINE — soil amendment required,2026-05-20
KAGGLE-00830-T,Kaggle- lentil     -830,TEMPERATURE,28.5,C,NORMAL,OPTIMAL — ideal temperature,2026-05-20
KAGGLE-00833-P,Kaggle- lentil     -833,PH,7.32,pH,WARNING,ALKALINE — nutrient availability reduced,2026-05-20
KAGGLE-00833-T,Kaggle- lentil     -833,TEMPERATURE,21.3,C,NORMAL,OPTIMAL — ideal temperature,2026-05-20
KAGGLE-00833-M,Kaggle- lentil     -833,MOISTURE,0.212,VWC,WARNING,DRY — schedule irrigation within 24hrs,2026-05-20
KAGGLE-00832-P,Kaggle- lentil     -832,PH,6.87,pH,WARNING,ALKALINE — nutrient availability reduced,2026-05-20
KAGGLE-00832-T,Kaggle- lentil     -832,TEMPERATURE,24.4,C,NORMAL,OPTIMAL — ideal temperature,2026-05-20
KAGGLE-00835-M,Kaggle- lentil     -835,MOISTURE,0.109,VWC,ALERT,CRITICAL DRY — irrigate immediately,2026-05-20
KAGGLE-00834-P,Kaggle- lentil     -834,PH,6.3,pH,NORMAL,OPTIMAL — ideal for crops,2026-05-20
KAGGLE-00834-T,Kaggle- lentil     -834,TEMPERATURE,18.5,C,WARNING,COOL — suboptimal for crops,2026-05-20
KAGGLE-00834-M,Kaggle- lentil     -834,MOISTURE,0.116,VWC,ALERT,CRITICAL DRY — irrigate immediately,2026-05-20
KAGGLE-00835-T,Kaggle- lentil     -835,TEMPERATURE,25.3,C,NORMAL,OPTIMAL — ideal temperature,2026-05-20
KAGGLE-00836-P,Kaggle- lentil     -836,PH,7.69,pH,ALERT,HIGHLY ALKALINE — soil amendment required,2026-05-20
KAGGLE-00836-T,Kaggle- lentil     -836,TEMPERATURE,25.4,C,NORMAL,OPTIMAL — ideal temperature,2026-05-20
KAGGLE-00835-P,Kaggle- lentil     -835,PH,7.24,pH,WARNING,ALKALINE — nutrient availability reduced,2026-05-20
KAGGLE-00836-M,Kaggle- lentil     -836,MOISTURE,0.107,VWC,ALERT,CRITICAL DRY — irrigate immediately,2026-05-20
KAGGLE-00838-T,Kaggle- lentil     -838,TEMPERATURE,27.4,C,NORMAL,OPTIMAL — ideal temperature,2026-05-20
KAGGLE-00838-M,Kaggle- lentil     -838,MOISTURE,0.263,VWC,WARNING,DRY — schedule irrigation within 24hrs,2026-05-20
KAGGLE-00837-P,Kaggle- lentil     -837,PH,6.89,pH,WARNING,ALKALINE — nutrient availability reduced,2026-05-20
KAGGLE-00837-T,Kaggle- lentil     -837,TEMPERATURE,28.8,C,NORMAL,OPTIMAL — ideal temperature,2026-05-20
KAGGLE-00837-M,Kaggle- lentil     -837,MOISTURE,0.103,VWC,ALERT,CRITICAL DRY — irrigate immediately,2026-05-20
KAGGLE-00840-T,Kaggle- lentil     -840,TEMPERATURE,27.5,C,NORMAL,OPTIMAL — ideal temperature,2026-05-20
KAGGLE-00840-M,Kaggle- lentil     -840,MOISTURE,0.177,VWC,ALERT,CRITICAL DRY — irrigate immediately,2026-05-20
KAGGLE-00839-P,Kaggle- lentil     -839,PH,6.17,pH,NORMAL,OPTIMAL — ideal for crops,2026-05-20
KAGGLE-00839-T,Kaggle- lentil     -839,TEMPERATURE,28.3,C,NORMAL,OPTIMAL — ideal temperature,2026-05-20
KAGGLE-00839-M,Kaggle- lentil     -839,MOISTURE,0.276,VWC,WARNING,DRY — schedule irrigation within 24hrs,2026-05-20
KAGGLE-00838-P,Kaggle- lentil     -838,PH,6.16,pH,NORMAL,OPTIMAL — ideal for crops,2026-05-20
KAGGLE-00842-T,Kaggle- lentil     -842,TEMPERATURE,27.6,C,NORMAL,OPTIMAL — ideal temperature,2026-05-20
KAGGLE-00842-M,Kaggle- lentil     -842,MOISTURE,0.291,VWC,WARNING,DRY — schedule irrigation within 24hrs,2026-05-20
KAGGLE-00841-P,Kaggle- lentil     -841,PH,6.98,pH,WARNING,ALKALINE — nutrient availability reduced,2026-05-20
KAGGLE-00841-T,Kaggle- lentil     -841,TEMPERATURE,18.3,C,WARNING,COOL — suboptimal for crops,2026-05-20
KAGGLE-00841-M,Kaggle- lentil     -841,MOISTURE,0.199,VWC,ALERT,CRITICAL DRY — irrigate immediately,2026-05-20
KAGGLE-00843-T,Kaggle- lentil     -843,TEMPERATURE,23.4,C,NORMAL,OPTIMAL — ideal temperature,2026-05-20
KAGGLE-00842-P,Kaggle- lentil     -842,PH,7.04,pH,WARNING,ALKALINE — nutrient availability reduced,2026-05-20
KAGGLE-00843-P,Kaggle- lentil     -843,PH,5.94,pH,NORMAL,OPTIMAL — ideal for crops,2026-05-20
KAGGLE-00843-M,Kaggle- lentil     -843,MOISTURE,0.108,VWC,ALERT,CRITICAL DRY — irrigate immediately,2026-05-20
KAGGLE-00840-P,Kaggle- lentil     -840,PH,6.86,pH,WARNING,ALKALINE — nutrient availability reduced,2026-05-20
KAGGLE-00844-M,Kaggle- lentil     -844,MOISTURE,0.15,VWC,ALERT,CRITICAL DRY — irrigate immediately,2026-05-20
KAGGLE-00844-P,Kaggle- lentil     -844,PH,7.24,pH,WARNING,ALKALINE — nutrient availability reduced,2026-05-20
KAGGLE-00844-T,Kaggle- lentil     -844,TEMPERATURE,21.0,C,NORMAL,OPTIMAL — ideal temperature,2026-05-20
KAGGLE-00846-T,Kaggle- lentil     -846,TEMPERATURE,22.6,C,NORMAL,OPTIMAL — ideal temperature,2026-05-20
KAGGLE-00846-M,Kaggle- lentil     -846,MOISTURE,0.181,VWC,ALERT,CRITICAL DRY — irrigate immediately,2026-05-20
KAGGLE-00845-P,Kaggle- lentil     -845,PH,6.52,pH,NORMAL,OPTIMAL — ideal for crops,2026-05-20
KAGGLE-00845-T,Kaggle- lentil     -845,TEMPERATURE,23.8,C,NORMAL,OPTIMAL — ideal temperature,2026-05-20
KAGGLE-00845-M,Kaggle- lentil     -845,MOISTURE,0.271,VWC,WARNING,DRY — schedule irrigation within 24hrs,2026-05-20
KAGGLE-00847-P,Kaggle- lentil     -847,PH,7.51,pH,ALERT,HIGHLY ALKALINE — soil amendment required,2026-05-20
KAGGLE-00848-M,Kaggle- lentil     -848,MOISTURE,0.247,VWC,WARNING,DRY — schedule irrigation within 24hrs,2026-05-20
KAGGLE-00847-M,Kaggle- lentil     -847,MOISTURE,0.192,VWC,ALERT,CRITICAL DRY — irrigate immediately,2026-05-20
KAGGLE-00846-P,Kaggle- lentil     -846,PH,6.23,pH,NORMAL,OPTIMAL — ideal for crops,2026-05-20
KAGGLE-00847-T,Kaggle- lentil     -847,TEMPERATURE,21.5,C,NORMAL,OPTIMAL — ideal temperature,2026-05-20
KAGGLE-00849-P,Kaggle- lentil     -849,PH,6.96,pH,WARNING,ALKALINE — nutrient availability reduced,2026-05-20
KAGGLE-00849-T,Kaggle- lentil     -849,TEMPERATURE,25.3,C,NORMAL,OPTIMAL — ideal temperature,2026-05-20
KAGGLE-00849-M,Kaggle- lentil     -849,MOISTURE,0.286,VWC,WARNING,DRY — schedule irrigation within 24hrs,2026-05-20
KAGGLE-00848-P,Kaggle- lentil     -848,PH,6.95,pH,WARNING,ALKALINE — nutrient availability reduced,2026-05-20
KAGGLE-00848-T,Kaggle- lentil     -848,TEMPERATURE,29.9,C,NORMAL,OPTIMAL — ideal temperature,2026-05-20
KAGGLE-00851-T,Kaggle- lentil     -851,TEMPERATURE,24.1,C,NORMAL,OPTIMAL — ideal temperature,2026-05-20
KAGGLE-00850-T,Kaggle- lentil     -850,TEMPERATURE,25.2,C,NORMAL,OPTIMAL — ideal temperature,2026-05-20
KAGGLE-00850-P,Kaggle- lentil     -850,PH,6.55,pH,NORMAL,OPTIMAL — ideal for crops,2026-05-20
KAGGLE-00851-M,Kaggle- lentil     -851,MOISTURE,0.27,VWC,WARNING,DRY — schedule irrigation within 24hrs,2026-05-20
KAGGLE-00850-M,Kaggle- lentil     -850,MOISTURE,0.143,VWC,ALERT,CRITICAL DRY — irrigate immediately,2026-05-20
KAGGLE-00853-T,Kaggle- lentil     -853,TEMPERATURE,21.7,C,NORMAL,OPTIMAL — ideal temperature,2026-05-20
KAGGLE-00853-M,Kaggle- lentil     -853,MOISTURE,0.249,VWC,WARNING,DRY — schedule irrigation within 24hrs,2026-05-20
KAGGLE-00852-P,Kaggle- lentil     -852,PH,7.07,pH,WARNING,ALKALINE — nutrient availability reduced,2026-05-20
KAGGLE-00852-T,Kaggle- lentil     -852,TEMPERATURE,23.3,C,NORMAL,OPTIMAL — ideal temperature,2026-05-20
KAGGLE-00852-M,Kaggle- lentil     -852,MOISTURE,0.22,VWC,WARNING,DRY — schedule irrigation within 24hrs,2026-05-20
KAGGLE-00851-P,Kaggle- lentil     -851,PH,6.46,pH,NORMAL,OPTIMAL — ideal for crops,2026-05-20
KAGGLE-00855-M,Kaggle- lentil     -855,MOISTURE,0.283,VWC,WARNING,DRY — schedule irrigation within 24hrs,2026-05-20
KAGGLE-00854-P,Kaggle- lentil     -854,PH,5.92,pH,NORMAL,OPTIMAL — ideal for crops,2026-05-20
KAGGLE-00854-T,Kaggle- lentil     -854,TEMPERATURE,27.6,C,NORMAL,OPTIMAL — ideal temperature,2026-05-20
KAGGLE-00854-M,Kaggle- lentil     -854,MOISTURE,0.157,VWC,ALERT,CRITICAL DRY — irrigate immediately,2026-05-20
KAGGLE-00853-P,Kaggle- lentil     -853,PH,6.77,pH,NORMAL,OPTIMAL — ideal for crops,2026-05-20
KAGGLE-00857-M,Kaggle- lentil     -857,MOISTURE,0.28,VWC,WARNING,DRY — schedule irrigation within 24hrs,2026-05-20
KAGGLE-00856-T,Kaggle- lentil     -856,TEMPERATURE,25.0,C,NORMAL,OPTIMAL — ideal temperature,2026-05-20
KAGGLE-00856-M,Kaggle- lentil     -856,MOISTURE,0.232,VWC,WARNING,DRY — schedule irrigation within 24hrs,2026-05-20
KAGGLE-00855-P,Kaggle- lentil     -855,PH,6.71,pH,NORMAL,OPTIMAL — ideal for crops,2026-05-20
KAGGLE-00856-P,Kaggle- lentil     -856,PH,6.38,pH,NORMAL,OPTIMAL — ideal for crops,2026-05-20
KAGGLE-00855-T,Kaggle- lentil     -855,TEMPERATURE,24.4,C,NORMAL,OPTIMAL — ideal temperature,2026-05-20
KAGGLE-00858-T,Kaggle- lentil     -858,TEMPERATURE,26.0,C,NORMAL,OPTIMAL — ideal temperature,2026-05-20
KAGGLE-00858-P,Kaggle- lentil     -858,PH,7.39,pH,WARNING,ALKALINE — nutrient availability reduced,2026-05-20
KAGGLE-00858-M,Kaggle- lentil     -858,MOISTURE,0.279,VWC,WARNING,DRY — schedule irrigation within 24hrs,2026-05-20
KAGGLE-00857-P,Kaggle- lentil     -857,PH,6.31,pH,NORMAL,OPTIMAL — ideal for crops,2026-05-20
KAGGLE-00857-T,Kaggle- lentil     -857,TEMPERATURE,28.2,C,NORMAL,OPTIMAL — ideal temperature,2026-05-20
KAGGLE-00859-T,Kaggle- lentil     -859,TEMPERATURE,28.0,C,NORMAL,OPTIMAL — ideal temperature,2026-05-20
KAGGLE-00860-M,Kaggle- lentil     -860,MOISTURE,0.27,VWC,WARNING,DRY — schedule irrigation within 24hrs,2026-05-20
KAGGLE-00859-P,Kaggle- lentil     -859,PH,7.5,pH,WARNING,ALKALINE — nutrient availability reduced,2026-05-20
KAGGLE-00860-T,Kaggle- lentil     -860,TEMPERATURE,24.9,C,NORMAL,OPTIMAL — ideal temperature,2026-05-20
KAGGLE-00859-M,Kaggle- lentil     -859,MOISTURE,0.146,VWC,ALERT,CRITICAL DRY — irrigate immediately,2026-05-20
KAGGLE-00862-T,Kaggle- lentil     -862,TEMPERATURE,20.1,C,NORMAL,OPTIMAL — ideal temperature,2026-05-20
KAGGLE-00862-M,Kaggle- lentil     -862,MOISTURE,0.183,VWC,ALERT,CRITICAL DRY — irrigate immediately,2026-05-20
KAGGLE-00861-T,Kaggle- lentil     -861,TEMPERATURE,24.0,C,NORMAL,OPTIMAL — ideal temperature,2026-05-20
KAGGLE-00861-M,Kaggle- lentil     -861,MOISTURE,0.226,VWC,WARNING,DRY — schedule irrigation within 24hrs,2026-05-20
KAGGLE-00860-P,Kaggle- lentil     -860,PH,7.2,pH,WARNING,ALKALINE — nutrient availability reduced,2026-05-20
KAGGLE-00861-P,Kaggle- lentil     -861,PH,7.01,pH,WARNING,ALKALINE — nutrient availability reduced,2026-05-20
KAGGLE-00863-P,Kaggle- lentil     -863,PH,6.74,pH,NORMAL,OPTIMAL — ideal for crops,2026-05-20
KAGGLE-00863-M,Kaggle- lentil     -863,MOISTURE,0.119,VWC,ALERT,CRITICAL DRY — irrigate immediately,2026-05-20
KAGGLE-00862-P,Kaggle- lentil     -862,PH,6.68,pH,NORMAL,OPTIMAL — ideal for crops,2026-05-20
KAGGLE-00863-T,Kaggle- lentil     -863,TEMPERATURE,19.6,C,WARNING,COOL — suboptimal for crops,2026-05-20
KAGGLE-00864-M,Kaggle- lentil     -864,MOISTURE,0.271,VWC,WARNING,DRY — schedule irrigation within 24hrs,2026-05-20
KAGGLE-00864-T,Kaggle- lentil     -864,TEMPERATURE,29.8,C,NORMAL,OPTIMAL — ideal temperature,2026-05-20
KAGGLE-00864-P,Kaggle- lentil     -864,PH,6.55,pH,NORMAL,OPTIMAL — ideal for crops,2026-05-20
KAGGLE-00865-M,Kaggle- lentil     -865,MOISTURE,0.201,VWC,WARNING,DRY — schedule irrigation within 24hrs,2026-05-20
KAGGLE-00865-T,Kaggle- lentil     -865,TEMPERATURE,27.5,C,NORMAL,OPTIMAL — ideal temperature,2026-05-20
KAGGLE-00865-P,Kaggle- lentil     -865,PH,6.55,pH,NORMAL,OPTIMAL — ideal for crops,2026-05-20
KAGGLE-00866-M,Kaggle- lentil     -866,MOISTURE,0.146,VWC,ALERT,CRITICAL DRY — irrigate immediately,2026-05-20
KAGGLE-00866-T,Kaggle- lentil     -866,TEMPERATURE,25.6,C,NORMAL,OPTIMAL — ideal temperature,2026-05-20
KAGGLE-00866-P,Kaggle- lentil     -866,PH,6.59,pH,NORMAL,OPTIMAL — ideal for crops,2026-05-20
KAGGLE-00867-T,Kaggle- lentil     -867,TEMPERATURE,20.4,C,NORMAL,OPTIMAL — ideal temperature,2026-05-20
KAGGLE-00867-M,Kaggle- lentil     -867,MOISTURE,0.201,VWC,WARNING,DRY — schedule irrigation within 24hrs,2026-05-20
KAGGLE-00868-T,Kaggle- lentil     -868,TEMPERATURE,25.4,C,NORMAL,OPTIMAL — ideal temperature,2026-05-20
KAGGLE-00868-M,Kaggle- lentil     -868,MOISTURE,0.296,VWC,WARNING,DRY — schedule irrigation within 24hrs,2026-05-20
KAGGLE-00867-P,Kaggle- lentil     -867,PH,6.92,pH,WARNING,ALKALINE — nutrient availability reduced,2026-05-20
KAGGLE-00869-T,Kaggle- lentil     -869,TEMPERATURE,24.9,C,NORMAL,OPTIMAL — ideal temperature,2026-05-20
KAGGLE-00869-M,Kaggle- lentil     -869,MOISTURE,0.234,VWC,WARNING,DRY — schedule irrigation within 24hrs,2026-05-20
KAGGLE-00869-P,Kaggle- lentil     -869,PH,7.14,pH,WARNING,ALKALINE — nutrient availability reduced,2026-05-20
KAGGLE-00868-P,Kaggle- lentil     -868,PH,7.44,pH,WARNING,ALKALINE — nutrient availability reduced,2026-05-20
KAGGLE-00870-M,Kaggle- lentil     -870,MOISTURE,0.146,VWC,ALERT,CRITICAL DRY — irrigate immediately,2026-05-20
KAGGLE-00870-T,Kaggle- lentil     -870,TEMPERATURE,27.7,C,NORMAL,OPTIMAL — ideal temperature,2026-05-20
KAGGLE-00870-P,Kaggle- lentil     -870,PH,7.75,pH,ALERT,HIGHLY ALKALINE — soil amendment required,2026-05-20
KAGGLE-00871-M,Kaggle- lentil     -871,MOISTURE,0.167,VWC,ALERT,CRITICAL DRY — irrigate immediately,2026-05-20
KAGGLE-00871-P,Kaggle- lentil     -871,PH,6.3,pH,NORMAL,OPTIMAL — ideal for crops,2026-05-20
KAGGLE-00871-T,Kaggle- lentil     -871,TEMPERATURE,18.1,C,WARNING,COOL — suboptimal for crops,2026-05-20
KAGGLE-00873-M,Kaggle- lentil     -873,MOISTURE,0.126,VWC,ALERT,CRITICAL DRY — irrigate immediately,2026-05-20
KAGGLE-00872-T,Kaggle- lentil     -872,TEMPERATURE,18.1,C,WARNING,COOL — suboptimal for crops,2026-05-20
KAGGLE-00872-P,Kaggle- lentil     -872,PH,6.08,pH,NORMAL,OPTIMAL — ideal for crops,2026-05-20
KAGGLE-00872-M,Kaggle- lentil     -872,MOISTURE,0.193,VWC,ALERT,CRITICAL DRY — irrigate immediately,2026-05-20
KAGGLE-00874-M,Kaggle- lentil     -874,MOISTURE,0.255,VWC,WARNING,DRY — schedule irrigation within 24hrs,2026-05-20
KAGGLE-00873-P,Kaggle- lentil     -873,PH,6.77,pH,NORMAL,OPTIMAL — ideal for crops,2026-05-20
KAGGLE-00873-T,Kaggle- lentil     -873,TEMPERATURE,23.8,C,NORMAL,OPTIMAL — ideal temperature,2026-05-20
KAGGLE-00874-P,Kaggle- lentil     -874,PH,7.64,pH,ALERT,HIGHLY ALKALINE — soil amendment required,2026-05-20
KAGGLE-00874-T,Kaggle- lentil     -874,TEMPERATURE,23.2,C,NORMAL,OPTIMAL — ideal temperature,2026-05-20
KAGGLE-00875-T,Kaggle- lentil     -875,TEMPERATURE,25.1,C,NORMAL,OPTIMAL — ideal temperature,2026-05-20
KAGGLE-00875-M,Kaggle- lentil     -875,MOISTURE,0.244,VWC,WARNING,DRY — schedule irrigation within 24hrs,2026-05-20
KAGGLE-00877-M,Kaggle- lentil     -877,MOISTURE,0.103,VWC,ALERT,CRITICAL DRY — irrigate immediately,2026-05-20
KAGGLE-00876-P,Kaggle- lentil     -876,PH,7.07,pH,WARNING,ALKALINE — nutrient availability reduced,2026-05-20
KAGGLE-00876-T,Kaggle- lentil     -876,TEMPERATURE,25.9,C,NORMAL,OPTIMAL — ideal temperature,2026-05-20
KAGGLE-00876-M,Kaggle- lentil     -876,MOISTURE,0.205,VWC,WARNING,DRY — schedule irrigation within 24hrs,2026-05-20
KAGGLE-00875-P,Kaggle- lentil     -875,PH,6.56,pH,NORMAL,OPTIMAL — ideal for crops,2026-05-20
KAGGLE-00877-T,Kaggle- lentil     -877,TEMPERATURE,18.4,C,WARNING,COOL — suboptimal for crops,2026-05-20
KAGGLE-00879-T,Kaggle- lentil     -879,TEMPERATURE,23.3,C,NORMAL,OPTIMAL — ideal temperature,2026-05-20
KAGGLE-00878-P,Kaggle- lentil     -878,PH,6.16,pH,NORMAL,OPTIMAL — ideal for crops,2026-05-20
KAGGLE-00879-M,Kaggle- lentil     -879,MOISTURE,0.119,VWC,ALERT,CRITICAL DRY — irrigate immediately,2026-05-20
KAGGLE-00878-T,Kaggle- lentil     -878,TEMPERATURE,27.1,C,NORMAL,OPTIMAL — ideal temperature,2026-05-20
KAGGLE-00877-P,Kaggle- lentil     -877,PH,7.73,pH,ALERT,HIGHLY ALKALINE — soil amendment required,2026-05-20
KAGGLE-00878-M,Kaggle- lentil     -878,MOISTURE,0.169,VWC,ALERT,CRITICAL DRY — irrigate immediately,2026-05-20
KAGGLE-00881-T,Kaggle- lentil     -881,TEMPERATURE,19.6,C,WARNING,COOL — suboptimal for crops,2026-05-20
KAGGLE-00881-M,Kaggle- lentil     -881,MOISTURE,0.287,VWC,WARNING,DRY — schedule irrigation within 24hrs,2026-05-20
KAGGLE-00880-P,Kaggle- lentil     -880,PH,6.9,pH,WARNING,ALKALINE — nutrient availability reduced,2026-05-20
KAGGLE-00880-T,Kaggle- lentil     -880,TEMPERATURE,26.7,C,NORMAL,OPTIMAL — ideal temperature,2026-05-20
KAGGLE-00880-M,Kaggle- lentil     -880,MOISTURE,0.183,VWC,ALERT,CRITICAL DRY — irrigate immediately,2026-05-20
KAGGLE-00879-P,Kaggle- lentil     -879,PH,7.24,pH,WARNING,ALKALINE — nutrient availability reduced,2026-05-20
KAGGLE-00881-P,Kaggle- lentil     -881,PH,6.82,pH,WARNING,ALKALINE — nutrient availability reduced,2026-05-20
KAGGLE-00883-T,Kaggle- lentil     -883,TEMPERATURE,28.0,C,NORMAL,OPTIMAL — ideal temperature,2026-05-20
KAGGLE-00883-M,Kaggle- lentil     -883,MOISTURE,0.243,VWC,WARNING,DRY — schedule irrigation within 24hrs,2026-05-20
KAGGLE-00882-P,Kaggle- lentil     -882,PH,6.26,pH,NORMAL,OPTIMAL — ideal for crops,2026-05-20
KAGGLE-00882-T,Kaggle- lentil     -882,TEMPERATURE,26.1,C,NORMAL,OPTIMAL — ideal temperature,2026-05-20
KAGGLE-00882-M,Kaggle- lentil     -882,MOISTURE,0.266,VWC,WARNING,DRY — schedule irrigation within 24hrs,2026-05-20
KAGGLE-00885-T,Kaggle- lentil     -885,TEMPERATURE,25.7,C,NORMAL,OPTIMAL — ideal temperature,2026-05-20
KAGGLE-00884-M,Kaggle- lentil     -884,MOISTURE,0.15,VWC,ALERT,CRITICAL DRY — irrigate immediately,2026-05-20
KAGGLE-00884-T,Kaggle- lentil     -884,TEMPERATURE,29.1,C,NORMAL,OPTIMAL — ideal temperature,2026-05-20
KAGGLE-00885-M,Kaggle- lentil     -885,MOISTURE,0.231,VWC,WARNING,DRY — schedule irrigation within 24hrs,2026-05-20
KAGGLE-00883-P,Kaggle- lentil     -883,PH,6.49,pH,NORMAL,OPTIMAL — ideal for crops,2026-05-20
KAGGLE-00884-P,Kaggle- lentil     -884,PH,7.04,pH,WARNING,ALKALINE — nutrient availability reduced,2026-05-20
KAGGLE-00887-M,Kaggle- lentil     -887,MOISTURE,0.274,VWC,WARNING,DRY — schedule irrigation within 24hrs,2026-05-20
KAGGLE-00886-P,Kaggle- lentil     -886,PH,6.25,pH,NORMAL,OPTIMAL — ideal for crops,2026-05-20
KAGGLE-00886-T,Kaggle- lentil     -886,TEMPERATURE,21.8,C,NORMAL,OPTIMAL — ideal temperature,2026-05-20
KAGGLE-00886-M,Kaggle- lentil     -886,MOISTURE,0.191,VWC,ALERT,CRITICAL DRY — irrigate immediately,2026-05-20
KAGGLE-00885-P,Kaggle- lentil     -885,PH,7.69,pH,ALERT,HIGHLY ALKALINE — soil amendment required,2026-05-20
KAGGLE-00889-M,Kaggle- lentil     -889,MOISTURE,0.162,VWC,ALERT,CRITICAL DRY — irrigate immediately,2026-05-20
KAGGLE-00888-P,Kaggle- lentil     -888,PH,7.0,pH,WARNING,ALKALINE — nutrient availability reduced,2026-05-20
KAGGLE-00888-T,Kaggle- lentil     -888,TEMPERATURE,20.9,C,NORMAL,OPTIMAL — ideal temperature,2026-05-20
KAGGLE-00888-M,Kaggle- lentil     -888,MOISTURE,0.266,VWC,WARNING,DRY — schedule irrigation within 24hrs,2026-05-20
KAGGLE-00887-P,Kaggle- lentil     -887,PH,6.05,pH,NORMAL,OPTIMAL — ideal for crops,2026-05-20
KAGGLE-00887-T,Kaggle- lentil     -887,TEMPERATURE,24.7,C,NORMAL,OPTIMAL — ideal temperature,2026-05-20
KAGGLE-00890-M,Kaggle- lentil     -890,MOISTURE,0.157,VWC,ALERT,CRITICAL DRY — irrigate immediately,2026-05-20
KAGGLE-00889-P,Kaggle- lentil     -889,PH,7.27,pH,WARNING,ALKALINE — nutrient availability reduced,2026-05-20
KAGGLE-00889-T,Kaggle- lentil     -889,TEMPERATURE,24.8,C,NORMAL,OPTIMAL — ideal temperature,2026-05-20
KAGGLE-00890-T,Kaggle- lentil     -890,TEMPERATURE,21.9,C,NORMAL,OPTIMAL — ideal temperature,2026-05-20
KAGGLE-00890-P,Kaggle- lentil     -890,PH,5.96,pH,NORMAL,OPTIMAL — ideal for crops,2026-05-20
KAGGLE-00891-M,Kaggle- lentil     -891,MOISTURE,0.278,VWC,WARNING,DRY — schedule irrigation within 24hrs,2026-05-20
KAGGLE-00891-T,Kaggle- lentil     -891,TEMPERATURE,25.9,C,NORMAL,OPTIMAL — ideal temperature,2026-05-20
KAGGLE-00892-T,Kaggle- lentil     -892,TEMPERATURE,29.8,C,NORMAL,OPTIMAL — ideal temperature,2026-05-20
KAGGLE-00892-M,Kaggle- lentil     -892,MOISTURE,0.236,VWC,WARNING,DRY — schedule irrigation within 24hrs,2026-05-20
KAGGLE-00891-P,Kaggle- lentil     -891,PH,7.08,pH,WARNING,ALKALINE — nutrient availability reduced,2026-05-20
KAGGLE-00893-M,Kaggle- lentil     -893,MOISTURE,0.191,VWC,ALERT,CRITICAL DRY — irrigate immediately,2026-05-20
KAGGLE-00892-P,Kaggle- lentil     -892,PH,6.59,pH,NORMAL,OPTIMAL — ideal for crops,2026-05-20
KAGGLE-00893-P,Kaggle- lentil     -893,PH,7.29,pH,WARNING,ALKALINE — nutrient availability reduced,2026-05-20
KAGGLE-00893-T,Kaggle- lentil     -893,TEMPERATURE,27.5,C,NORMAL,OPTIMAL — ideal temperature,2026-05-20
KAGGLE-00894-P,Kaggle- lentil     -894,PH,7.33,pH,WARNING,ALKALINE — nutrient availability reduced,2026-05-20
KAGGLE-00894-T,Kaggle- lentil     -894,TEMPERATURE,28.0,C,NORMAL,OPTIMAL — ideal temperature,2026-05-20
KAGGLE-00894-M,Kaggle- lentil     -894,MOISTURE,0.29,VWC,WARNING,DRY — schedule irrigation within 24hrs,2026-05-20
KAGGLE-00895-M,Kaggle- lentil     -895,MOISTURE,0.146,VWC,ALERT,CRITICAL DRY — irrigate immediately,2026-05-20
KAGGLE-00895-T,Kaggle- lentil     -895,TEMPERATURE,20.8,C,NORMAL,OPTIMAL — ideal temperature,2026-05-20
KAGGLE-00895-P,Kaggle- lentil     -895,PH,6.37,pH,NORMAL,OPTIMAL — ideal for crops,2026-05-20
KAGGLE-00896-M,Kaggle- lentil     -896,MOISTURE,0.231,VWC,WARNING,DRY — schedule irrigation within 24hrs,2026-05-20
KAGGLE-00896-T,Kaggle- lentil     -896,TEMPERATURE,23.1,C,NORMAL,OPTIMAL — ideal temperature,2026-05-20
KAGGLE-00896-P,Kaggle- lentil     -896,PH,7.01,pH,WARNING,ALKALINE — nutrient availability reduced,2026-05-20
KAGGLE-00897-M,Kaggle- lentil     -897,MOISTURE,0.149,VWC,ALERT,CRITICAL DRY — irrigate immediately,2026-05-20
KAGGLE-00897-P,Kaggle- lentil     -897,PH,6.28,pH,NORMAL,OPTIMAL — ideal for crops,2026-05-20
KAGGLE-00897-T,Kaggle- lentil     -897,TEMPERATURE,21.7,C,NORMAL,OPTIMAL — ideal temperature,2026-05-20
KAGGLE-00898-M,Kaggle- lentil     -898,MOISTURE,0.24,VWC,WARNING,DRY — schedule irrigation within 24hrs,2026-05-20
KAGGLE-00898-T,Kaggle- lentil     -898,TEMPERATURE,26.3,C,NORMAL,OPTIMAL — ideal temperature,2026-05-20
KAGGLE-00898-P,Kaggle- lentil     -898,PH,7.62,pH,ALERT,HIGHLY ALKALINE — soil amendment required,2026-05-20
KAGGLE-00899-M,Kaggle- lentil     -899,MOISTURE,0.202,VWC,WARNING,DRY — schedule irrigation within 24hrs,2026-05-20
KAGGLE-00899-T,Kaggle- lentil     -899,TEMPERATURE,21.0,C,NORMAL,OPTIMAL — ideal temperature,2026-05-20
KAGGLE-00899-P,Kaggle- lentil     -899,PH,7.63,pH,ALERT,HIGHLY ALKALINE — soil amendment required,2026-05-20
KAGGLE-00900-M,Kaggle- lentil     -900,MOISTURE,0.168,VWC,ALERT,CRITICAL DRY — irrigate immediately,2026-05-20
KAGGLE-00900-T,Kaggle- lentil     -900,TEMPERATURE,23.9,C,NORMAL,OPTIMAL — ideal temperature,2026-05-20
KAGGLE-00900-P,Kaggle- lentil     -900,PH,7.8,pH,ALERT,HIGHLY ALKALINE — soil amendment required,2026-05-20
KAGGLE-00901-T,Kaggle- pomegranate-901,TEMPERATURE,24.6,C,NORMAL,OPTIMAL — ideal temperature,2026-05-20
KAGGLE-00901-M,Kaggle- pomegranate-901,MOISTURE,0.298,VWC,WARNING,DRY — schedule irrigation within 24hrs,2026-05-20
KAGGLE-00901-P,Kaggle- pomegranate-901,PH,5.92,pH,NORMAL,OPTIMAL — ideal for crops,2026-05-20
KAGGLE-00902-M,Kaggle- pomegranate-902,MOISTURE,0.262,VWC,WARNING,DRY — schedule irrigation within 24hrs,2026-05-20
KAGGLE-00902-T,Kaggle- pomegranate-902,TEMPERATURE,19.7,C,WARNING,COOL — suboptimal for crops,2026-05-20
KAGGLE-00902-P,Kaggle- pomegranate-902,PH,5.94,pH,NORMAL,OPTIMAL — ideal for crops,2026-05-20
KAGGLE-00903-T,Kaggle- pomegranate-903,TEMPERATURE,18.8,C,WARNING,COOL — suboptimal for crops,2026-05-20
KAGGLE-00903-M,Kaggle- pomegranate-903,MOISTURE,0.162,VWC,ALERT,CRITICAL DRY — irrigate immediately,2026-05-20
KAGGLE-00903-P,Kaggle- pomegranate-903,PH,6.8,pH,NORMAL,OPTIMAL — ideal for crops,2026-05-20
KAGGLE-00906-M,Kaggle- pomegranate-906,MOISTURE,0.122,VWC,ALERT,CRITICAL DRY — irrigate immediately,2026-05-20
KAGGLE-00905-P,Kaggle- pomegranate-905,PH,6.74,pH,NORMAL,OPTIMAL — ideal for crops,2026-05-20
KAGGLE-00905-T,Kaggle- pomegranate-905,TEMPERATURE,22.4,C,NORMAL,OPTIMAL — ideal temperature,2026-05-20
KAGGLE-00905-M,Kaggle- pomegranate-905,MOISTURE,0.227,VWC,WARNING,DRY — schedule irrigation within 24hrs,2026-05-20
KAGGLE-00904-P,Kaggle- pomegranate-904,PH,6.42,pH,NORMAL,OPTIMAL — ideal for crops,2026-05-20
KAGGLE-00904-T,Kaggle- pomegranate-904,TEMPERATURE,24.1,C,NORMAL,OPTIMAL — ideal temperature,2026-05-20
KAGGLE-00904-M,Kaggle- pomegranate-904,MOISTURE,0.297,VWC,WARNING,DRY — schedule irrigation within 24hrs,2026-05-20
KAGGLE-00906-T,Kaggle- pomegranate-906,TEMPERATURE,25.0,C,NORMAL,OPTIMAL — ideal temperature,2026-05-20
KAGGLE-00907-T,Kaggle- pomegranate-907,TEMPERATURE,22.6,C,NORMAL,OPTIMAL — ideal temperature,2026-05-20
KAGGLE-00907-M,Kaggle- pomegranate-907,MOISTURE,0.263,VWC,WARNING,DRY — schedule irrigation within 24hrs,2026-05-20
KAGGLE-00906-P,Kaggle- pomegranate-906,PH,6.5,pH,NORMAL,OPTIMAL — ideal for crops,2026-05-20
KAGGLE-00909-M,Kaggle- pomegranate-909,MOISTURE,0.108,VWC,ALERT,CRITICAL DRY — irrigate immediately,2026-05-20
KAGGLE-00908-P,Kaggle- pomegranate-908,PH,6.36,pH,NORMAL,OPTIMAL — ideal for crops,2026-05-20
KAGGLE-00908-T,Kaggle- pomegranate-908,TEMPERATURE,22.8,C,NORMAL,OPTIMAL — ideal temperature,2026-05-20
KAGGLE-00908-M,Kaggle- pomegranate-908,MOISTURE,0.237,VWC,WARNING,DRY — schedule irrigation within 24hrs,2026-05-20
KAGGLE-00907-P,Kaggle- pomegranate-907,PH,6.33,pH,NORMAL,OPTIMAL — ideal for crops,2026-05-20
KAGGLE-00911-T,Kaggle- pomegranate-911,TEMPERATURE,24.9,C,NORMAL,OPTIMAL — ideal temperature,2026-05-20
KAGGLE-00911-M,Kaggle- pomegranate-911,MOISTURE,0.169,VWC,ALERT,CRITICAL DRY — irrigate immediately,2026-05-20
KAGGLE-00910-T,Kaggle- pomegranate-910,TEMPERATURE,23.1,C,NORMAL,OPTIMAL — ideal temperature,2026-05-20
KAGGLE-00910-M,Kaggle- pomegranate-910,MOISTURE,0.244,VWC,WARNING,DRY — schedule irrigation within 24hrs,2026-05-20
KAGGLE-00909-P,Kaggle- pomegranate-909,PH,6.92,pH,WARNING,ALKALINE — nutrient availability reduced,2026-05-20
KAGGLE-00909-T,Kaggle- pomegranate-909,TEMPERATURE,19.2,C,WARNING,COOL — suboptimal for crops,2026-05-20
KAGGLE-00910-P,Kaggle- pomegranate-910,PH,6.63,pH,NORMAL,OPTIMAL — ideal for crops,2026-05-20
KAGGLE-00913-M,Kaggle- pomegranate-913,MOISTURE,0.278,VWC,WARNING,DRY — schedule irrigation within 24hrs,2026-05-20
KAGGLE-00912-P,Kaggle- pomegranate-912,PH,6.74,pH,NORMAL,OPTIMAL — ideal for crops,2026-05-20
KAGGLE-00912-T,Kaggle- pomegranate-912,TEMPERATURE,24.8,C,NORMAL,OPTIMAL — ideal temperature,2026-05-20
KAGGLE-00912-M,Kaggle- pomegranate-912,MOISTURE,0.252,VWC,WARNING,DRY — schedule irrigation within 24hrs,2026-05-20
KAGGLE-00911-P,Kaggle- pomegranate-911,PH,5.83,pH,NORMAL,OPTIMAL — ideal for crops,2026-05-20
KAGGLE-00914-M,Kaggle- pomegranate-914,MOISTURE,0.15,VWC,ALERT,CRITICAL DRY — irrigate immediately,2026-05-20
KAGGLE-00913-P,Kaggle- pomegranate-913,PH,5.78,pH,NORMAL,OPTIMAL — ideal for crops,2026-05-20
KAGGLE-00913-T,Kaggle- pomegranate-913,TEMPERATURE,19.9,C,WARNING,COOL — suboptimal for crops,2026-05-20
KAGGLE-00914-T,Kaggle- pomegranate-914,TEMPERATURE,24.3,C,NORMAL,OPTIMAL — ideal temperature,2026-05-20
KAGGLE-00914-P,Kaggle- pomegranate-914,PH,6.54,pH,NORMAL,OPTIMAL — ideal for crops,2026-05-20
KAGGLE-00915-M,Kaggle- pomegranate-915,MOISTURE,0.268,VWC,WARNING,DRY — schedule irrigation within 24hrs,2026-05-20
KAGGLE-00915-T,Kaggle- pomegranate-915,TEMPERATURE,23.6,C,NORMAL,OPTIMAL — ideal temperature,2026-05-20
KAGGLE-00915-P,Kaggle- pomegranate-915,PH,6.15,pH,NORMAL,OPTIMAL — ideal for crops,2026-05-20
KAGGLE-00916-M,Kaggle- pomegranate-916,MOISTURE,0.154,VWC,ALERT,CRITICAL DRY — irrigate immediately,2026-05-20
KAGGLE-00916-P,Kaggle- pomegranate-916,PH,6.89,pH,WARNING,ALKALINE — nutrient availability reduced,2026-05-20
KAGGLE-00916-T,Kaggle- pomegranate-916,TEMPERATURE,19.7,C,WARNING,COOL — suboptimal for crops,2026-05-20
KAGGLE-00917-M,Kaggle- pomegranate-917,MOISTURE,0.243,VWC,WARNING,DRY — schedule irrigation within 24hrs,2026-05-20
KAGGLE-00917-T,Kaggle- pomegranate-917,TEMPERATURE,22.4,C,NORMAL,OPTIMAL — ideal temperature,2026-05-20
KAGGLE-00918-M,Kaggle- pomegranate-918,MOISTURE,0.19,VWC,ALERT,CRITICAL DRY — irrigate immediately,2026-05-20
KAGGLE-00917-P,Kaggle- pomegranate-917,PH,7.18,pH,WARNING,ALKALINE — nutrient availability reduced,2026-05-20
KAGGLE-00918-T,Kaggle- pomegranate-918,TEMPERATURE,21.6,C,NORMAL,OPTIMAL — ideal temperature,2026-05-20
KAGGLE-00918-P,Kaggle- pomegranate-918,PH,5.94,pH,NORMAL,OPTIMAL — ideal for crops,2026-05-20
KAGGLE-00919-T,Kaggle- pomegranate-919,TEMPERATURE,18.3,C,WARNING,COOL — suboptimal for crops,2026-05-20
KAGGLE-00919-M,Kaggle- pomegranate-919,MOISTURE,0.288,VWC,WARNING,DRY — schedule irrigation within 24hrs,2026-05-20
KAGGLE-00919-P,Kaggle- pomegranate-919,PH,5.71,pH,NORMAL,OPTIMAL — ideal for crops,2026-05-20
KAGGLE-00920-M,Kaggle- pomegranate-920,MOISTURE,0.131,VWC,ALERT,CRITICAL DRY — irrigate immediately,2026-05-20
KAGGLE-00920-T,Kaggle- pomegranate-920,TEMPERATURE,23.7,C,NORMAL,OPTIMAL — ideal temperature,2026-05-20
KAGGLE-00920-P,Kaggle- pomegranate-920,PH,6.18,pH,NORMAL,OPTIMAL — ideal for crops,2026-05-20
KAGGLE-00921-M,Kaggle- pomegranate-921,MOISTURE,0.117,VWC,ALERT,CRITICAL DRY — irrigate immediately,2026-05-20
KAGGLE-00922-M,Kaggle- pomegranate-922,MOISTURE,0.256,VWC,WARNING,DRY — schedule irrigation within 24hrs,2026-05-20
KAGGLE-00921-P,Kaggle- pomegranate-921,PH,6.55,pH,NORMAL,OPTIMAL — ideal for crops,2026-05-20
KAGGLE-00921-T,Kaggle- pomegranate-921,TEMPERATURE,22.5,C,NORMAL,OPTIMAL — ideal temperature,2026-05-20
KAGGLE-00922-P,Kaggle- pomegranate-922,PH,5.89,pH,NORMAL,OPTIMAL — ideal for crops,2026-05-20
KAGGLE-00923-T,Kaggle- pomegranate-923,TEMPERATURE,20.1,C,NORMAL,OPTIMAL — ideal temperature,2026-05-20
KAGGLE-00923-M,Kaggle- pomegranate-923,MOISTURE,0.166,VWC,ALERT,CRITICAL DRY — irrigate immediately,2026-05-20
KAGGLE-00922-T,Kaggle- pomegranate-922,TEMPERATURE,21.7,C,NORMAL,OPTIMAL — ideal temperature,2026-05-20
KAGGLE-00924-M,Kaggle- pomegranate-924,MOISTURE,0.289,VWC,WARNING,DRY — schedule irrigation within 24hrs,2026-05-20
KAGGLE-00923-P,Kaggle- pomegranate-923,PH,6.14,pH,NORMAL,OPTIMAL — ideal for crops,2026-05-20
KAGGLE-00924-P,Kaggle- pomegranate-924,PH,6.1,pH,NORMAL,OPTIMAL — ideal for crops,2026-05-20
KAGGLE-00924-T,Kaggle- pomegranate-924,TEMPERATURE,18.4,C,WARNING,COOL — suboptimal for crops,2026-05-20
KAGGLE-00925-M,Kaggle- pomegranate-925,MOISTURE,0.127,VWC,ALERT,CRITICAL DRY — irrigate immediately,2026-05-20
KAGGLE-00925-T,Kaggle- pomegranate-925,TEMPERATURE,19.7,C,WARNING,COOL — suboptimal for crops,2026-05-20
KAGGLE-00926-M,Kaggle- pomegranate-926,MOISTURE,0.106,VWC,ALERT,CRITICAL DRY — irrigate immediately,2026-05-20
KAGGLE-00925-P,Kaggle- pomegranate-925,PH,6.59,pH,NORMAL,OPTIMAL — ideal for crops,2026-05-20
KAGGLE-00926-T,Kaggle- pomegranate-926,TEMPERATURE,23.2,C,NORMAL,OPTIMAL — ideal temperature,2026-05-20
KAGGLE-00927-T,Kaggle- pomegranate-927,TEMPERATURE,18.9,C,WARNING,COOL — suboptimal for crops,2026-05-20
KAGGLE-00927-M,Kaggle- pomegranate-927,MOISTURE,0.263,VWC,WARNING,DRY — schedule irrigation within 24hrs,2026-05-20
KAGGLE-00926-P,Kaggle- pomegranate-926,PH,6.86,pH,WARNING,ALKALINE — nutrient availability reduced,2026-05-20
KAGGLE-00928-M,Kaggle- pomegranate-928,MOISTURE,0.185,VWC,ALERT,CRITICAL DRY — irrigate immediately,2026-05-20
KAGGLE-00927-P,Kaggle- pomegranate-927,PH,6.57,pH,NORMAL,OPTIMAL — ideal for crops,2026-05-20
KAGGLE-00929-M,Kaggle- pomegranate-929,MOISTURE,0.284,VWC,WARNING,DRY — schedule irrigation within 24hrs,2026-05-20
KAGGLE-00928-P,Kaggle- pomegranate-928,PH,6.77,pH,NORMAL,OPTIMAL — ideal for crops,2026-05-20
KAGGLE-00928-T,Kaggle- pomegranate-928,TEMPERATURE,22.1,C,NORMAL,OPTIMAL — ideal temperature,2026-05-20
KAGGLE-00929-P,Kaggle- pomegranate-929,PH,7.13,pH,WARNING,ALKALINE — nutrient availability reduced,2026-05-20
KAGGLE-00929-T,Kaggle- pomegranate-929,TEMPERATURE,18.5,C,WARNING,COOL — suboptimal for crops,2026-05-20
KAGGLE-00930-M,Kaggle- pomegranate-930,MOISTURE,0.291,VWC,WARNING,DRY — schedule irrigation within 24hrs,2026-05-20
KAGGLE-00930-T,Kaggle- pomegranate-930,TEMPERATURE,19.8,C,WARNING,COOL — suboptimal for crops,2026-05-20
KAGGLE-00931-M,Kaggle- pomegranate-931,MOISTURE,0.17,VWC,ALERT,CRITICAL DRY — irrigate immediately,2026-05-20
KAGGLE-00932-M,Kaggle- pomegranate-932,MOISTURE,0.17,VWC,ALERT,CRITICAL DRY — irrigate immediately,2026-05-20
KAGGLE-00932-P,Kaggle- pomegranate-932,PH,6.65,pH,NORMAL,OPTIMAL — ideal for crops,2026-05-20
KAGGLE-00931-P,Kaggle- pomegranate-931,PH,5.84,pH,NORMAL,OPTIMAL — ideal for crops,2026-05-20
KAGGLE-00930-P,Kaggle- pomegranate-930,PH,5.74,pH,NORMAL,OPTIMAL — ideal for crops,2026-05-20
KAGGLE-00931-T,Kaggle- pomegranate-931,TEMPERATURE,24.5,C,NORMAL,OPTIMAL — ideal temperature,2026-05-20
KAGGLE-00933-M,Kaggle- pomegranate-933,MOISTURE,0.272,VWC,WARNING,DRY — schedule irrigation within 24hrs,2026-05-20
KAGGLE-00932-T,Kaggle- pomegranate-932,TEMPERATURE,18.8,C,WARNING,COOL — suboptimal for crops,2026-05-20
KAGGLE-00933-P,Kaggle- pomegranate-933,PH,6.9,pH,WARNING,ALKALINE — nutrient availability reduced,2026-05-20
KAGGLE-00933-T,Kaggle- pomegranate-933,TEMPERATURE,19.5,C,WARNING,COOL — suboptimal for crops,2026-05-20
KAGGLE-00934-T,Kaggle- pomegranate-934,TEMPERATURE,18.9,C,WARNING,COOL — suboptimal for crops,2026-05-20
KAGGLE-00934-M,Kaggle- pomegranate-934,MOISTURE,0.193,VWC,ALERT,CRITICAL DRY — irrigate immediately,2026-05-20
KAGGLE-00934-P,Kaggle- pomegranate-934,PH,6.61,pH,NORMAL,OPTIMAL — ideal for crops,2026-05-20
KAGGLE-00935-M,Kaggle- pomegranate-935,MOISTURE,0.196,VWC,ALERT,CRITICAL DRY — irrigate immediately,2026-05-20
KAGGLE-00935-T,Kaggle- pomegranate-935,TEMPERATURE,19.9,C,WARNING,COOL — suboptimal for crops,2026-05-20
KAGGLE-00936-T,Kaggle- pomegranate-936,TEMPERATURE,19.7,C,WARNING,COOL — suboptimal for crops,2026-05-20
KAGGLE-00935-P,Kaggle- pomegranate-935,PH,6.83,pH,WARNING,ALKALINE — nutrient availability reduced,2026-05-20
KAGGLE-00936-M,Kaggle- pomegranate-936,MOISTURE,0.211,VWC,WARNING,DRY — schedule irrigation within 24hrs,2026-05-20
KAGGLE-00937-T,Kaggle- pomegranate-937,TEMPERATURE,23.8,C,NORMAL,OPTIMAL — ideal temperature,2026-05-20
KAGGLE-00937-M,Kaggle- pomegranate-937,MOISTURE,0.264,VWC,WARNING,DRY — schedule irrigation within 24hrs,2026-05-20
KAGGLE-00936-P,Kaggle- pomegranate-936,PH,6.91,pH,WARNING,ALKALINE — nutrient availability reduced,2026-05-20
KAGGLE-00937-P,Kaggle- pomegranate-937,PH,6.31,pH,NORMAL,OPTIMAL — ideal for crops,2026-05-20
KAGGLE-00938-M,Kaggle- pomegranate-938,MOISTURE,0.127,VWC,ALERT,CRITICAL DRY — irrigate immediately,2026-05-20
KAGGLE-00938-T,Kaggle- pomegranate-938,TEMPERATURE,24.9,C,NORMAL,OPTIMAL — ideal temperature,2026-05-20
KAGGLE-00939-M,Kaggle- pomegranate-939,MOISTURE,0.16,VWC,ALERT,CRITICAL DRY — irrigate immediately,2026-05-20
KAGGLE-00938-P,Kaggle- pomegranate-938,PH,7.01,pH,WARNING,ALKALINE — nutrient availability reduced,2026-05-20
KAGGLE-00939-T,Kaggle- pomegranate-939,TEMPERATURE,24.7,C,NORMAL,OPTIMAL — ideal temperature,2026-05-20
KAGGLE-00939-P,Kaggle- pomegranate-939,PH,6.3,pH,NORMAL,OPTIMAL — ideal for crops,2026-05-20
KAGGLE-00940-M,Kaggle- pomegranate-940,MOISTURE,0.273,VWC,WARNING,DRY — schedule irrigation within 24hrs,2026-05-20
KAGGLE-00941-M,Kaggle- pomegranate-941,MOISTURE,0.112,VWC,ALERT,CRITICAL DRY — irrigate immediately,2026-05-20
KAGGLE-00940-P,Kaggle- pomegranate-940,PH,6.73,pH,NORMAL,OPTIMAL — ideal for crops,2026-05-20
KAGGLE-00940-T,Kaggle- pomegranate-940,TEMPERATURE,24.7,C,NORMAL,OPTIMAL — ideal temperature,2026-05-20
KAGGLE-00941-T,Kaggle- pomegranate-941,TEMPERATURE,20.1,C,NORMAL,OPTIMAL — ideal temperature,2026-05-20
KAGGLE-00941-P,Kaggle- pomegranate-941,PH,6.97,pH,WARNING,ALKALINE — nutrient availability reduced,2026-05-20
KAGGLE-00942-T,Kaggle- pomegranate-942,TEMPERATURE,21.0,C,NORMAL,OPTIMAL — ideal temperature,2026-05-20
KAGGLE-00942-M,Kaggle- pomegranate-942,MOISTURE,0.158,VWC,ALERT,CRITICAL DRY — irrigate immediately,2026-05-20
KAGGLE-00943-M,Kaggle- pomegranate-943,MOISTURE,0.129,VWC,ALERT,CRITICAL DRY — irrigate immediately,2026-05-20
KAGGLE-00942-P,Kaggle- pomegranate-942,PH,5.58,pH,NORMAL,OPTIMAL — ideal for crops,2026-05-20
KAGGLE-00943-P,Kaggle- pomegranate-943,PH,7.2,pH,WARNING,ALKALINE — nutrient availability reduced,2026-05-20
KAGGLE-00943-T,Kaggle- pomegranate-943,TEMPERATURE,22.4,C,NORMAL,OPTIMAL — ideal temperature,2026-05-20
KAGGLE-00944-M,Kaggle- pomegranate-944,MOISTURE,0.21,VWC,WARNING,DRY — schedule irrigation within 24hrs,2026-05-20
KAGGLE-00944-T,Kaggle- pomegranate-944,TEMPERATURE,20.3,C,NORMAL,OPTIMAL — ideal temperature,2026-05-20
KAGGLE-00944-P,Kaggle- pomegranate-944,PH,5.84,pH,NORMAL,OPTIMAL — ideal for crops,2026-05-20
KAGGLE-00945-M,Kaggle- pomegranate-945,MOISTURE,0.197,VWC,ALERT,CRITICAL DRY — irrigate immediately,2026-05-20
KAGGLE-00945-P,Kaggle- pomegranate-945,PH,6.71,pH,NORMAL,OPTIMAL — ideal for crops,2026-05-20
KAGGLE-00945-T,Kaggle- pomegranate-945,TEMPERATURE,24.2,C,NORMAL,OPTIMAL — ideal temperature,2026-05-20
KAGGLE-00946-M,Kaggle- pomegranate-946,MOISTURE,0.221,VWC,WARNING,DRY — schedule irrigation within 24hrs,2026-05-20
KAGGLE-00946-T,Kaggle- pomegranate-946,TEMPERATURE,24.8,C,NORMAL,OPTIMAL — ideal temperature,2026-05-20
KAGGLE-00946-P,Kaggle- pomegranate-946,PH,5.97,pH,NORMAL,OPTIMAL — ideal for crops,2026-05-20
KAGGLE-00947-T,Kaggle- pomegranate-947,TEMPERATURE,19.7,C,WARNING,COOL — suboptimal for crops,2026-05-20
KAGGLE-00947-M,Kaggle- pomegranate-947,MOISTURE,0.292,VWC,WARNING,DRY — schedule irrigation within 24hrs,2026-05-20
KAGGLE-00948-T,Kaggle- pomegranate-948,TEMPERATURE,22.4,C,NORMAL,OPTIMAL — ideal temperature,2026-05-20
KAGGLE-00948-M,Kaggle- pomegranate-948,MOISTURE,0.162,VWC,ALERT,CRITICAL DRY — irrigate immediately,2026-05-20
KAGGLE-00947-P,Kaggle- pomegranate-947,PH,5.56,pH,NORMAL,OPTIMAL — ideal for crops,2026-05-20
KAGGLE-00948-P,Kaggle- pomegranate-948,PH,6.11,pH,NORMAL,OPTIMAL — ideal for crops,2026-05-20
KAGGLE-00950-M,Kaggle- pomegranate-950,MOISTURE,0.296,VWC,WARNING,DRY — schedule irrigation within 24hrs,2026-05-20
KAGGLE-00949-P,Kaggle- pomegranate-949,PH,6.99,pH,WARNING,ALKALINE — nutrient availability reduced,2026-05-20
KAGGLE-00949-T,Kaggle- pomegranate-949,TEMPERATURE,22.9,C,NORMAL,OPTIMAL — ideal temperature,2026-05-20
KAGGLE-00949-M,Kaggle- pomegranate-949,MOISTURE,0.194,VWC,ALERT,CRITICAL DRY — irrigate immediately,2026-05-20
KAGGLE-00950-P,Kaggle- pomegranate-950,PH,7.13,pH,WARNING,ALKALINE — nutrient availability reduced,2026-05-20
KAGGLE-00950-T,Kaggle- pomegranate-950,TEMPERATURE,22.9,C,NORMAL,OPTIMAL — ideal temperature,2026-05-20
KAGGLE-00951-M,Kaggle- pomegranate-951,MOISTURE,0.21,VWC,WARNING,DRY — schedule irrigation within 24hrs,2026-05-20
KAGGLE-00951-T,Kaggle- pomegranate-951,TEMPERATURE,24.9,C,NORMAL,OPTIMAL — ideal temperature,2026-05-20
KAGGLE-00953-P,Kaggle- pomegranate-953,PH,7.16,pH,WARNING,ALKALINE — nutrient availability reduced,2026-05-20
KAGGLE-00952-M,Kaggle- pomegranate-952,MOISTURE,0.159,VWC,ALERT,CRITICAL DRY — irrigate immediately,2026-05-20
KAGGLE-00953-M,Kaggle- pomegranate-953,MOISTURE,0.289,VWC,WARNING,DRY — schedule irrigation within 24hrs,2026-05-20
KAGGLE-00952-P,Kaggle- pomegranate-952,PH,6.75,pH,NORMAL,OPTIMAL — ideal for crops,2026-05-20
KAGGLE-00952-T,Kaggle- pomegranate-952,TEMPERATURE,23.4,C,NORMAL,OPTIMAL — ideal temperature,2026-05-20
KAGGLE-00953-T,Kaggle- pomegranate-953,TEMPERATURE,21.2,C,NORMAL,OPTIMAL — ideal temperature,2026-05-20
KAGGLE-00951-P,Kaggle- pomegranate-951,PH,7.09,pH,WARNING,ALKALINE — nutrient availability reduced,2026-05-20
KAGGLE-00955-M,Kaggle- pomegranate-955,MOISTURE,0.114,VWC,ALERT,CRITICAL DRY — irrigate immediately,2026-05-20
KAGGLE-00954-P,Kaggle- pomegranate-954,PH,7.01,pH,WARNING,ALKALINE — nutrient availability reduced,2026-05-20
KAGGLE-00954-T,Kaggle- pomegranate-954,TEMPERATURE,18.2,C,WARNING,COOL — suboptimal for crops,2026-05-20
KAGGLE-00954-M,Kaggle- pomegranate-954,MOISTURE,0.282,VWC,WARNING,DRY — schedule irrigation within 24hrs,2026-05-20
KAGGLE-00956-T,Kaggle- pomegranate-956,TEMPERATURE,24.3,C,NORMAL,OPTIMAL — ideal temperature,2026-05-20
KAGGLE-00956-M,Kaggle- pomegranate-956,MOISTURE,0.204,VWC,WARNING,DRY — schedule irrigation within 24hrs,2026-05-20
KAGGLE-00955-P,Kaggle- pomegranate-955,PH,5.65,pH,NORMAL,OPTIMAL — ideal for crops,2026-05-20
KAGGLE-00955-T,Kaggle- pomegranate-955,TEMPERATURE,22.3,C,NORMAL,OPTIMAL — ideal temperature,2026-05-20
KAGGLE-00957-P,Kaggle- pomegranate-957,PH,7.05,pH,WARNING,ALKALINE — nutrient availability reduced,2026-05-20
KAGGLE-00957-M,Kaggle- pomegranate-957,MOISTURE,0.188,VWC,ALERT,CRITICAL DRY — irrigate immediately,2026-05-20
KAGGLE-00957-T,Kaggle- pomegranate-957,TEMPERATURE,19.8,C,WARNING,COOL — suboptimal for crops,2026-05-20
KAGGLE-00956-P,Kaggle- pomegranate-956,PH,6.61,pH,NORMAL,OPTIMAL — ideal for crops,2026-05-20
KAGGLE-00960-M,Kaggle- pomegranate-960,MOISTURE,0.199,VWC,ALERT,CRITICAL DRY — irrigate immediately,2026-05-20
KAGGLE-00961-P,Kaggle- pomegranate-961,PH,5.68,pH,NORMAL,OPTIMAL — ideal for crops,2026-05-20
KAGGLE-00961-M,Kaggle- pomegranate-961,MOISTURE,0.287,VWC,WARNING,DRY — schedule irrigation within 24hrs,2026-05-20
KAGGLE-00963-M,Kaggle- pomegranate-963,MOISTURE,0.299,VWC,WARNING,DRY — schedule irrigation within 24hrs,2026-05-20
KAGGLE-00958-T,Kaggle- pomegranate-958,TEMPERATURE,19.9,C,WARNING,COOL — suboptimal for crops,2026-05-20
KAGGLE-00962-M,Kaggle- pomegranate-962,MOISTURE,0.256,VWC,WARNING,DRY — schedule irrigation within 24hrs,2026-05-20
KAGGLE-00959-M,Kaggle- pomegranate-959,MOISTURE,0.262,VWC,WARNING,DRY — schedule irrigation within 24hrs,2026-05-20
KAGGLE-00961-T,Kaggle- pomegranate-961,TEMPERATURE,24.0,C,NORMAL,OPTIMAL — ideal temperature,2026-05-20
KAGGLE-00965-P,Kaggle- pomegranate-965,PH,6.32,pH,NORMAL,OPTIMAL — ideal for crops,2026-05-20
KAGGLE-00965-T,Kaggle- pomegranate-965,TEMPERATURE,24.5,C,NORMAL,OPTIMAL — ideal temperature,2026-05-20
KAGGLE-00962-P,Kaggle- pomegranate-962,PH,6.12,pH,NORMAL,OPTIMAL — ideal for crops,2026-05-20
KAGGLE-00962-T,Kaggle- pomegranate-962,TEMPERATURE,20.9,C,NORMAL,OPTIMAL — ideal temperature,2026-05-20
KAGGLE-00964-P,Kaggle- pomegranate-964,PH,6.28,pH,NORMAL,OPTIMAL — ideal for crops,2026-05-20
KAGGLE-00964-T,Kaggle- pomegranate-964,TEMPERATURE,20.9,C,NORMAL,OPTIMAL — ideal temperature,2026-05-20
KAGGLE-00964-M,Kaggle- pomegranate-964,MOISTURE,0.256,VWC,WARNING,DRY — schedule irrigation within 24hrs,2026-05-20
KAGGLE-00963-P,Kaggle- pomegranate-963,PH,7.0,pH,WARNING,ALKALINE — nutrient availability reduced,2026-05-20
KAGGLE-00958-M,Kaggle- pomegranate-958,MOISTURE,0.197,VWC,ALERT,CRITICAL DRY — irrigate immediately,2026-05-20
KAGGLE-00967-M,Kaggle- pomegranate-967,MOISTURE,0.259,VWC,WARNING,DRY — schedule irrigation within 24hrs,2026-05-20
KAGGLE-00966-P,Kaggle- pomegranate-966,PH,5.96,pH,NORMAL,OPTIMAL — ideal for crops,2026-05-20
KAGGLE-00959-T,Kaggle- pomegranate-959,TEMPERATURE,18.1,C,WARNING,COOL — suboptimal for crops,2026-05-20
KAGGLE-00966-T,Kaggle- pomegranate-966,TEMPERATURE,24.5,C,NORMAL,OPTIMAL — ideal temperature,2026-05-20
KAGGLE-00959-P,Kaggle- pomegranate-959,PH,5.78,pH,NORMAL,OPTIMAL — ideal for crops,2026-05-20
KAGGLE-00958-P,Kaggle- pomegranate-958,PH,6.03,pH,NORMAL,OPTIMAL — ideal for crops,2026-05-20
KAGGLE-00966-M,Kaggle- pomegranate-966,MOISTURE,0.225,VWC,WARNING,DRY — schedule irrigation within 24hrs,2026-05-20
KAGGLE-00965-M,Kaggle- pomegranate-965,MOISTURE,0.297,VWC,WARNING,DRY — schedule irrigation within 24hrs,2026-05-20
KAGGLE-00960-P,Kaggle- pomegranate-960,PH,6.54,pH,NORMAL,OPTIMAL — ideal for crops,2026-05-20
KAGGLE-00960-T,Kaggle- pomegranate-960,TEMPERATURE,23.9,C,NORMAL,OPTIMAL — ideal temperature,2026-05-20
KAGGLE-00963-T,Kaggle- pomegranate-963,TEMPERATURE,20.8,C,NORMAL,OPTIMAL — ideal temperature,2026-05-20
KAGGLE-00968-P,Kaggle- pomegranate-968,PH,7.1,pH,WARNING,ALKALINE — nutrient availability reduced,2026-05-20
KAGGLE-00968-T,Kaggle- pomegranate-968,TEMPERATURE,24.6,C,NORMAL,OPTIMAL — ideal temperature,2026-05-20
KAGGLE-00968-M,Kaggle- pomegranate-968,MOISTURE,0.29,VWC,WARNING,DRY — schedule irrigation within 24hrs,2026-05-20
KAGGLE-00967-P,Kaggle- pomegranate-967,PH,6.59,pH,NORMAL,OPTIMAL — ideal for crops,2026-05-20
KAGGLE-00967-T,Kaggle- pomegranate-967,TEMPERATURE,24.6,C,NORMAL,OPTIMAL — ideal temperature,2026-05-20
KAGGLE-00970-T,Kaggle- pomegranate-970,TEMPERATURE,21.8,C,NORMAL,OPTIMAL — ideal temperature,2026-05-20
KAGGLE-00969-M,Kaggle- pomegranate-969,MOISTURE,0.219,VWC,WARNING,DRY — schedule irrigation within 24hrs,2026-05-20
KAGGLE-00970-M,Kaggle- pomegranate-970,MOISTURE,0.183,VWC,ALERT,CRITICAL DRY — irrigate immediately,2026-05-20
KAGGLE-00969-P,Kaggle- pomegranate-969,PH,6.41,pH,NORMAL,OPTIMAL — ideal for crops,2026-05-20
KAGGLE-00969-T,Kaggle- pomegranate-969,TEMPERATURE,20.1,C,NORMAL,OPTIMAL — ideal temperature,2026-05-20
KAGGLE-00971-T,Kaggle- pomegranate-971,TEMPERATURE,22.8,C,NORMAL,OPTIMAL — ideal temperature,2026-05-20
KAGGLE-00971-M,Kaggle- pomegranate-971,MOISTURE,0.126,VWC,ALERT,CRITICAL DRY — irrigate immediately,2026-05-20
KAGGLE-00970-P,Kaggle- pomegranate-970,PH,6.66,pH,NORMAL,OPTIMAL — ideal for crops,2026-05-20
KAGGLE-00972-M,Kaggle- pomegranate-972,MOISTURE,0.171,VWC,ALERT,CRITICAL DRY — irrigate immediately,2026-05-20
KAGGLE-00971-P,Kaggle- pomegranate-971,PH,6.28,pH,NORMAL,OPTIMAL — ideal for crops,2026-05-20
KAGGLE-00972-P,Kaggle- pomegranate-972,PH,6.83,pH,WARNING,ALKALINE — nutrient availability reduced,2026-05-20
KAGGLE-00972-T,Kaggle- pomegranate-972,TEMPERATURE,22.7,C,NORMAL,OPTIMAL — ideal temperature,2026-05-20
KAGGLE-00973-M,Kaggle- pomegranate-973,MOISTURE,0.226,VWC,WARNING,DRY — schedule irrigation within 24hrs,2026-05-20
KAGGLE-00973-P,Kaggle- pomegranate-973,PH,6.37,pH,NORMAL,OPTIMAL — ideal for crops,2026-05-20
KAGGLE-00973-T,Kaggle- pomegranate-973,TEMPERATURE,23.3,C,NORMAL,OPTIMAL — ideal temperature,2026-05-20
KAGGLE-00974-M,Kaggle- pomegranate-974,MOISTURE,0.25,VWC,WARNING,DRY — schedule irrigation within 24hrs,2026-05-20
KAGGLE-00974-T,Kaggle- pomegranate-974,TEMPERATURE,19.3,C,WARNING,COOL — suboptimal for crops,2026-05-20
KAGGLE-00975-T,Kaggle- pomegranate-975,TEMPERATURE,19.0,C,WARNING,COOL — suboptimal for crops,2026-05-20
KAGGLE-00975-M,Kaggle- pomegranate-975,MOISTURE,0.145,VWC,ALERT,CRITICAL DRY — irrigate immediately,2026-05-20
KAGGLE-00974-P,Kaggle- pomegranate-974,PH,7.01,pH,WARNING,ALKALINE — nutrient availability reduced,2026-05-20
KAGGLE-00975-P,Kaggle- pomegranate-975,PH,6.9,pH,WARNING,ALKALINE — nutrient availability reduced,2026-05-20
KAGGLE-00976-M,Kaggle- pomegranate-976,MOISTURE,0.116,VWC,ALERT,CRITICAL DRY — irrigate immediately,2026-05-20
KAGGLE-00976-P,Kaggle- pomegranate-976,PH,6.15,pH,NORMAL,OPTIMAL — ideal for crops,2026-05-20
KAGGLE-00976-T,Kaggle- pomegranate-976,TEMPERATURE,24.4,C,NORMAL,OPTIMAL — ideal temperature,2026-05-20
KAGGLE-00977-M,Kaggle- pomegranate-977,MOISTURE,0.108,VWC,ALERT,CRITICAL DRY — irrigate immediately,2026-05-20
KAGGLE-00977-P,Kaggle- pomegranate-977,PH,5.74,pH,NORMAL,OPTIMAL — ideal for crops,2026-05-20
KAGGLE-00978-P,Kaggle- pomegranate-978,PH,7.05,pH,WARNING,ALKALINE — nutrient availability reduced,2026-05-20
KAGGLE-00978-M,Kaggle- pomegranate-978,MOISTURE,0.246,VWC,WARNING,DRY — schedule irrigation within 24hrs,2026-05-20
KAGGLE-00978-T,Kaggle- pomegranate-978,TEMPERATURE,21.9,C,NORMAL,OPTIMAL — ideal temperature,2026-05-20
KAGGLE-00977-T,Kaggle- pomegranate-977,TEMPERATURE,24.7,C,NORMAL,OPTIMAL — ideal temperature,2026-05-20
KAGGLE-00979-M,Kaggle- pomegranate-979,MOISTURE,0.156,VWC,ALERT,CRITICAL DRY — irrigate immediately,2026-05-20
KAGGLE-00979-T,Kaggle- pomegranate-979,TEMPERATURE,24.8,C,NORMAL,OPTIMAL — ideal temperature,2026-05-20
KAGGLE-00979-P,Kaggle- pomegranate-979,PH,6.03,pH,NORMAL,OPTIMAL — ideal for crops,2026-05-20
KAGGLE-00980-M,Kaggle- pomegranate-980,MOISTURE,0.247,VWC,WARNING,DRY — schedule irrigation within 24hrs,2026-05-20
KAGGLE-00980-T,Kaggle- pomegranate-980,TEMPERATURE,18.1,C,WARNING,COOL — suboptimal for crops,2026-05-20
KAGGLE-00980-P,Kaggle- pomegranate-980,PH,6.92,pH,WARNING,ALKALINE — nutrient availability reduced,2026-05-20
KAGGLE-00981-M,Kaggle- pomegranate-981,MOISTURE,0.222,VWC,WARNING,DRY — schedule irrigation within 24hrs,2026-05-20
KAGGLE-00981-P,Kaggle- pomegranate-981,PH,6.89,pH,WARNING,ALKALINE — nutrient availability reduced,2026-05-20
KAGGLE-00982-M,Kaggle- pomegranate-982,MOISTURE,0.243,VWC,WARNING,DRY — schedule irrigation within 24hrs,2026-05-20
KAGGLE-00981-T,Kaggle- pomegranate-981,TEMPERATURE,20.2,C,NORMAL,OPTIMAL — ideal temperature,2026-05-20
KAGGLE-00982-P,Kaggle- pomegranate-982,PH,6.84,pH,WARNING,ALKALINE — nutrient availability reduced,2026-05-20
KAGGLE-00982-T,Kaggle- pomegranate-982,TEMPERATURE,23.2,C,NORMAL,OPTIMAL — ideal temperature,2026-05-20
KAGGLE-00983-P,Kaggle- pomegranate-983,PH,5.79,pH,NORMAL,OPTIMAL — ideal for crops,2026-05-20
KAGGLE-00983-T,Kaggle- pomegranate-983,TEMPERATURE,23.5,C,NORMAL,OPTIMAL — ideal temperature,2026-05-20
KAGGLE-00983-M,Kaggle- pomegranate-983,MOISTURE,0.3,VWC,WARNING,DRY — schedule irrigation within 24hrs,2026-05-20
KAGGLE-00984-T,Kaggle- pomegranate-984,TEMPERATURE,19.4,C,WARNING,COOL — suboptimal for crops,2026-05-20
KAGGLE-00984-M,Kaggle- pomegranate-984,MOISTURE,0.241,VWC,WARNING,DRY — schedule irrigation within 24hrs,2026-05-20
KAGGLE-00985-M,Kaggle- pomegranate-985,MOISTURE,0.289,VWC,WARNING,DRY — schedule irrigation within 24hrs,2026-05-20
KAGGLE-00984-P,Kaggle- pomegranate-984,PH,5.63,pH,NORMAL,OPTIMAL — ideal for crops,2026-05-20
KAGGLE-00985-T,Kaggle- pomegranate-985,TEMPERATURE,20.5,C,NORMAL,OPTIMAL — ideal temperature,2026-05-20
KAGGLE-00985-P,Kaggle- pomegranate-985,PH,5.7,pH,NORMAL,OPTIMAL — ideal for crops,2026-05-20
KAGGLE-00986-M,Kaggle- pomegranate-986,MOISTURE,0.109,VWC,ALERT,CRITICAL DRY — irrigate immediately,2026-05-20
KAGGLE-00986-P,Kaggle- pomegranate-986,PH,5.57,pH,NORMAL,OPTIMAL — ideal for crops,2026-05-20
KAGGLE-00986-T,Kaggle- pomegranate-986,TEMPERATURE,18.9,C,WARNING,COOL — suboptimal for crops,2026-05-20
KAGGLE-00987-M,Kaggle- pomegranate-987,MOISTURE,0.269,VWC,WARNING,DRY — schedule irrigation within 24hrs,2026-05-20
KAGGLE-00987-T,Kaggle- pomegranate-987,TEMPERATURE,18.9,C,WARNING,COOL — suboptimal for crops,2026-05-20
KAGGLE-00987-P,Kaggle- pomegranate-987,PH,6.08,pH,NORMAL,OPTIMAL — ideal for crops,2026-05-20
KAGGLE-00988-M,Kaggle- pomegranate-988,MOISTURE,0.242,VWC,WARNING,DRY — schedule irrigation within 24hrs,2026-05-20
KAGGLE-00988-T,Kaggle- pomegranate-988,TEMPERATURE,22.6,C,NORMAL,OPTIMAL — ideal temperature,2026-05-20
KAGGLE-00988-P,Kaggle- pomegranate-988,PH,6.4,pH,NORMAL,OPTIMAL — ideal for crops,2026-05-20
KAGGLE-00989-M,Kaggle- pomegranate-989,MOISTURE,0.267,VWC,WARNING,DRY — schedule irrigation within 24hrs,2026-05-20
KAGGLE-00989-P,Kaggle- pomegranate-989,PH,5.77,pH,NORMAL,OPTIMAL — ideal for crops,2026-05-20
KAGGLE-00989-T,Kaggle- pomegranate-989,TEMPERATURE,19.4,C,WARNING,COOL — suboptimal for crops,2026-05-20
KAGGLE-00990-T,Kaggle- pomegranate-990,TEMPERATURE,24.4,C,NORMAL,OPTIMAL — ideal temperature,2026-05-20
KAGGLE-00990-M,Kaggle- pomegranate-990,MOISTURE,0.179,VWC,ALERT,CRITICAL DRY — irrigate immediately,2026-05-20
KAGGLE-00992-M,Kaggle- pomegranate-992,MOISTURE,0.282,VWC,WARNING,DRY — schedule irrigation within 24hrs,2026-05-20
KAGGLE-00991-P,Kaggle- pomegranate-991,PH,5.89,pH,NORMAL,OPTIMAL — ideal for crops,2026-05-20
KAGGLE-00991-M,Kaggle- pomegranate-991,MOISTURE,0.195,VWC,ALERT,CRITICAL DRY — irrigate immediately,2026-05-20
KAGGLE-00990-P,Kaggle- pomegranate-990,PH,7.08,pH,WARNING,ALKALINE — nutrient availability reduced,2026-05-20
KAGGLE-00991-T,Kaggle- pomegranate-991,TEMPERATURE,23.8,C,NORMAL,OPTIMAL — ideal temperature,2026-05-20
KAGGLE-00993-P,Kaggle- pomegranate-993,PH,5.78,pH,NORMAL,OPTIMAL — ideal for crops,2026-05-20
KAGGLE-00992-P,Kaggle- pomegranate-992,PH,7.06,pH,WARNING,ALKALINE — nutrient availability reduced,2026-05-20
KAGGLE-00993-M,Kaggle- pomegranate-993,MOISTURE,0.104,VWC,ALERT,CRITICAL DRY — irrigate immediately,2026-05-20
KAGGLE-00993-T,Kaggle- pomegranate-993,TEMPERATURE,24.4,C,NORMAL,OPTIMAL — ideal temperature,2026-05-20
KAGGLE-00992-T,Kaggle- pomegranate-992,TEMPERATURE,22.6,C,NORMAL,OPTIMAL — ideal temperature,2026-05-20
KAGGLE-00995-P,Kaggle- pomegranate-995,PH,5.89,pH,NORMAL,OPTIMAL — ideal for crops,2026-05-20
KAGGLE-00995-T,Kaggle- pomegranate-995,TEMPERATURE,18.1,C,WARNING,COOL — suboptimal for crops,2026-05-20
KAGGLE-00995-M,Kaggle- pomegranate-995,MOISTURE,0.124,VWC,ALERT,CRITICAL DRY — irrigate immediately,2026-05-20
KAGGLE-00994-P,Kaggle- pomegranate-994,PH,6.27,pH,NORMAL,OPTIMAL — ideal for crops,2026-05-20
KAGGLE-00994-T,Kaggle- pomegranate-994,TEMPERATURE,20.9,C,NORMAL,OPTIMAL — ideal temperature,2026-05-20
KAGGLE-00994-M,Kaggle- pomegranate-994,MOISTURE,0.115,VWC,ALERT,CRITICAL DRY — irrigate immediately,2026-05-20
KAGGLE-00997-P,Kaggle- pomegranate-997,PH,6.43,pH,NORMAL,OPTIMAL — ideal for crops,2026-05-20
KAGGLE-00996-P,Kaggle- pomegranate-996,PH,7.12,pH,WARNING,ALKALINE — nutrient availability reduced,2026-05-20
KAGGLE-00997-T,Kaggle- pomegranate-997,TEMPERATURE,19.9,C,WARNING,COOL — suboptimal for crops,2026-05-20
KAGGLE-00997-M,Kaggle- pomegranate-997,MOISTURE,0.207,VWC,WARNING,DRY — schedule irrigation within 24hrs,2026-05-20
KAGGLE-00996-M,Kaggle- pomegranate-996,MOISTURE,0.288,VWC,WARNING,DRY — schedule irrigation within 24hrs,2026-05-20
KAGGLE-00996-T,Kaggle- pomegranate-996,TEMPERATURE,20.0,C,NORMAL,OPTIMAL — ideal temperature,2026-05-20
KAGGLE-00998-T,Kaggle- pomegranate-998,TEMPERATURE,21.3,C,NORMAL,OPTIMAL — ideal temperature,2026-05-20
KAGGLE-00998-P,Kaggle- pomegranate-998,PH,7.16,pH,WARNING,ALKALINE — nutrient availability reduced,2026-05-20
KAGGLE-00998-M,Kaggle- pomegranate-998,MOISTURE,0.245,VWC,WARNING,DRY — schedule irrigation within 24hrs,2026-05-20
KAGGLE-00999-T,Kaggle- pomegranate-999,TEMPERATURE,23.7,C,NORMAL,OPTIMAL — ideal temperature,2026-05-20
KAGGLE-00999-M,Kaggle- pomegranate-999,MOISTURE,0.13,VWC,ALERT,CRITICAL DRY — irrigate immediately,2026-05-20
KAGGLE-00999-P,Kaggle- pomegranate-999,PH,6.43,pH,NORMAL,OPTIMAL — ideal for crops,2026-05-20
KAGGLE-01000-M,Kaggle- pomegranate-1000,MOISTURE,0.285,VWC,WARNING,DRY — schedule irrigation within 24hrs,2026-05-20
KAGGLE-01000-P,Kaggle- pomegranate-1000,PH,6.08,pH,NORMAL,OPTIMAL — ideal for crops,2026-05-20
KAGGLE-01000-T,Kaggle- pomegranate-1000,TEMPERATURE,23.9,C,NORMAL,OPTIMAL — ideal temperature,2026-05-20
